55.860737,-4.244423
55.859022,-4.251706
55.862692,-4.246645
55.858316,-4.243132
55.859096,-4.249170
55.859756,-4.250934
55.860055,-4.249785
55.859437,-4.246249
55.859937,-4.248403
55.859838,-4.250379
55.860190,-4.251231
55.859340,-4.250574
55.859570,-4.247328
55.859395,-4.245608
55.858144,-4.251560
55.859202,-4.251237
55.859719,-4.246521
55.859494,-4.243616
55.859351,-4.242569
55.860415,-4.250253
55.860794,-4.247207
55.859032,-4.242311
55.858866,-4.248453
55.859169,-4.243166
55.858725,-4.243380
55.860259,-4.248965
55.860368,-4.248396
55.860158,-4.248081
55.868735,-4.243478
55.860186,-4.249536
55.862242,-4.246667
55.860810,-4.247319
55.861931,-4.247480
55.860024,-4.247530
55.860794,-4.247207
55.857593,-4.245807
55.858572,-4.245384
55.858682,-4.246254
55.857960,-4.245397
55.857500,-4.244524
55.857716,-4.243993
55.857269,-4.243376
55.860881,-4.247883
55.858030,-4.242589
55.857026,-4.242946
55.858728,-4.245713
55.858728,-4.244690
55.858237,-4.245013
55.857851,-4.242994
55.858013,-4.244010
55.858364,-4.243966
55.857943,-4.243383
55.858592,-4.242781
55.858257,-4.242458
55.858515,-4.242073
55.859082,-4.241067
55.858415,-4.241636
55.859085,-4.240924
55.859432,-4.242574
55.860045,-4.240515
55.859085,-4.240924
55.860772,-4.241532
55.859733,-4.240338
55.859019,-4.240600
55.859565,-4.242198
55.858752,-4.240441
55.859245,-4.241476
55.859765,-4.244015
55.859765,-4.244015
55.860916,-4.245935
55.858708,-4.239911
55.861580,-4.248450
55.861072,-4.247239
55.860726,-4.244070
55.860206,-4.245447
55.860967,-4.244132
55.861245,-4.244692
55.860460,-4.243863
55.860968,-4.246529
55.859007,-4.248142
55.858518,-4.248337
55.857742,-4.248516
55.859602,-4.248001
55.858648,-4.246603
55.858353,-4.247002
55.858448,-4.250187
55.859105,-4.246693
55.858538,-4.250176
55.857861,-4.247868
55.858917,-4.250102
55.858997,-4.249675
55.858744,-4.249741
55.858564,-4.249267
55.859596,-4.248863
55.857984,-4.249010
55.859053,-4.248560
55.859351,-4.248481
55.859147,-4.248326
55.858716,-4.249308
55.861104,-4.243533
55.862731,-4.245497
55.862514,-4.245548
55.861098,-4.242398
55.861245,-4.244692
55.861431,-4.242865
55.861286,-4.246340
55.860776,-4.245240
55.868735,-4.243478
55.861810,-4.249662
55.862453,-4.251330
55.862125,-4.252557
55.862374,-4.252715
55.862194,-4.248294
55.862940,-4.251757
55.861724,-4.253365
55.861686,-4.252995
55.863961,-4.248508
55.863252,-4.248467
55.862048,-4.248430
55.860813,-4.252066
55.860698,-4.252459
55.860807,-4.252912
55.860852,-4.252403
55.860946,-4.253655
55.861279,-4.252636
55.863846,-4.251378
55.863846,-4.251378
55.861283,-4.253419
55.861611,-4.251696
55.860960,-4.254343
55.860592,-4.253827
55.861488,-4.253495
55.860828,-4.253728
55.861666,-4.254065
55.862880,-4.253560
55.862186,-4.253200
55.862425,-4.252894
55.863857,-4.253185
55.861814,-4.254840
55.861119,-4.255008
55.860836,-4.255215
55.860809,-4.255741
55.861044,-4.255659
55.861777,-4.255382
55.860850,-4.254976
55.863370,-4.254275
55.862457,-4.255069
55.862330,-4.254631
55.863926,-4.253860
55.865684,-4.254042
55.864637,-4.254317
55.863926,-4.253860
55.864204,-4.254851
55.863788,-4.254523
55.863362,-4.254706
55.862746,-4.254974
55.862696,-4.247876
55.864209,-4.245774
55.864209,-4.245774
55.864209,-4.245774
55.868735,-4.243478
55.860550,-4.253696
55.860500,-4.252511
55.860500,-4.252511
55.859799,-4.252470
55.859871,-4.252986
55.860097,-4.253878
55.860651,-4.252088
55.860664,-4.251370
55.860710,-4.251325
55.860375,-4.251481
55.859397,-4.252367
55.859639,-4.252397
55.859676,-4.252351
55.859695,-4.252257
55.859634,-4.251694
55.859577,-4.253784
55.859216,-4.251909
55.868735,-4.243478
55.858669,-4.251878
55.858384,-4.252724
55.858637,-4.252643
55.858971,-4.252550
55.860041,-4.253971
55.860149,-4.254456
55.859243,-4.254883
55.859644,-4.254075
55.859426,-4.254223
55.859197,-4.253442
55.859154,-4.254335
55.859383,-4.256074
55.858380,-4.254386
55.858643,-4.254241
55.859563,-4.256068
55.859706,-4.255581
55.859995,-4.255534
55.860122,-4.255461
55.859848,-4.255206
55.860382,-4.256451
55.860310,-4.256000
55.860270,-4.254751
55.860594,-4.255217
55.860700,-4.256278
55.860342,-4.255234
55.860136,-4.256677
55.859565,-4.256452
55.859797,-4.256513
55.859067,-4.256647
55.859147,-4.257163
55.860835,-4.258219
55.860844,-4.257725
55.857060,-4.258735
55.860353,-4.257568
55.860112,-4.257986
55.860295,-4.257293
55.868735,-4.243478
55.857183,-4.255978
55.857277,-4.251797
55.857038,-4.256034
55.856391,-4.255996
55.856109,-4.255708
55.856405,-4.255278
55.857038,-4.256034
55.856272,-4.255622
55.856896,-4.256409
55.857028,-4.256065
55.856857,-4.253147
55.856857,-4.253147
55.857718,-4.255674
55.857455,-4.255818
55.857328,-4.255907
55.856353,-4.254652
55.855648,-4.253876
55.856076,-4.254092
55.855630,-4.252437
55.855421,-4.252057
55.855220,-4.252237
55.855141,-4.252137
55.855768,-4.251278
55.855633,-4.250280
55.855979,-4.251530
55.855353,-4.251382
55.855446,-4.251164
55.856023,-4.255495
55.855566,-4.253967
55.854915,-4.251229
55.854955,-4.250001
55.855379,-4.249914
55.855380,-4.250361
55.856848,-4.253146
55.855311,-4.251204
55.857274,-4.256383
55.857335,-4.256994
55.856445,-4.256990
55.858169,-4.260030
55.857255,-4.260361
55.857553,-4.260250
55.857702,-4.260003
55.857954,-4.259506
55.857349,-4.257697
55.857714,-4.259317
55.857965,-4.257446
55.857224,-4.257626
55.856732,-4.259451
55.856705,-4.259482
55.856901,-4.260036
55.856379,-4.260597
55.856982,-4.249751
55.856977,-4.265713
55.856820,-4.249278
55.854423,-4.250114
55.856646,-4.243068
55.856304,-4.243080
55.855568,-4.240561
55.856464,-4.242179
55.857123,-4.242520
55.856919,-4.242381
55.856438,-4.241666
55.855307,-4.238134
55.856428,-4.241681
55.855717,-4.240266
55.854635,-4.246867
55.855963,-4.239577
55.854635,-4.246867
55.856106,-4.242606
55.855378,-4.245552
55.854885,-4.240538
55.854590,-4.239498
55.853122,-4.239158
55.854775,-4.241155
55.856283,-4.238813
55.856437,-4.238742
55.856224,-4.238090
55.855349,-4.240261
55.855643,-4.239383
55.855417,-4.238012
55.856023,-4.237312
55.854415,-4.240719
55.855655,-4.237754
55.855745,-4.238223
55.855877,-4.238885
55.855859,-4.238884
55.857486,-4.247255
55.857486,-4.247255
55.857486,-4.247255
55.857486,-4.247255
55.857516,-4.248088
55.857430,-4.247396
55.857183,-4.245624
55.857486,-4.247255
55.856940,-4.244188
55.856917,-4.243963
55.856556,-4.244517
55.856599,-4.245159
55.856876,-4.245734
55.856983,-4.246747
55.855346,-4.249800
55.857180,-4.248276
55.855192,-4.249344
55.853648,-4.247800
55.855077,-4.249720
55.854989,-4.249635
55.854666,-4.246166
55.854697,-4.248900
55.854643,-4.249408
55.853699,-4.246973
55.854365,-4.246388
55.854715,-4.246440
55.854048,-4.246545
55.854524,-4.246077
55.855161,-4.245619
55.855582,-4.245244
55.855383,-4.244817
55.854981,-4.245161
55.854470,-4.245563
55.856316,-4.244887
55.856551,-4.246306
55.856276,-4.246099
55.856207,-4.244481
55.856190,-4.243937
55.855994,-4.243318
55.855256,-4.246359
55.855094,-4.240949
55.855317,-4.242001
55.855349,-4.241731
55.855777,-4.243913
55.855371,-4.243506
55.855332,-4.244127
55.855524,-4.242987
55.855164,-4.242503
55.854566,-4.243300
55.854664,-4.242347
55.854498,-4.244063
55.853906,-4.243485
55.854476,-4.245260
55.854309,-4.245522
55.853768,-4.242695
55.853957,-4.241699
55.851867,-4.243943
55.856137,-4.247321
55.855945,-4.246032
55.856705,-4.246715
55.856315,-4.246916
55.856822,-4.246194
55.856189,-4.246429
55.855396,-4.246559
55.856355,-4.247206
55.856146,-4.245356
55.856648,-4.247862
55.857583,-4.248843
55.868735,-4.243478
55.868735,-4.243478
55.868735,-4.243478
55.868735,-4.243478
55.868735,-4.243478
55.868735,-4.243478
55.868735,-4.243478
55.868735,-4.243478
55.868735,-4.243478
55.868735,-4.243478
55.868735,-4.243478
55.868735,-4.243478
55.874894,-4.306979
55.874418,-4.307926
55.874748,-4.310008
55.875885,-4.306382
55.875504,-4.306120
55.875505,-4.306552
55.875733,-4.307780
55.876159,-4.307598
55.875943,-4.309519
55.875312,-4.311080
55.876524,-4.310673
55.876350,-4.306985
55.876626,-4.312405
55.876489,-4.313484
55.876126,-4.313639
55.874706,-4.312243
55.875596,-4.311737
55.875262,-4.312756
55.876019,-4.313121
55.875668,-4.311741
55.874947,-4.308021
55.874189,-4.304795
55.874459,-4.304315
55.871076,-4.310285
55.874103,-4.303191
55.873872,-4.304456
55.874779,-4.305469
55.875203,-4.305878
55.874467,-4.303900
55.874810,-4.306223
55.874020,-4.306639
55.873668,-4.306219
55.873309,-4.306198
55.873018,-4.306388
55.872757,-4.306389
55.872546,-4.306152
55.873566,-4.302568
55.873591,-4.304568
55.873728,-4.304944
55.873353,-4.305321
55.873313,-4.304088
55.873232,-4.302644
55.872950,-4.302803
55.872989,-4.304116
55.873056,-4.305319
55.872738,-4.305508
55.872704,-4.304899
55.872699,-4.303748
55.872680,-4.302867
55.873738,-4.300564
55.873524,-4.299992
55.873097,-4.300734
55.872801,-4.299741
55.872934,-4.299349
55.873246,-4.298073
55.872731,-4.297739
55.872557,-4.298864
55.872186,-4.298506
55.871982,-4.297902
55.873025,-4.297357
55.871825,-4.304815
55.872443,-4.297242
55.873627,-4.296881
55.873345,-4.297104
55.873898,-4.297808
55.874044,-4.300534
55.873568,-4.299083
55.870623,-4.297486
55.870488,-4.297047
55.871430,-4.297582
55.870839,-4.297963
55.870687,-4.298881
55.871146,-4.309874
55.871308,-4.309372
55.873512,-4.309263
55.874204,-4.310711
55.873890,-4.312131
55.872284,-4.310517
55.871226,-4.308504
55.873748,-4.311067
55.871559,-4.310378
55.875597,-4.308827
55.871134,-4.306708
55.871208,-4.305593
55.871702,-4.305175
55.871909,-4.305635
55.872177,-4.305251
55.872143,-4.306576
55.871393,-4.306308
55.871395,-4.305221
55.871155,-4.306038
55.871595,-4.307007
55.871077,-4.307792
55.871999,-4.306120
55.871063,-4.304738
55.871351,-4.303268
55.871348,-4.303907
55.871644,-4.303941
55.871808,-4.304318
55.872616,-4.304366
55.872347,-4.302879
55.872037,-4.303580
55.871649,-4.303206
55.872069,-4.302847
55.872482,-4.302376
55.873026,-4.301641
55.873603,-4.302011
55.872352,-4.304047
55.873678,-4.301408
55.871251,-4.302847
55.871812,-4.302656
55.871958,-4.301098
55.871424,-4.301274
55.871588,-4.300692
55.871208,-4.300350
55.871786,-4.301168
55.870897,-4.300124
55.870795,-4.299351
55.871332,-4.299958
55.871500,-4.299600
55.871365,-4.298665
55.871634,-4.298681
55.871768,-4.299728
55.872036,-4.299776
55.872159,-4.299975
55.872602,-4.299346
55.871857,-4.298295
55.872386,-4.299845
55.872160,-4.297945
55.872413,-4.297880
55.872789,-4.300875
55.870693,-4.301455
55.870567,-4.303877
55.867803,-4.315110
55.870118,-4.304330
55.870272,-4.306161
55.870042,-4.305492
55.870477,-4.305310
55.870640,-4.306215
55.870512,-4.306815
55.870361,-4.296592
55.868353,-4.317892
55.867483,-4.314467
55.867862,-4.315784
55.870602,-4.307715
55.870487,-4.307645
55.870541,-4.308143
55.870614,-4.308547
55.868796,-4.318206
55.868761,-4.318667
55.868251,-4.315664
55.868583,-4.317122
55.867632,-4.313709
55.867895,-4.314508
55.868464,-4.316763
55.868008,-4.316145
55.870539,-4.308719
55.868974,-4.319271
55.868720,-4.319416
55.870283,-4.300807
55.870045,-4.307251
55.869978,-4.310348
55.870236,-4.309068
55.870599,-4.309793
55.869964,-4.310603
55.870315,-4.311055
55.869758,-4.311070
55.869058,-4.319612
55.868823,-4.320141
55.868260,-4.312308
55.869346,-4.310518
55.868720,-4.319416
55.868823,-4.320141
55.869332,-4.311236
55.869246,-4.321030
55.868925,-4.320915
55.868925,-4.320915
55.869678,-4.296631
55.869289,-4.319258
55.868307,-4.304574
55.870602,-4.311584
55.869675,-4.312104
55.868307,-4.304574
55.869201,-4.298106
55.869333,-4.312643
55.869498,-4.312445
55.867875,-4.307937
55.871622,-4.295979
55.870160,-4.321676
55.870634,-4.295953
55.869000,-4.314541
55.869413,-4.322207
55.869413,-4.322207
55.869413,-4.322207
55.869413,-4.322207
55.869413,-4.322207
55.871921,-4.328383
55.869357,-4.313747
55.869296,-4.315534
55.869601,-4.315073
55.871793,-4.327975
55.871608,-4.327309
55.870799,-4.325454
55.870526,-4.316087
55.870432,-4.316801
55.870525,-4.317557
55.870509,-4.319363
55.870502,-4.319746
55.871012,-4.327929
55.871632,-4.326991
55.871874,-4.327037
55.872002,-4.327860
55.870361,-4.296592
55.870258,-4.297801
55.870422,-4.298641
55.870949,-4.295939
55.870604,-4.291779
55.869766,-4.295741
55.869678,-4.296631
55.869466,-4.298825
55.869564,-4.299837
55.869816,-4.299788
55.870200,-4.299428
55.869035,-4.299279
55.870216,-4.299077
55.869487,-4.301048
55.870467,-4.300099
55.869529,-4.300235
55.870011,-4.298505
55.868401,-4.300488
55.869487,-4.301048
55.870097,-4.300173
55.869046,-4.301102
55.869046,-4.301102
55.869200,-4.301047
55.868986,-4.297582
55.869094,-4.306219
55.870273,-4.300854
55.869486,-4.303509
55.870443,-4.302319
55.869094,-4.306219
55.869094,-4.306219
55.869094,-4.306219
55.869094,-4.306219
55.869916,-4.302624
55.869094,-4.306219
55.869094,-4.306219
55.869094,-4.306219
55.870789,-4.319284
55.871000,-4.320975
55.871247,-4.322172
55.870066,-4.303735
55.869094,-4.306219
55.869094,-4.306219
55.870844,-4.315898
55.870827,-4.317304
55.870374,-4.314591
55.870548,-4.313978
55.870878,-4.308851
55.870892,-4.308580
55.870914,-4.310275
55.870971,-4.311542
55.870891,-4.313423
55.870874,-4.313838
55.870915,-4.312146
55.870861,-4.314524
55.870957,-4.305115
55.870945,-4.306233
55.870906,-4.306886
55.870391,-4.312754
55.869787,-4.313821
55.870962,-4.303421
55.870975,-4.304125
55.870373,-4.313696
55.870986,-4.301168
55.870739,-4.299939
55.871437,-4.322136
55.872102,-4.323054
55.872500,-4.323414
55.872323,-4.323739
55.872586,-4.325034
55.872803,-4.324487
55.873152,-4.326458
55.873235,-4.324481
55.873423,-4.325451
55.873674,-4.326457
55.875135,-4.325202
55.872903,-4.325404
55.874961,-4.325847
55.874731,-4.324251
55.874044,-4.323490
55.873835,-4.325508
55.873935,-4.324043
55.878667,-4.324758
55.876140,-4.320562
55.871708,-4.323926
55.876419,-4.320994
55.876425,-4.323041
55.876611,-4.322269
55.875848,-4.325053
55.876139,-4.323935
55.876228,-4.325411
55.876832,-4.321499
55.876874,-4.323547
55.877141,-4.322732
55.877208,-4.322033
55.875708,-4.325812
55.876904,-4.324844
55.876287,-4.326582
55.875329,-4.326844
55.874137,-4.327125
55.882099,-4.322932
55.878542,-4.324239
55.882153,-4.325782
55.880044,-4.325576
55.879919,-4.326527
55.882569,-4.327038
55.882132,-4.324997
55.881324,-4.325892
55.881565,-4.325475
55.880399,-4.324430
55.879853,-4.323837
55.882510,-4.324476
55.880941,-4.325213
55.880286,-4.325158
55.879718,-4.325236
55.879617,-4.324399
55.880176,-4.324304
55.879768,-4.322122
55.879304,-4.322446
55.878973,-4.325208
55.878501,-4.326890
55.878770,-4.325963
55.877958,-4.324715
55.878442,-4.325224
55.873449,-4.315989
55.877237,-4.327166
55.878674,-4.316780
55.879374,-4.317781
55.879767,-4.318364
55.879564,-4.317201
55.879937,-4.316520
55.878513,-4.315763
55.880494,-4.316505
55.881410,-4.320349
55.881771,-4.323648
55.881329,-4.323254
55.880980,-4.320307
55.880432,-4.318356
55.880951,-4.323279
55.880341,-4.321276
55.874293,-4.314137
55.874436,-4.313650
55.880550,-4.320250
55.873566,-4.313103
55.877619,-4.321705
55.877969,-4.322222
55.878392,-4.322183
55.878816,-4.321121
55.879202,-4.320217
55.879859,-4.320656
55.879681,-4.319142
55.879301,-4.319711
55.879291,-4.318815
55.879001,-4.317983
55.878390,-4.318474
55.878775,-4.317586
55.878114,-4.320712
55.878106,-4.321607
55.878578,-4.321363
55.878000,-4.315333
55.875754,-4.317661
55.878780,-4.320192
55.875373,-4.315960
55.875898,-4.315767
55.876878,-4.316178
55.876012,-4.319227
55.876165,-4.319716
55.876865,-4.320701
55.877490,-4.321394
55.877290,-4.321046
55.876547,-4.319483
55.877073,-4.319227
55.877253,-4.318710
55.877602,-4.318315
55.876997,-4.317496
55.877371,-4.317246
55.878284,-4.317444
55.876354,-4.318273
55.878173,-4.316654
55.876791,-4.317020
55.877979,-4.317858
55.874058,-4.327024
55.876119,-4.323103
55.876184,-4.322035
55.876123,-4.320993
55.875291,-4.323149
55.875291,-4.323149
55.875486,-4.321882
55.873401,-4.323292
55.873401,-4.323292
55.872914,-4.321952
55.873720,-4.322096
55.875486,-4.321882
55.873720,-4.322096
55.874626,-4.322678
55.872914,-4.321952
55.875232,-4.317199
55.874596,-4.317576
55.874983,-4.317535
55.873856,-4.317756
55.873639,-4.318271
55.873854,-4.318811
55.874146,-4.320939
55.874440,-4.320620
55.874663,-4.318811
55.873441,-4.317827
55.875317,-4.318898
55.874602,-4.319655
55.874284,-4.318884
55.874379,-4.318123
55.874803,-4.320450
55.875182,-4.317963
55.875353,-4.318421
55.875538,-4.319583
55.875539,-4.319998
55.875703,-4.320840
55.875440,-4.320952
55.876871,-4.314690
55.875510,-4.314417
55.875987,-4.314829
55.874975,-4.314178
55.875148,-4.315003
55.873417,-4.314820
55.873097,-4.315585
55.872996,-4.316634
55.872996,-4.316634
55.873108,-4.317839
55.872702,-4.317943
55.872736,-4.319480
55.873105,-4.319422
55.873428,-4.319009
55.873356,-4.317550
55.873574,-4.316956
55.874069,-4.317401
55.873602,-4.316430
55.871217,-4.313283
55.871193,-4.311667
55.872209,-4.312159
55.872644,-4.313847
55.873680,-4.314676
55.872744,-4.315228
55.872026,-4.315185
55.872022,-4.313986
55.871739,-4.314177
55.871523,-4.315171
55.871130,-4.315515
55.872527,-4.314799
55.871458,-4.314320
55.871163,-4.314702
55.871092,-4.315145
55.870913,-4.320330
55.871189,-4.321465
55.871660,-4.321733
55.872386,-4.321345
55.871278,-4.320544
55.871782,-4.318096
55.871392,-4.321158
55.871655,-4.321014
55.871550,-4.320400
55.871168,-4.319242
55.871448,-4.319147
55.871501,-4.320125
55.872907,-4.320433
55.873540,-4.320710
55.873760,-4.320004
55.871204,-4.316351
55.871177,-4.316829
55.871548,-4.315732
55.871792,-4.315667
55.871851,-4.316342
55.872214,-4.315724
55.872146,-4.316903
55.871877,-4.316871
55.871747,-4.317103
55.871302,-4.317348
55.872445,-4.317736
55.871086,-4.317351
55.875681,-4.317705
55.875681,-4.317705
55.875681,-4.317705
55.875681,-4.317705
55.875681,-4.317705
55.875681,-4.317705
55.875681,-4.317705
55.875681,-4.317705
55.886582,-4.316820
55.887226,-4.318873
55.887226,-4.318873
55.887226,-4.318873
55.881575,-4.298661
55.887741,-4.320167
55.887741,-4.320167
55.887483,-4.321447
55.886486,-4.321451
55.889363,-4.320904
55.887741,-4.320167
55.886527,-4.322125
55.887938,-4.321170
55.886543,-4.322670
55.888157,-4.320975
55.889248,-4.315059
55.890726,-4.319146
55.888976,-4.321376
55.888728,-4.319778
55.888245,-4.318198
55.887295,-4.312337
55.887291,-4.315886
55.886909,-4.314264
55.886318,-4.313190
55.886126,-4.311883
55.886809,-4.311924
55.887738,-4.313626
55.887473,-4.314842
55.888247,-4.315240
55.887960,-4.316182
55.887615,-4.316833
55.886531,-4.312835
55.888185,-4.316164
55.887903,-4.316818
55.888474,-4.317060
55.889008,-4.316373
55.889313,-4.314504
55.889268,-4.316884
55.889513,-4.317234
55.890604,-4.317059
55.891231,-4.316185
55.890550,-4.316576
55.890061,-4.316275
55.888899,-4.314063
55.889295,-4.302060
55.891277,-4.316636
55.889526,-4.301227
55.889398,-4.316172
55.890970,-4.315738
55.888277,-4.301201
55.890316,-4.315651
55.891144,-4.315108
55.890452,-4.315083
55.891101,-4.314514
55.891667,-4.313588
55.892048,-4.312411
55.892451,-4.310084
55.892138,-4.309522
55.891644,-4.312419
55.890438,-4.314395
55.890138,-4.314105
55.889866,-4.313737
55.891632,-4.310627
55.891999,-4.310745
55.891774,-4.309324
55.891404,-4.310326
55.891269,-4.312269
55.888745,-4.315525
55.891469,-4.319302
55.890695,-4.320343
55.892617,-4.318491
55.891025,-4.318092
55.889348,-4.318824
55.889918,-4.317674
55.891084,-4.301543
55.890347,-4.306793
55.890356,-4.305354
55.890974,-4.305982
55.891563,-4.307137
55.892430,-4.307412
55.891694,-4.307832
55.891880,-4.305588
55.891626,-4.305237
55.890920,-4.305467
55.890589,-4.302985
55.892178,-4.306949
55.889352,-4.303775
55.889734,-4.304022
55.889988,-4.303877
55.890423,-4.304670
55.890961,-4.304238
55.889676,-4.304706
55.889160,-4.304467
55.889510,-4.305895
55.890146,-4.306029
55.889232,-4.306343
55.888740,-4.305258
55.888815,-4.304639
55.888576,-4.303953
55.891404,-4.303177
55.886803,-4.305527
55.888161,-4.305016
55.888438,-4.304616
55.888465,-4.305578
55.889130,-4.307008
55.888630,-4.307283
55.886514,-4.303191
55.889735,-4.306836
55.890355,-4.308281
55.890073,-4.307544
55.890708,-4.307662
55.891179,-4.307034
55.891116,-4.309909
55.890563,-4.310116
55.890540,-4.308979
55.890150,-4.310603
55.889854,-4.310586
55.889293,-4.308361
55.889461,-4.310450
55.889968,-4.308817
55.888649,-4.300055
55.888986,-4.299340
55.885981,-4.308149
55.887417,-4.308714
55.888272,-4.311995
55.888313,-4.310782
55.887199,-4.307405
55.886197,-4.306227
55.887036,-4.306516
55.888520,-4.307900
55.889478,-4.311939
55.890185,-4.313036
55.886100,-4.323763
55.888250,-4.302190
55.884482,-4.308060
55.884750,-4.309099
55.888690,-4.310788
55.884050,-4.306611
55.883257,-4.304357
55.883407,-4.303055
55.883939,-4.304414
55.884781,-4.306942
55.885455,-4.307910
55.884883,-4.304390
55.884946,-4.305337
55.884241,-4.303664
55.883971,-4.299331
55.883676,-4.298770
55.884153,-4.301596
55.884925,-4.303593
55.885315,-4.304847
55.884425,-4.302907
55.884543,-4.297094
55.884121,-4.299979
55.884706,-4.300382
55.885957,-4.305573
55.885152,-4.302519
55.885675,-4.301430
55.885177,-4.299242
55.885641,-4.298454
55.885947,-4.298904
55.886092,-4.298385
55.885842,-4.297299
55.886429,-4.298133
55.886072,-4.300383
55.886591,-4.301501
55.886816,-4.300522
55.887118,-4.300221
55.886627,-4.299568
55.887702,-4.303102
55.890035,-4.302376
55.887865,-4.300633
55.887549,-4.300742
55.887448,-4.303742
55.887799,-4.299365
55.882517,-4.300188
55.881199,-4.297136
55.881099,-4.298185
55.881885,-4.296025
55.882372,-4.301235
55.882584,-4.301391
55.882757,-4.300810
55.881628,-4.299672
55.883023,-4.299546
55.883043,-4.300411
55.882848,-4.296882
55.885510,-4.295376
55.883589,-4.298141
55.883670,-4.301520
55.882925,-4.297126
55.883509,-4.296617
55.883660,-4.295763
55.882079,-4.296677
55.881671,-4.297852
55.881972,-4.296190
55.882463,-4.295852
55.883422,-4.293142
55.883400,-4.290934
55.882439,-4.293772
55.882829,-4.295010
55.884579,-4.292763
55.877868,-4.291184
55.878272,-4.292167
55.878698,-4.293423
55.879090,-4.294581
55.879585,-4.295986
55.879907,-4.297012
55.880325,-4.295326
55.880788,-4.296520
55.880407,-4.294307
55.881001,-4.296197
55.881390,-4.295565
55.880027,-4.294445
55.881708,-4.294896
55.881720,-4.294257
55.882301,-4.292516
55.882149,-4.293403
55.880860,-4.294574
55.882133,-4.294281
55.883085,-4.291411
55.878151,-4.289506
55.880547,-4.298856
55.881822,-4.303217
55.881278,-4.301074
55.881910,-4.302838
55.882036,-4.303326
55.882470,-4.304598
55.883978,-4.313323
55.882846,-4.305676
55.883100,-4.306475
55.883571,-4.319215
55.883999,-4.311293
55.882658,-4.315690
55.885683,-4.313936
55.884816,-4.315115
55.884526,-4.316697
55.885525,-4.315206
55.885001,-4.324385
55.884911,-4.316304
55.885311,-4.317480
55.885372,-4.316156
55.886044,-4.316740
55.886765,-4.318078
55.886025,-4.319169
55.885090,-4.318234
55.885065,-4.322422
55.885463,-4.322750
55.883217,-4.312718
55.885264,-4.319955
55.883978,-4.313323
55.883937,-4.316934
55.876056,-4.291956
55.876237,-4.291871
55.876180,-4.291580
55.875563,-4.290936
55.875714,-4.291473
55.875598,-4.291945
55.875687,-4.292478
55.876339,-4.292213
55.876643,-4.291815
55.875461,-4.293008
55.877404,-4.290533
55.877498,-4.290283
55.877397,-4.291364
55.876101,-4.292407
55.875299,-4.292567
55.878319,-4.285279
55.877266,-4.290685
55.876970,-4.289660
55.876715,-4.289869
55.877083,-4.288947
55.877112,-4.288357
55.875965,-4.289137
55.875372,-4.289598
55.875561,-4.290073
55.876557,-4.288724
55.876317,-4.289510
55.876178,-4.290205
55.876446,-4.290301
55.878113,-4.287665
55.877604,-4.287987
55.877906,-4.287669
55.877068,-4.284438
55.877752,-4.286796
55.877994,-4.288265
55.877422,-4.283739
55.877340,-4.282855
55.877179,-4.282318
55.876341,-4.282924
55.877430,-4.285754
55.876364,-4.283629
55.876562,-4.284584
55.876943,-4.285837
55.877087,-4.285334
55.877213,-4.286765
55.877729,-4.288522
55.877896,-4.285302
55.874910,-4.290738
55.875903,-4.282771
55.875927,-4.282468
55.875743,-4.281722
55.876942,-4.280530
55.876512,-4.281943
55.875420,-4.281208
55.877306,-4.281302
55.876295,-4.280556
55.874589,-4.291086
55.875410,-4.280760
55.875839,-4.279426
55.874895,-4.280905
55.875262,-4.281982
55.875541,-4.282909
55.874584,-4.281191
55.876286,-4.285367
55.875938,-4.285267
55.875473,-4.285623
55.875448,-4.285046
55.875839,-4.284270
55.875319,-4.284239
55.875366,-4.283619
55.874807,-4.283746
55.874704,-4.281997
55.874739,-4.281551
55.874221,-4.282384
55.875093,-4.284786
55.875182,-4.282872
55.875426,-4.286228
55.875155,-4.281944
55.874570,-4.283923
55.874139,-4.287271
55.873847,-4.287030
55.873794,-4.287475
55.873033,-4.286791
55.874778,-4.286238
55.874445,-4.285323
55.874091,-4.284551
55.873817,-4.284759
55.873335,-4.285066
55.873131,-4.285901
55.872658,-4.286225
55.872598,-4.285582
55.872283,-4.286539
55.872474,-4.284999
55.873109,-4.284653
55.873270,-4.284215
55.873677,-4.284095
55.873317,-4.284617
55.873971,-4.283712
55.874200,-4.283023
55.873672,-4.283407
55.872434,-4.284246
55.871999,-4.283932
55.872311,-4.283583
55.872222,-4.283050
55.871986,-4.282717
55.872288,-4.282415
55.872818,-4.283405
55.872526,-4.282157
55.872787,-4.282636
55.873033,-4.282938
55.872753,-4.282058
55.873128,-4.283151
55.873652,-4.282495
55.873692,-4.282769
55.873899,-4.282301
55.873444,-4.282115
55.876131,-4.286014
55.876145,-4.286686
55.875772,-4.285976
55.875656,-4.286385
55.873829,-4.294718
55.874864,-4.286962
55.875617,-4.287070
55.874925,-4.287557
55.874016,-4.287616
55.874187,-4.288089
55.873291,-4.288900
55.873160,-4.288221
55.872980,-4.290144
55.872760,-4.289428
55.873587,-4.290852
55.873747,-4.291405
55.877098,-4.291986
55.871746,-4.288345
55.873405,-4.291944
55.877377,-4.289060
55.877039,-4.287905
55.876928,-4.287595
55.876675,-4.286685
55.876533,-4.286597
55.876721,-4.287119
55.876126,-4.288203
55.875269,-4.288824
55.876394,-4.287308
55.875573,-4.287963
55.874765,-4.288395
55.876454,-4.287935
55.874328,-4.288242
55.874224,-4.289450
55.873749,-4.289886
55.875046,-4.289739
55.875006,-4.288473
55.874618,-4.290001
55.875255,-4.290582
55.874682,-4.291412
55.877032,-4.288305
55.876610,-4.287289
55.875767,-4.287175
55.875366,-4.293306
55.874745,-4.293334
55.874752,-4.293926
55.874173,-4.293668
55.872547,-4.292645
55.872428,-4.281672
55.873078,-4.294994
55.873228,-4.295658
55.873643,-4.295075
55.875933,-4.293260
55.874381,-4.295007
55.873793,-4.295691
55.873124,-4.296403
55.875831,-4.293430
55.875355,-4.293881
55.874969,-4.294354
55.876483,-4.292653
55.877893,-4.292224
55.877688,-4.292148
55.877054,-4.291951
55.877874,-4.292783
55.877357,-4.292529
55.877516,-4.293193
55.877387,-4.291923
55.877133,-4.293491
55.877529,-4.294905
55.876603,-4.293443
55.877068,-4.293135
55.876888,-4.294100
55.878249,-4.293876
55.878667,-4.295084
55.877579,-4.294636
55.877832,-4.295514
55.877090,-4.294799
55.877329,-4.295517
55.877318,-4.296571
55.876641,-4.296707
55.876352,-4.295859
55.875960,-4.295660
55.875549,-4.295060
55.876260,-4.293535
55.876611,-4.306521
55.876309,-4.294785
55.875865,-4.294023
55.876112,-4.294725
55.875907,-4.295145
55.875694,-4.294493
55.875214,-4.294688
55.875157,-4.295324
55.875572,-4.296244
55.876196,-4.297000
55.876608,-4.298032
55.876098,-4.297906
55.876607,-4.299487
55.876275,-4.299963
55.875158,-4.300584
55.875570,-4.299681
55.875962,-4.298441
55.875256,-4.304011
55.876523,-4.300153
55.875320,-4.298164
55.874598,-4.296394
55.874507,-4.296965
55.874431,-4.297152
55.874763,-4.297651
55.874970,-4.298111
55.874568,-4.298471
55.874921,-4.298859
55.874723,-4.300287
55.874802,-4.300899
55.874864,-4.302357
55.874738,-4.303804
55.875026,-4.299457
55.875148,-4.304980
55.875712,-4.304118
55.875943,-4.303300
55.874512,-4.301985
55.875632,-4.302610
55.879283,-4.313027
55.878758,-4.313236
55.875577,-4.301248
55.875910,-4.300724
55.876197,-4.300773
55.875103,-4.303506
55.876065,-4.299662
55.880184,-4.299043
55.876210,-4.301494
55.876277,-4.302713
55.876959,-4.303281
55.876143,-4.303680
55.876246,-4.304853
55.876683,-4.305550
55.875982,-4.305541
55.876749,-4.304435
55.876336,-4.306329
55.876765,-4.305939
55.877809,-4.305857
55.878099,-4.305746
55.878551,-4.305613
55.877708,-4.305963
55.877313,-4.305971
55.877544,-4.298919
55.877044,-4.302598
55.877227,-4.303344
55.877208,-4.304382
55.877116,-4.305448
55.876997,-4.301268
55.877621,-4.302472
55.878429,-4.301545
55.877141,-4.305066
55.878123,-4.300648
55.879051,-4.300958
55.879269,-4.301339
55.879736,-4.300375
55.879943,-4.299396
55.879322,-4.298480
55.878458,-4.297630
55.878869,-4.298246
55.878226,-4.298943
55.877000,-4.297719
55.879660,-4.298708
55.877614,-4.298043
55.877774,-4.296710
55.877890,-4.296237
55.877149,-4.298384
55.878824,-4.297284
55.879453,-4.296298
55.879504,-4.297436
55.879128,-4.296406
55.878439,-4.302009
55.878273,-4.305069
55.879102,-4.304015
55.878085,-4.304115
55.877527,-4.304114
55.878099,-4.303348
55.878865,-4.303250
55.879278,-4.303258
55.878448,-4.302489
55.879278,-4.302299
55.879858,-4.302989
55.879743,-4.301927
55.879962,-4.300788
55.879743,-4.301927
55.879983,-4.302085
55.880187,-4.299810
55.880282,-4.300504
55.880296,-4.302183
55.878176,-4.297805
55.877652,-4.306567
55.878305,-4.308205
55.879020,-4.307416
55.879607,-4.307275
55.879784,-4.306470
55.878510,-4.306346
55.879453,-4.306418
55.879033,-4.306761
55.878883,-4.306113
55.879139,-4.304945
55.879807,-4.304265
55.879783,-4.303624
55.877214,-4.306957
55.876859,-4.307175
55.876984,-4.308158
55.878299,-4.309483
55.879056,-4.309336
55.879358,-4.308571
55.877858,-4.308546
55.877809,-4.309230
55.877318,-4.308098
55.877880,-4.307828
55.877785,-4.307166
55.876821,-4.312081
55.877138,-4.311956
55.877463,-4.311880
55.877859,-4.312303
55.878253,-4.312854
55.877024,-4.309887
55.878596,-4.312778
55.878857,-4.312746
55.879292,-4.312564
55.877935,-4.313027
55.879159,-4.311501
55.878779,-4.312134
55.878445,-4.312226
55.878092,-4.312333
55.877424,-4.312517
55.876855,-4.312659
55.876934,-4.313239
55.877385,-4.313122
55.879339,-4.310568
55.879354,-4.311193
55.879816,-4.310996
55.880062,-4.309844
55.880430,-4.309898
55.880426,-4.311033
55.879827,-4.310389
55.880157,-4.311960
55.879654,-4.312458
55.879923,-4.311498
55.879421,-4.311916
55.877951,-4.309798
55.878183,-4.310356
55.877731,-4.310521
55.877629,-4.310659
55.878026,-4.311050
55.877472,-4.309450
55.878415,-4.310913
55.878051,-4.311643
55.878527,-4.310248
55.878985,-4.310244
55.877684,-4.311093
55.879351,-4.309914
55.879795,-4.309716
55.880270,-4.308833
55.880181,-4.308300
55.879809,-4.308502
55.879635,-4.309163
55.879336,-4.309273
55.881467,-4.306841
55.880946,-4.300111
55.881559,-4.305296
55.881654,-4.304502
55.879709,-4.305682
55.880423,-4.304509
55.881170,-4.303962
55.881715,-4.303674
55.881298,-4.302402
55.880901,-4.300572
55.880858,-4.301433
55.881619,-4.302086
55.881293,-4.303170
55.880930,-4.303372
55.882488,-4.304600
55.882147,-4.309376
55.882445,-4.310273
55.881934,-4.305398
55.880412,-4.303677
55.881282,-4.306143
55.882167,-4.306419
55.882978,-4.306755
55.880684,-4.307371
55.881027,-4.310173
55.880668,-4.311559
55.874778,-4.295398
55.874307,-4.295594
55.874641,-4.296013
55.873993,-4.296071
55.874108,-4.297149
55.880193,-4.313385
55.878781,-4.294771
55.892716,-4.328493
55.894224,-4.327640
55.894820,-4.328891
55.894741,-4.329718
55.894216,-4.329462
55.894327,-4.330269
55.894975,-4.330660
55.895762,-4.330899
55.892856,-4.329621
55.893540,-4.330526
55.895244,-4.332131
55.897200,-4.333256
55.897767,-4.332715
55.897942,-4.328742
55.896905,-4.332215
55.896523,-4.331520
55.897024,-4.331134
55.896820,-4.330530
55.898956,-4.327363
55.897494,-4.331514
55.896787,-4.326577
55.897794,-4.328013
55.898932,-4.328146
55.898540,-4.327034
55.896965,-4.329035
55.892403,-4.325067
55.892949,-4.325628
55.896965,-4.330027
55.900231,-4.328879
55.893645,-4.327797
55.895520,-4.324198
55.894041,-4.327293
55.896356,-4.327991
55.893473,-4.326955
55.893499,-4.325565
55.893903,-4.325573
55.893962,-4.324841
55.893546,-4.324048
55.893953,-4.324376
55.894140,-4.324931
55.893964,-4.318555
55.895147,-4.328734
55.893560,-4.324689
55.895751,-4.328147
55.894899,-4.326592
55.895135,-4.327470
55.895317,-4.327305
55.896142,-4.328858
55.893180,-4.324378
55.895824,-4.325704
55.894307,-4.324638
55.896833,-4.327460
55.894456,-4.323879
55.894184,-4.324054
55.895678,-4.320113
55.895836,-4.320762
55.894631,-4.322274
55.894349,-4.323361
55.895650,-4.329228
55.890301,-4.324542
55.898989,-4.330356
55.894017,-4.326668
55.898366,-4.329103
55.895892,-4.326412
55.883249,-4.334322
55.886151,-4.336271
55.884588,-4.340031
55.885139,-4.343182
55.885303,-4.342121
55.885380,-4.339487
55.885878,-4.339293
55.895177,-4.321875
55.894949,-4.321125
55.885391,-4.343629
55.885665,-4.341535
55.896151,-4.322652
55.891856,-4.342532
55.891691,-4.340811
55.891503,-4.343134
55.889326,-4.341820
55.891100,-4.340695
55.890535,-4.342068
55.890527,-4.340085
55.890169,-4.342414
55.889433,-4.340467
55.890589,-4.343447
55.890130,-4.324564
55.890218,-4.324665
55.889931,-4.324120
55.889336,-4.322325
55.888891,-4.322555
55.889013,-4.322754
55.888891,-4.322555
55.889712,-4.323371
55.889456,-4.322636
55.890055,-4.323744
55.890584,-4.324303
55.890630,-4.324226
55.892264,-4.321940
55.892659,-4.322460
55.895018,-4.326967
55.892896,-4.322250
55.892616,-4.320922
55.892856,-4.320568
55.893225,-4.322957
55.893918,-4.321431
55.893873,-4.321941
55.893893,-4.316600
55.894330,-4.321536
55.894411,-4.320085
55.894934,-4.319989
55.893734,-4.320749
55.893112,-4.323686
55.892963,-4.321566
55.893319,-4.321268
55.893506,-4.323310
55.890563,-4.324925
55.890977,-4.324886
55.890977,-4.324886
55.895085,-4.323436
55.896097,-4.323625
55.889336,-4.323733
55.889592,-4.324452
55.889118,-4.324839
55.889659,-4.324759
55.888803,-4.324356
55.888971,-4.323551
55.888456,-4.323248
55.887818,-4.324202
55.888361,-4.324922
55.887550,-4.325049
55.887042,-4.324363
55.886714,-4.324599
55.886082,-4.324753
55.885910,-4.324791
55.886089,-4.325329
55.884783,-4.325459
55.887009,-4.325161
55.883899,-4.325630
55.885292,-4.325154
55.883374,-4.324895
55.884267,-4.326116
55.885348,-4.325989
55.888046,-4.325926
55.887126,-4.327486
55.883034,-4.330024
55.883647,-4.326591
55.883552,-4.327832
55.883450,-4.328961
55.883425,-4.330719
55.883878,-4.331961
55.884607,-4.330965
55.884109,-4.329273
55.894324,-4.326142
55.884799,-4.328882
55.884159,-4.328044
55.884823,-4.327636
55.884883,-4.326377
55.894495,-4.327064
55.885190,-4.327722
55.885113,-4.329413
55.885923,-4.329813
55.884200,-4.326816
55.885869,-4.329810
55.887232,-4.343708
55.885796,-4.330349
55.886480,-4.345454
55.896718,-4.321647
55.896484,-4.322145
55.897312,-4.322578
55.889933,-4.332564
55.889315,-4.331056
55.889079,-4.332129
55.888294,-4.333713
55.887908,-4.334138
55.887546,-4.333333
55.887327,-4.333991
55.886907,-4.334318
55.887190,-4.335022
55.886152,-4.334816
55.886483,-4.333924
55.886324,-4.328558
55.886761,-4.331606
55.886486,-4.330918
55.885643,-4.331331
55.886305,-4.332442
55.885465,-4.332616
55.884884,-4.333908
55.886251,-4.329097
55.886185,-4.327846
55.897694,-4.323273
55.885701,-4.326825
55.884622,-4.332997
55.884706,-4.340886
55.884761,-4.341337
55.884861,-4.331812
55.884677,-4.349983
55.885104,-4.350184
55.885355,-4.350248
55.884989,-4.330732
55.884533,-4.348567
55.883379,-4.344515
55.882456,-4.338240
55.884617,-4.349339
55.884477,-4.347236
55.883617,-4.341923
55.883703,-4.339770
55.884851,-4.345100
55.885260,-4.345764
55.886915,-4.341482
55.886865,-4.342695
55.885107,-4.350968
55.887170,-4.338012
55.885263,-4.352225
55.885260,-4.352848
55.885716,-4.351549
55.890102,-4.334573
55.890301,-4.328348
55.890330,-4.330109
55.890183,-4.332659
55.889713,-4.334246
55.888272,-4.335327
55.887693,-4.336012
55.887688,-4.338155
55.887990,-4.338349
55.889195,-4.334039
55.889239,-4.338360
55.889190,-4.338597
55.888778,-4.338492
55.885846,-4.349941
55.886307,-4.348370
55.885897,-4.347738
55.886165,-4.346874
55.885608,-4.346409
55.884887,-4.346957
55.887480,-4.345770
55.891118,-4.326478
55.891488,-4.325940
55.892127,-4.326362
55.887421,-4.342728
55.892618,-4.326984
55.892532,-4.327730
55.890828,-4.325149
55.891824,-4.326664
55.899739,-4.347214
55.901272,-4.351178
55.902154,-4.351104
55.902313,-4.351737
55.902113,-4.352317
55.901504,-4.353160
55.901809,-4.354107
55.902325,-4.352954
55.903117,-4.352426
55.901977,-4.353301
55.904323,-4.341988
55.903846,-4.350502
55.905065,-4.346432
55.903881,-4.338761
55.905210,-4.347817
55.905280,-4.345517
55.892397,-4.333432
55.892515,-4.333375
55.892671,-4.333192
55.891096,-4.330507
55.899258,-4.343682
55.900356,-4.344068
55.901682,-4.345700
55.902229,-4.346709
55.902148,-4.347632
55.903080,-4.347784
55.903512,-4.347746
55.903501,-4.346450
55.903088,-4.345017
55.904389,-4.343224
55.903249,-4.346931
55.902004,-4.345287
55.901449,-4.344246
55.902132,-4.344271
55.896102,-4.340932
55.895366,-4.339896
55.896054,-4.338722
55.895388,-4.339210
55.896139,-4.339447
55.896442,-4.338633
55.897713,-4.340773
55.897508,-4.341161
55.899210,-4.342415
55.895893,-4.338184
55.899495,-4.341601
55.899816,-4.342692
55.899421,-4.343148
55.898413,-4.342287
55.898926,-4.341262
55.896164,-4.341880
55.897033,-4.341580
55.896969,-4.344008
55.897646,-4.343857
55.897436,-4.344468
55.897940,-4.344466
55.898660,-4.343934
55.899261,-4.344466
55.900316,-4.347089
55.904061,-4.343492
55.904095,-4.345494
55.904478,-4.345165
55.904151,-4.348681
55.899363,-4.345688
55.903786,-4.346115
55.903386,-4.345435
55.903336,-4.342840
55.903700,-4.343534
55.904501,-4.347742
55.903637,-4.341690
55.900995,-4.341163
55.901044,-4.339534
55.901415,-4.338933
55.901039,-4.337422
55.901420,-4.338197
55.901741,-4.338344
55.902274,-4.338696
55.902010,-4.338377
55.901985,-4.337319
55.902926,-4.337936
55.902598,-4.338668
55.903267,-4.339364
55.903465,-4.339824
55.901770,-4.337770
55.902653,-4.340031
55.902044,-4.339914
55.901774,-4.339434
55.901798,-4.340556
55.903259,-4.338388
55.901779,-4.341066
55.903409,-4.340413
55.890406,-4.330833
55.903010,-4.341541
55.902701,-4.342226
55.901895,-4.341601
55.900203,-4.341691
55.900352,-4.343348
55.901274,-4.342572
55.901909,-4.343234
55.903031,-4.343270
55.901109,-4.343714
55.899579,-4.335287
55.900591,-4.334516
55.899242,-4.335059
55.898540,-4.332745
55.899901,-4.331083
55.899001,-4.333556
55.898650,-4.333551
55.899646,-4.332251
55.899913,-4.332859
55.900083,-4.333334
55.899351,-4.334521
55.900628,-4.335430
55.901653,-4.335428
55.901430,-4.334838
55.900853,-4.333972
55.900128,-4.334296
55.900872,-4.332485
55.901496,-4.332763
55.902730,-4.334532
55.901546,-4.333917
55.902481,-4.334885
55.902630,-4.335566
55.903310,-4.336631
55.903141,-4.337005
55.903378,-4.335931
55.902254,-4.333080
55.901281,-4.330846
55.902722,-4.333044
55.903785,-4.336244
55.895203,-4.339503
55.895602,-4.337879
55.896536,-4.337919
55.897799,-4.339099
55.897694,-4.338485
55.898759,-4.339685
55.896426,-4.337081
55.897594,-4.339471
55.897832,-4.340221
55.899982,-4.341054
55.899964,-4.340557
55.898907,-4.338990
55.899245,-4.339154
55.899471,-4.338640
55.899916,-4.338395
55.900313,-4.339698
55.900601,-4.337796
55.899799,-4.337412
55.900281,-4.336673
55.899425,-4.337229
55.899806,-4.336564
55.901799,-4.336684
55.901162,-4.336166
55.900542,-4.336625
55.897734,-4.337799
55.896610,-4.336420
55.896061,-4.335971
55.894117,-4.335662
55.894867,-4.339194
55.894719,-4.338002
55.894329,-4.337259
55.894529,-4.335719
55.894789,-4.335287
55.894412,-4.338559
55.895229,-4.335777
55.895192,-4.336303
55.894957,-4.337296
55.895371,-4.337273
55.895760,-4.335745
55.895241,-4.335138
55.895597,-4.334376
55.894536,-4.333896
55.892432,-4.330187
55.893198,-4.332456
55.891421,-4.327584
55.891170,-4.334638
55.891679,-4.333405
55.892185,-4.334203
55.890476,-4.333348
55.891385,-4.331836
55.891311,-4.331943
55.890608,-4.333932
55.890816,-4.328203
55.891967,-4.332398
55.891330,-4.329513
55.890420,-4.332034
55.890635,-4.331583
55.890644,-4.332527
55.890576,-4.337529
55.891974,-4.339628
55.890576,-4.339432
55.892963,-4.340103
55.893775,-4.340376
55.893844,-4.341036
55.889861,-4.338733
55.892951,-4.340710
55.899380,-4.348120
55.897623,-4.345999
55.895738,-4.343981
55.893811,-4.338971
55.893525,-4.336059
55.892973,-4.333866
55.893067,-4.336031
55.893191,-4.337094
55.893373,-4.338865
55.892829,-4.336257
55.892021,-4.335265
55.892255,-4.337150
55.892715,-4.338457
55.888325,-4.354265
55.887975,-4.357986
55.887509,-4.360245
55.888415,-4.364090
55.887904,-4.364011
55.888579,-4.365843
55.888781,-4.365152
55.889201,-4.363866
55.888526,-4.362993
55.889972,-4.361610
55.888417,-4.366297
55.889391,-4.362854
55.890349,-4.363536
55.891179,-4.361939
55.889868,-4.359077
55.889025,-4.362272
55.890784,-4.360524
55.890522,-4.358253
55.890129,-4.357173
55.889326,-4.357828
55.889146,-4.356922
55.893204,-4.349603
55.889316,-4.368159
55.888344,-4.350428
55.889374,-4.348747
55.889935,-4.349933
55.888832,-4.350746
55.888276,-4.352103
55.888795,-4.352215
55.888514,-4.351398
55.889302,-4.350614
55.888641,-4.354188
55.889000,-4.354194
55.889007,-4.356162
55.889345,-4.354007
55.889837,-4.353685
55.889863,-4.356549
55.890371,-4.354901
55.890470,-4.353484
55.891013,-4.354204
55.889954,-4.352269
55.889877,-4.351561
55.890671,-4.351417
55.891170,-4.352119
55.890648,-4.352151
55.891956,-4.357508
55.891351,-4.356752
55.891357,-4.357840
55.890808,-4.356447
55.887384,-4.357375
55.887384,-4.357375
55.886856,-4.359598
55.886856,-4.359598
55.886856,-4.359598
55.887214,-4.361075
55.887384,-4.357375
55.887214,-4.361075
55.888045,-4.361365
55.887214,-4.361075
55.888035,-4.359045
55.888204,-4.360079
55.888572,-4.361077
55.888875,-4.359800
55.889316,-4.360690
55.889145,-4.359321
55.888614,-4.357449
55.889436,-4.359146
55.889893,-4.361045
55.900023,-4.353502
55.888523,-4.361714
55.899587,-4.354692
55.898259,-4.357395
55.898854,-4.355431
55.897698,-4.358528
55.898157,-4.360860
55.897806,-4.360406
55.898291,-4.359492
55.897478,-4.359715
55.897314,-4.356042
55.897075,-4.357291
55.897364,-4.358124
55.897009,-4.356519
55.896744,-4.357655
55.896375,-4.355809
55.896918,-4.355170
55.897925,-4.356527
55.898040,-4.355238
55.898925,-4.353116
55.896110,-4.356497
55.898260,-4.353588
55.897724,-4.354819
55.898658,-4.354412
55.896786,-4.354538
55.895725,-4.356409
55.896214,-4.357623
55.896070,-4.359085
55.896619,-4.360910
55.894790,-4.347987
55.895884,-4.362193
55.895037,-4.348706
55.894575,-4.349350
55.895309,-4.349058
55.896645,-4.347795
55.895775,-4.347711
55.896101,-4.347123
55.897086,-4.345854
55.896626,-4.345475
55.895562,-4.344723
55.895390,-4.345256
55.895954,-4.346330
55.895185,-4.345660
55.895519,-4.346975
55.894393,-4.347595
55.893947,-4.346481
55.894435,-4.345838
55.894658,-4.343133
55.894957,-4.346766
55.894377,-4.341836
55.893683,-4.342402
55.893291,-4.344570
55.892943,-4.344469
55.894540,-4.344581
55.893326,-4.342285
55.892587,-4.344255
55.891818,-4.349231
55.891818,-4.349231
55.891818,-4.349231
55.891447,-4.350808
55.891447,-4.350808
55.892049,-4.350301
55.892049,-4.350301
55.892596,-4.349902
55.891447,-4.350808
55.892596,-4.349902
55.892596,-4.349902
55.892049,-4.350301
55.890765,-4.349791
55.890372,-4.348264
55.890848,-4.346373
55.890724,-4.344863
55.890238,-4.345873
55.890444,-4.343998
55.890523,-4.349265
55.891427,-4.345257
55.892171,-4.342519
55.892426,-4.342790
55.892787,-4.347418
55.890155,-4.344540
55.892104,-4.346977
55.891809,-4.348319
55.891775,-4.346765
55.891436,-4.346665
55.891071,-4.349746
55.886884,-4.358176
55.886923,-4.350934
55.886453,-4.351561
55.886297,-4.350305
55.887143,-4.352131
55.886403,-4.352742
55.886849,-4.356239
55.886562,-4.358076
55.886751,-4.353850
55.886558,-4.354510
55.885868,-4.353941
55.886302,-4.354782
55.887191,-4.354309
55.886164,-4.356357
55.886802,-4.357275
55.887681,-4.355953
55.887681,-4.355953
55.887681,-4.355953
55.887533,-4.352890
55.887533,-4.352890
55.887533,-4.352890
55.891482,-4.361638
55.891658,-4.363216
55.890835,-4.364445
55.891810,-4.363737
55.892368,-4.364634
55.892117,-4.365083
55.890428,-4.364117
55.891338,-4.365867
55.890296,-4.366284
55.891258,-4.365335
55.891005,-4.364951
55.889953,-4.366359
55.895237,-4.364553
55.891974,-4.361300
55.892292,-4.361111
55.892577,-4.360777
55.893333,-4.361670
55.894053,-4.362530
55.893802,-4.362978
55.892662,-4.362413
55.892589,-4.363400
55.893817,-4.363619
55.894306,-4.364321
55.893511,-4.364560
55.893298,-4.363955
55.892960,-4.364687
55.896005,-4.363848
55.896118,-4.363103
55.894136,-4.361959
55.892118,-4.358909
55.896494,-4.362246
55.891753,-4.359239
55.891052,-4.358253
55.892707,-4.360097
55.896588,-4.348880
55.897477,-4.349397
55.897561,-4.347819
55.898192,-4.347281
55.898018,-4.349302
55.896935,-4.348133
55.897365,-4.347295
55.898993,-4.348625
55.899030,-4.349491
55.898328,-4.349577
55.898973,-4.350591
55.897209,-4.346518
55.899636,-4.350264
55.897848,-4.350235
55.897868,-4.363706
55.897146,-4.359183
55.889191,-4.343251
55.889221,-4.346387
55.888574,-4.344509
55.888547,-4.346874
55.889462,-4.344131
55.889651,-4.346461
55.889868,-4.345946
55.887914,-4.346596
55.887451,-4.350150
55.886977,-4.348618
55.887189,-4.347864
55.886977,-4.349530
55.896859,-4.360093
55.887715,-4.348567
55.897431,-4.360736
55.897698,-4.362287
55.897427,-4.363279
55.893260,-4.368719
55.892824,-4.367557
55.892386,-4.368394
55.892148,-4.369531
55.891413,-4.368943
55.891092,-4.368347
55.890380,-4.368944
55.890745,-4.370517
55.893601,-4.369700
55.892944,-4.370172
55.890851,-4.371052
55.890966,-4.369283
55.891349,-4.371322
55.891809,-4.371702
55.891009,-4.372181
55.891746,-4.372658
55.892373,-4.369977
55.892860,-4.371734
55.892466,-4.371214
55.893176,-4.371241
55.893655,-4.370599
55.893498,-4.371277
55.892650,-4.372393
55.893889,-4.371509
55.893080,-4.372915
55.891360,-4.373578
55.890042,-4.373385
55.889449,-4.370598
55.892513,-4.372512
55.893261,-4.371950
55.892385,-4.372617
55.892164,-4.372891
55.892147,-4.371466
55.890439,-4.374737
55.894158,-4.372469
55.893587,-4.373698
55.891670,-4.376140
55.890938,-4.376351
55.891000,-4.375459
55.891425,-4.375325
55.891222,-4.374657
55.891948,-4.378971
55.892888,-4.375414
55.893095,-4.378210
55.890628,-4.376108
55.892867,-4.379284
55.890463,-4.383231
55.891044,-4.384322
55.891438,-4.384858
55.891549,-4.384225
55.893521,-4.378956
55.893592,-4.379920
55.892546,-4.382863
55.892159,-4.382007
55.890854,-4.382055
55.891106,-4.382518
55.892156,-4.381239
55.893152,-4.367353
55.893628,-4.368774
55.894140,-4.370644
55.894758,-4.376808
55.894794,-4.374027
55.894321,-4.374318
55.894629,-4.379264
55.894354,-4.379583
55.895161,-4.377345
55.895168,-4.379297
55.893312,-4.380910
55.893664,-4.376182
55.894066,-4.381900
55.893686,-4.382485
55.893772,-4.383178
55.894700,-4.381635
55.894340,-4.380302
55.895751,-4.378884
55.894871,-4.382110
55.896280,-4.381268
55.895759,-4.380788
55.896309,-4.380726
55.896042,-4.380582
55.895662,-4.380223
55.896477,-4.377585
55.896112,-4.376491
55.896561,-4.379302
55.893278,-4.382204
55.893262,-4.382571
55.896802,-4.378469
55.895209,-4.374405
55.893843,-4.366452
55.893709,-4.367339
55.894411,-4.369621
55.895510,-4.373239
55.896633,-4.376027
55.897010,-4.377490
55.897049,-4.374965
55.897440,-4.375693
55.898029,-4.376832
55.897936,-4.376075
55.897075,-4.375942
55.898321,-4.375667
55.899555,-4.375038
55.899047,-4.374863
55.898699,-4.376106
55.898377,-4.378373
55.898651,-4.378134
55.899411,-4.376933
55.899678,-4.378005
55.898900,-4.379189
55.898232,-4.379340
55.897985,-4.378621
55.897788,-4.380017
55.896746,-4.379953
55.897395,-4.377993
55.895981,-4.371621
55.896430,-4.372112
55.896137,-4.372862
55.896125,-4.373965
55.896524,-4.373765
55.897853,-4.371031
55.898638,-4.369927
55.898022,-4.369730
55.897854,-4.367704
55.897472,-4.364673
55.897583,-4.369655
55.897627,-4.370201
55.897071,-4.365928
55.896713,-4.365827
55.897112,-4.370298
55.897510,-4.367395
55.895602,-4.367519
55.895088,-4.369919
55.894993,-4.368793
55.896348,-4.365197
55.896697,-4.363858
55.896137,-4.364448
55.895122,-4.367713
55.896214,-4.367940
55.896577,-4.368682
55.896628,-4.369293
55.895213,-4.366263
55.892559,-4.365910
55.892012,-4.366324
55.890973,-4.367077
55.890371,-4.367504
55.889792,-4.369148
55.890049,-4.370251
55.890180,-4.370899
55.890544,-4.372552
55.890402,-4.373391
55.890056,-4.372218
55.890248,-4.368296
55.891124,-4.367630
55.891835,-4.368505
55.892099,-4.366937
55.889723,-4.370391
55.892672,-4.366572
55.893375,-4.365543
55.894173,-4.367048
55.894457,-4.367225
55.894123,-4.365925
55.894874,-4.365667
55.894416,-4.365143
55.898476,-4.362943
55.898829,-4.366563
55.898733,-4.369213
55.899275,-4.369070
55.898392,-4.369208
55.898496,-4.368463
55.898249,-4.367744
55.898371,-4.367015
55.898142,-4.365386
55.898130,-4.364585
55.898618,-4.367734
55.898182,-4.363309
55.886297,-4.350305
55.886297,-4.350305
55.886297,-4.350305
55.886297,-4.350305
55.886297,-4.350305
55.886297,-4.350305
55.886297,-4.350305
55.886297,-4.350305
55.876257,-4.345205
55.875946,-4.345011
55.876003,-4.345782
55.875746,-4.344631
55.874961,-4.346198
55.876987,-4.353995
55.876987,-4.353995
55.875373,-4.353817
55.875570,-4.347274
55.876152,-4.348349
55.876515,-4.349106
55.876903,-4.346667
55.877174,-4.347515
55.876533,-4.346741
55.876754,-4.347410
55.877011,-4.348081
55.876724,-4.346161
55.875276,-4.346649
55.888341,-4.382381
55.876364,-4.346619
55.879439,-4.356941
55.878527,-4.353384
55.889131,-4.385644
55.879948,-4.354749
55.876459,-4.345889
55.880412,-4.355369
55.880992,-4.357003
55.881083,-4.357888
55.879282,-4.352918
55.873722,-4.344269
55.881572,-4.359565
55.881283,-4.359675
55.880770,-4.357837
55.880009,-4.355776
55.888376,-4.385646
55.879172,-4.353487
55.878488,-4.351671
55.877844,-4.350113
55.877435,-4.347962
55.877671,-4.348776
55.878007,-4.349564
55.878658,-4.351218
55.877059,-4.348387
55.888599,-4.386667
55.877401,-4.357265
55.885421,-4.362245
55.885252,-4.363594
55.885007,-4.365082
55.885886,-4.367055
55.885524,-4.367208
55.884208,-4.364602
55.886559,-4.369430
55.887042,-4.369124
55.886788,-4.368277
55.886254,-4.366645
55.885583,-4.364589
55.884195,-4.363849
55.886391,-4.364175
55.887216,-4.367999
55.886358,-4.363101
55.887133,-4.365787
55.886740,-4.366115
55.887492,-4.365809
55.886573,-4.362667
55.886361,-4.361998
55.872230,-4.335771
55.872279,-4.336029
55.872154,-4.335526
55.889195,-4.389310
55.875948,-4.355259
55.885883,-4.369581
55.885303,-4.368426
55.884753,-4.368009
55.883191,-4.365611
55.884661,-4.368611
55.885043,-4.370681
55.884604,-4.369679
55.884302,-4.369037
55.884631,-4.370640
55.883994,-4.369162
55.883523,-4.367982
55.882982,-4.366670
55.882870,-4.365448
55.886297,-4.350305
55.885575,-4.371561
55.885789,-4.372550
55.886305,-4.373781
55.886526,-4.373954
55.887614,-4.376259
55.887637,-4.376932
55.887878,-4.377507
55.888178,-4.377765
55.888443,-4.378021
55.885411,-4.370288
55.889456,-4.376740
55.889276,-4.375849
55.888887,-4.374562
55.888340,-4.374065
55.888666,-4.378099
55.888002,-4.375739
55.886275,-4.372547
55.887676,-4.373992
55.888071,-4.376783
55.887942,-4.370906
55.887736,-4.380185
55.886517,-4.377200
55.886330,-4.378084
55.885369,-4.375722
55.885744,-4.377248
55.888405,-4.380466
55.885903,-4.375515
55.887029,-4.376304
55.887407,-4.377206
55.887700,-4.377864
55.887339,-4.379777
55.889151,-4.381391
55.887852,-4.378369
55.888039,-4.382618
55.887872,-4.383392
55.889349,-4.382747
55.889550,-4.383031
55.889255,-4.383445
55.889748,-4.383507
55.890324,-4.386229
55.890299,-4.384292
55.889815,-4.385622
55.889847,-4.383017
55.891032,-4.385393
55.890097,-4.382633
55.889032,-4.387029
55.890216,-4.381600
55.889701,-4.381745
55.889998,-4.380803
55.889887,-4.379549
55.889687,-4.380129
55.888325,-4.378558
55.871541,-4.335585
55.870470,-4.335217
55.870675,-4.333903
55.871370,-4.334696
55.871725,-4.336332
55.872782,-4.333662
55.872515,-4.337338
55.872459,-4.334585
55.872377,-4.336547
55.872459,-4.334569
55.872621,-4.332709
55.871966,-4.334524
55.871190,-4.331392
55.871334,-4.332312
55.871836,-4.331399
55.871823,-4.332101
55.871951,-4.333436
55.871951,-4.333436
55.870641,-4.331855
55.873986,-4.343166
55.875495,-4.346982
55.875829,-4.343597
55.875516,-4.343994
55.875175,-4.343941
55.875507,-4.343018
55.875165,-4.343509
55.873370,-4.340107
55.874031,-4.339828
55.873130,-4.336176
55.872524,-4.338714
55.872961,-4.338420
55.873191,-4.338178
55.873836,-4.339224
55.873467,-4.337811
55.873477,-4.336357
55.875983,-4.343990
55.875670,-4.344403
55.873647,-4.338749
55.882451,-4.364335
55.882467,-4.362129
55.882219,-4.361938
55.881843,-4.360908
55.881259,-4.364630
55.882049,-4.361416
55.885525,-4.356846
55.885617,-4.357683
55.886269,-4.361145
55.885191,-4.358793
55.884572,-4.359651
55.883168,-4.362572
55.883996,-4.361567
55.884993,-4.361643
55.884351,-4.362292
55.883890,-4.362887
55.883304,-4.363475
55.883261,-4.365232
55.884655,-4.362854
55.882804,-4.364229
55.882814,-4.364629
55.886208,-4.359654
55.883977,-4.351332
55.883833,-4.351787
55.884286,-4.353973
55.884781,-4.354386
55.883677,-4.353840
55.883715,-4.352803
55.883733,-4.355138
55.883404,-4.355454
55.883095,-4.355627
55.883077,-4.354203
55.882141,-4.352851
55.882760,-4.352441
55.882196,-4.355141
55.881797,-4.353918
55.881887,-4.354867
55.881449,-4.354249
55.882494,-4.352729
55.879485,-4.351220
55.882463,-4.348698
55.882930,-4.345416
55.883215,-4.346984
55.883494,-4.348360
55.882809,-4.347071
55.882723,-4.348729
55.882463,-4.347306
55.881943,-4.347243
55.882730,-4.349817
55.883385,-4.349857
55.883275,-4.350458
55.881726,-4.346367
55.882718,-4.350888
55.881626,-4.350646
55.881126,-4.351399
55.881840,-4.351218
55.881459,-4.351883
55.880256,-4.352258
55.880762,-4.353983
55.880092,-4.352839
55.881306,-4.353281
55.881558,-4.352336
55.881005,-4.350240
55.880160,-4.350717
55.879245,-4.350598
55.878842,-4.349614
55.878353,-4.348369
55.882735,-4.359875
55.878622,-4.347474
55.879170,-4.347475
55.878902,-4.348339
55.879882,-4.348334
55.879590,-4.349963
55.880138,-4.349964
55.880511,-4.348819
55.879887,-4.347119
55.879598,-4.346254
55.880047,-4.346281
55.881014,-4.349314
55.880789,-4.346006
55.880545,-4.345112
55.881013,-4.345092
55.881186,-4.347325
55.880462,-4.347601
55.879242,-4.339917
55.876517,-4.342871
55.875976,-4.342471
55.881383,-4.346442
55.877454,-4.346029
55.877909,-4.347176
55.878451,-4.347032
55.882489,-4.359093
55.880483,-4.351184
55.880557,-4.352036
55.881144,-4.352823
55.880946,-4.351916
55.881440,-4.348636
55.881292,-4.347907
55.881826,-4.348675
55.881784,-4.349904
55.878691,-4.346199
55.877915,-4.345881
55.881212,-4.338884
55.877962,-4.344365
55.877320,-4.344134
55.878042,-4.342051
55.878348,-4.342997
55.878673,-4.343832
55.878452,-4.344618
55.878920,-4.344582
55.878894,-4.342183
55.879144,-4.341302
55.879470,-4.342137
55.880130,-4.343792
55.879896,-4.344769
55.880393,-4.344639
55.879426,-4.343478
55.880633,-4.343838
55.880174,-4.342436
55.879722,-4.341161
55.882199,-4.329990
55.882107,-4.329169
55.881852,-4.331712
55.881435,-4.332822
55.880690,-4.331818
55.882235,-4.331415
55.881527,-4.330813
55.881081,-4.330642
55.881642,-4.329988
55.881806,-4.329358
55.880575,-4.333138
55.881044,-4.327362
55.880692,-4.328412
55.880085,-4.327241
55.879523,-4.327959
55.879435,-4.327362
55.879597,-4.328778
55.879968,-4.329616
55.879992,-4.328834
55.879774,-4.330372
55.880287,-4.330818
55.879953,-4.331838
55.880333,-4.332628
55.880442,-4.330204
55.878919,-4.338027
55.879413,-4.332349
55.878849,-4.332219
55.878807,-4.333480
55.879184,-4.331168
55.878094,-4.330783
55.878137,-4.329011
55.878666,-4.330050
55.878888,-4.330623
55.878542,-4.329003
55.878397,-4.327635
55.877350,-4.327845
55.876825,-4.328980
55.877394,-4.329334
55.877677,-4.330982
55.876327,-4.328231
55.876678,-4.327740
55.875793,-4.340781
55.876125,-4.341744
55.878348,-4.333548
55.876981,-4.341124
55.877329,-4.339882
55.878474,-4.338736
55.878721,-4.337088
55.879206,-4.335694
55.879769,-4.337263
55.881446,-4.336020
55.879788,-4.333443
55.878831,-4.336007
55.880887,-4.335171
55.879985,-4.335357
55.875278,-4.340910
55.875253,-4.340812
55.875504,-4.339868
55.875000,-4.339902
55.875236,-4.338861
55.874732,-4.338878
55.875094,-4.338293
55.874431,-4.337693
55.873751,-4.335159
55.874047,-4.336183
55.873826,-4.334524
55.874395,-4.336300
55.874440,-4.335344
55.874545,-4.337396
55.875397,-4.337464
55.875927,-4.339398
55.875028,-4.337042
55.874961,-4.335807
55.874710,-4.334848
55.874360,-4.333421
55.874014,-4.331274
55.873544,-4.330478
55.873177,-4.330360
55.873260,-4.330765
55.873408,-4.331477
55.873340,-4.331761
55.873950,-4.332757
55.872769,-4.328194
55.873521,-4.332139
55.873410,-4.333284
55.883495,-4.357267
55.883495,-4.357267
55.883495,-4.357267
55.884182,-4.357516
55.884182,-4.357516
55.884182,-4.357516
55.882777,-4.357671
55.882777,-4.357671
55.882777,-4.357671
55.882785,-4.360534
55.883124,-4.360682
55.883799,-4.358740
55.883799,-4.358740
55.883799,-4.358740
55.883221,-4.359329
55.873542,-4.335785
55.872153,-4.328445
55.872728,-4.329886
55.872923,-4.330953
55.873064,-4.331616
55.873995,-4.337475
55.872473,-4.328640
55.874458,-4.339150
55.874609,-4.339686
55.874493,-4.340591
55.874860,-4.340661
55.875784,-4.343146
55.880224,-4.354430
55.879634,-4.352828
55.878906,-4.350945
55.877974,-4.348459
55.877271,-4.346657
55.878368,-4.349474
55.877075,-4.346134
55.876690,-4.345104
55.876241,-4.344117
55.877556,-4.347314
55.882210,-4.360962
55.881855,-4.359358
55.881376,-4.357602
55.881647,-4.357075
55.880907,-4.354887
55.881303,-4.354847
55.882165,-4.356307
55.882153,-4.358353
55.881949,-4.356789
55.884863,-4.358101
55.883885,-4.360792
55.907445,-4.355488
55.907736,-4.353410
55.908430,-4.351436
55.908570,-4.352084
55.908727,-4.351902
55.909172,-4.353529
55.908787,-4.357666
55.907698,-4.358704
55.907382,-4.359708
55.907043,-4.361464
55.908997,-4.355150
55.907449,-4.363233
55.907570,-4.361624
55.906931,-4.358881
55.907302,-4.358712
55.904286,-4.372560
55.906084,-4.359422
55.903529,-4.372641
55.901039,-4.360555
55.906054,-4.357740
55.906210,-4.355701
55.906721,-4.356196
55.906960,-4.357347
55.906568,-4.357611
55.908051,-4.358101
55.908566,-4.356100
55.908185,-4.355325
55.908075,-4.356374
55.907765,-4.357556
55.907423,-4.356623
55.906860,-4.355069
55.907157,-4.354095
55.908185,-4.351085
55.907899,-4.354284
55.907376,-4.352028
55.907096,-4.351163
55.907656,-4.352445
55.906707,-4.351283
55.906730,-4.352901
55.906095,-4.355134
55.903878,-4.354040
55.901221,-4.362310
55.901558,-4.362506
55.902333,-4.362889
55.903114,-4.359161
55.902792,-4.360517
55.902162,-4.361951
55.901884,-4.360510
55.902232,-4.360675
55.902341,-4.359178
55.901987,-4.359349
55.901347,-4.359022
55.901952,-4.358371
55.901215,-4.356966
55.901067,-4.359085
55.902860,-4.358346
55.903327,-4.356534
55.904120,-4.355015
55.903583,-4.356726
55.904598,-4.356787
55.904302,-4.355826
55.904608,-4.355780
55.903730,-4.352815
55.904773,-4.356110
55.904711,-4.351819
55.905384,-4.349987
55.905744,-4.349465
55.905833,-4.350943
55.905281,-4.351149
55.905584,-4.351759
55.905603,-4.352657
55.905363,-4.352946
55.904887,-4.352501
55.899946,-4.363624
55.899845,-4.362802
55.899845,-4.362802
55.899526,-4.361135
55.899960,-4.361513
55.899960,-4.361513
55.900182,-4.358823
55.900093,-4.360178
55.900093,-4.360178
55.900182,-4.358823
55.900191,-4.358824
55.900191,-4.358824
55.899518,-4.358751
55.899577,-4.359442
55.899198,-4.357644
55.898900,-4.359609
55.899029,-4.361745
55.899206,-4.363307
55.899425,-4.362233
55.906826,-4.364331
55.906197,-4.362468
55.905805,-4.358509
55.904991,-4.360219
55.905033,-4.361294
55.905119,-4.361939
55.905955,-4.362902
55.905600,-4.363600
55.903085,-4.364903
55.902587,-4.364617
55.901446,-4.364131
55.900963,-4.362614
55.904050,-4.363826
55.902391,-4.363629
55.903452,-4.362653
55.901814,-4.363706
55.903388,-4.363641
55.900571,-4.364286
55.904245,-4.362542
55.903776,-4.363585
55.903980,-4.360430
55.904204,-4.361403
55.904321,-4.359059
55.904166,-4.357289
55.904021,-4.357824
55.903416,-4.359851
55.903626,-4.360584
55.900515,-4.372809
55.905121,-4.371203
55.906780,-4.372328
55.904979,-4.376682
55.905275,-4.372556
55.902842,-4.376583
55.904411,-4.370247
55.904610,-4.369268
55.901132,-4.372495
55.900840,-4.370877
55.900955,-4.369604
55.905073,-4.369024
55.901585,-4.369531
55.901608,-4.368828
55.901960,-4.370594
55.902595,-4.369369
55.901548,-4.370521
55.902721,-4.368864
55.902610,-4.370905
55.901908,-4.371422
55.902226,-4.371698
55.902628,-4.370427
55.903445,-4.370012
55.904502,-4.367421
55.903511,-4.368481
55.904247,-4.367134
55.903556,-4.367507
55.902693,-4.366607
55.902478,-4.367010
55.902119,-4.367948
55.903735,-4.366654
55.903261,-4.367921
55.903674,-4.366059
55.902502,-4.368115
55.903109,-4.365544
55.902095,-4.365451
55.901361,-4.367182
55.901379,-4.366239
55.905651,-4.364195
55.901039,-4.365194
55.900782,-4.362219
55.900522,-4.366379
55.901546,-4.367817
55.900594,-4.368271
55.899885,-4.367732
55.899919,-4.363638
55.899795,-4.365870
55.899445,-4.365385
55.915006,-4.372655
55.913882,-4.372218
55.913094,-4.365993
55.913043,-4.366790
55.915782,-4.372542
55.915385,-4.371669
55.915091,-4.372004
55.916703,-4.368581
55.913446,-4.368719
55.913334,-4.369448
55.913692,-4.369038
55.916997,-4.371048
55.916333,-4.372352
55.914795,-4.369649
55.915640,-4.373814
55.915091,-4.368723
55.911746,-4.371591
55.912881,-4.371949
55.913173,-4.371230
55.912950,-4.370721
55.912139,-4.368031
55.913033,-4.370134
55.912318,-4.371338
55.913508,-4.364594
55.910807,-4.366717
55.910807,-4.366717
55.911129,-4.367729
55.911129,-4.367729
55.915615,-4.366242
55.915143,-4.354275
55.914923,-4.355014
55.914313,-4.354000
55.916891,-4.363919
55.916876,-4.360029
55.917121,-4.362253
55.915693,-4.355124
55.916384,-4.354750
55.916619,-4.353740
55.915084,-4.355984
55.913519,-4.357937
55.913269,-4.356882
55.913796,-4.355185
55.916165,-4.352064
55.915191,-4.351813
55.913906,-4.350839
55.912350,-4.371996
55.914134,-4.356758
55.912307,-4.350326
55.913004,-4.349616
55.911574,-4.350106
55.911249,-4.350646
55.911694,-4.350865
55.912542,-4.350725
55.912083,-4.351209
55.911475,-4.352020
55.912968,-4.359472
55.911643,-4.352638
55.912804,-4.358630
55.911621,-4.353789
55.912151,-4.359438
55.911587,-4.360252
55.912155,-4.358766
55.911971,-4.357107
55.912333,-4.355545
55.912390,-4.356348
55.913100,-4.354471
55.912780,-4.354244
55.912798,-4.351924
55.912490,-4.352530
55.912292,-4.352518
55.911940,-4.352144
55.912566,-4.353719
55.912843,-4.352823
55.912093,-4.354922
55.912683,-4.354638
55.912095,-4.356714
55.912265,-4.353956
55.910999,-4.352903
55.911332,-4.358524
55.911814,-4.357785
55.911083,-4.356045
55.911116,-4.355247
55.910510,-4.351722
55.910396,-4.353923
55.910450,-4.356279
55.910184,-4.359831
55.911024,-4.353977
55.909776,-4.361422
55.910805,-4.357420
55.910374,-4.362083
55.912080,-4.360778
55.912302,-4.359975
55.913009,-4.360162
55.913964,-4.367022
55.910867,-4.359344
55.910695,-4.359910
55.911587,-4.361196
55.910191,-4.361335
55.911197,-4.358996
55.910773,-4.358618
55.910701,-4.372215
55.911242,-4.365592
55.911942,-4.364690
55.910226,-4.371210
55.910934,-4.371302
55.911459,-4.371110
55.913212,-4.373441
55.912937,-4.374192
55.913741,-4.374914
55.914151,-4.374155
55.914628,-4.375976
55.914781,-4.373633
55.916373,-4.365152
55.916452,-4.365701
55.918604,-4.365064
55.918840,-4.365847
55.918660,-4.363051
55.917683,-4.365264
55.918331,-4.362887
55.918156,-4.364509
55.917936,-4.362879
55.917379,-4.362829
55.917624,-4.362267
55.917501,-4.361652
55.918192,-4.362142
55.910842,-4.378417
55.910504,-4.381020
55.910922,-4.383574
55.911675,-4.384101
55.911530,-4.382811
55.914158,-4.384461
55.910303,-4.379312
55.914986,-4.384400
55.914594,-4.382823
55.914331,-4.382935
55.914362,-4.381369
55.910919,-4.379510
55.911708,-4.378678
55.910490,-4.383580
55.911239,-4.380633
55.910163,-4.383784
55.912725,-4.384197
55.910029,-4.387408
55.911952,-4.381445
55.913107,-4.381180
55.913515,-4.378196
55.912292,-4.377801
55.912574,-4.381787
55.912301,-4.382891
55.912907,-4.382704
55.910310,-4.385921
55.910719,-4.386602
55.912688,-4.382866
55.912152,-4.379921
55.912864,-4.380285
55.912984,-4.379188
55.914303,-4.378853
55.914789,-4.378338
55.913180,-4.382545
55.914400,-4.377530
55.914985,-4.379807
55.913940,-4.378062
55.914186,-4.376989
55.913997,-4.379314
55.915461,-4.379820
55.913644,-4.376652
55.914099,-4.375912
55.915845,-4.382740
55.915320,-4.380627
55.915747,-4.380862
55.916319,-4.380097
55.916652,-4.378645
55.917161,-4.380676
55.916756,-4.380700
55.916432,-4.381656
55.916461,-4.379721
55.916541,-4.381166
55.918816,-4.379209
55.917782,-4.379274
55.918261,-4.375862
55.918340,-4.374555
55.918621,-4.375356
55.918088,-4.377820
55.918551,-4.377577
55.917838,-4.376365
55.917124,-4.377489
55.917400,-4.376674
55.917736,-4.375142
55.917100,-4.379200
55.917591,-4.377502
55.916769,-4.378188
55.916426,-4.379191
55.908954,-4.375645
55.917458,-4.379254
55.908094,-4.385721
55.910269,-4.375485
55.910447,-4.373256
55.910278,-4.373150
55.910851,-4.372817
55.910141,-4.372357
55.909667,-4.372232
55.909245,-4.374063
55.908071,-4.374359
55.907814,-4.378823
55.907717,-4.381073
55.907739,-4.383171
55.907708,-4.384737
55.908335,-4.385351
55.908242,-4.383650
55.908199,-4.381695
55.908200,-4.379759
55.908589,-4.379639
55.908593,-4.383607
55.909155,-4.383370
55.908861,-4.378615
55.908543,-4.381540
55.909076,-4.380469
55.908886,-4.374521
55.915761,-4.377326
55.912242,-4.375718
55.912638,-4.375710
55.913227,-4.375458
55.915311,-4.376450
55.912089,-4.377101
55.916682,-4.377558
55.916972,-4.376520
55.917447,-4.374724
55.916097,-4.378082
55.917153,-4.367584
55.917722,-4.366979
55.917989,-4.366627
55.918284,-4.366261
55.908769,-4.369393
55.907643,-4.365324
55.906197,-4.365284
55.905684,-4.364853
55.907542,-4.370118
55.906161,-4.368082
55.908314,-4.369222
55.860531,-4.249812
55.862805,-4.255169
55.860531,-4.249812
55.862517,-4.251781
55.861611,-4.251696
55.862095,-4.253227
55.862359,-4.254009
55.862070,-4.252650
55.862145,-4.252942
55.861829,-4.250590
55.868735,-4.243478
55.860586,-4.250742
55.861548,-4.251709
55.861672,-4.249335
55.861548,-4.251709
55.863656,-4.253860
55.863858,-4.255119
55.863340,-4.253443
55.863532,-4.255228
55.863340,-4.253954
55.862058,-4.256724
55.862872,-4.256468
55.863287,-4.256380
55.861799,-4.256166
55.862846,-4.255907
55.864023,-4.255448
55.863470,-4.255671
55.862041,-4.255669
55.862356,-4.255191
55.862458,-4.256012
55.862022,-4.254757
55.862407,-4.255802
55.862041,-4.255669
55.862105,-4.256120
55.861698,-4.254290
55.862041,-4.255669
55.861723,-4.254420
55.863095,-4.255074
55.868735,-4.243478
55.862929,-4.256791
55.862966,-4.257192
55.863091,-4.258223
55.863145,-4.258689
55.863691,-4.256883
55.863691,-4.256883
55.863633,-4.256576
55.863693,-4.256260
55.863185,-4.258963
55.868735,-4.243478
55.863872,-4.257788
55.864254,-4.258498
55.864252,-4.258130
55.862643,-4.257174
55.862228,-4.257230
55.862322,-4.258497
55.862436,-4.259143
55.862552,-4.260157
55.862583,-4.260926
55.862852,-4.259008
55.862997,-4.260406
55.863009,-4.260263
55.863591,-4.258875
55.863308,-4.257164
55.863215,-4.256376
55.863678,-4.259999
55.863262,-4.259655
55.863363,-4.260076
55.863348,-4.259868
55.863423,-4.261166
55.863996,-4.259362
55.862171,-4.257913
55.862923,-4.257574
55.863059,-4.257533
55.863067,-4.257550
55.863648,-4.257280
55.863783,-4.257224
55.864379,-4.257067
55.863067,-4.258045
55.862296,-4.258464
55.863654,-4.257888
55.863878,-4.259419
55.863925,-4.258814
55.863227,-4.259125
55.864384,-4.258777
55.864972,-4.254160
55.864176,-4.253970
55.864626,-4.254875
55.864980,-4.255184
55.864227,-4.254597
55.865435,-4.254906
55.866088,-4.255520
55.865244,-4.256462
55.865298,-4.254994
55.865291,-4.257359
55.865808,-4.257581
55.864411,-4.256813
55.864801,-4.256628
55.865236,-4.257884
55.865408,-4.259811
55.865082,-4.259441
55.865442,-4.262323
55.865435,-4.261235
55.865398,-4.261329
55.864862,-4.259636
55.864577,-4.258069
55.864926,-4.261078
55.865098,-4.262494
55.864358,-4.253342
55.865990,-4.258918
55.865316,-4.263834
55.865680,-4.266971
55.865472,-4.265569
55.866052,-4.266769
55.866281,-4.268029
55.866281,-4.268029
55.866048,-4.265538
55.865259,-4.253186
55.865259,-4.253186
55.865952,-4.269289
55.866265,-4.268875
55.866439,-4.270196
55.865443,-4.251998
55.864644,-4.251936
55.864616,-4.252973
55.864994,-4.257358
55.866350,-4.256925
55.866263,-4.256297
55.868735,-4.243478
55.865213,-4.269901
55.864318,-4.257942
55.864006,-4.262735
55.865027,-4.265335
55.865027,-4.265335
55.865027,-4.265335
55.863860,-4.266242
55.863860,-4.266242
55.863860,-4.266242
55.863860,-4.266242
55.863860,-4.266242
55.862979,-4.263825
55.863430,-4.264235
55.863861,-4.264740
55.864237,-4.264346
55.865340,-4.264970
55.865249,-4.264501
55.863930,-4.261947
55.864899,-4.261588
55.865052,-4.262060
55.865090,-4.269222
55.864363,-4.263347
55.862581,-4.264458
55.862951,-4.264351
55.865570,-4.267588
55.862860,-4.264426
55.863058,-4.264389
55.864979,-4.263590
55.864725,-4.262696
55.862937,-4.263184
55.864452,-4.262904
55.864943,-4.264052
55.864550,-4.263901
55.865204,-4.264035
55.864977,-4.267074
55.864983,-4.268721
55.865358,-4.267880
55.868735,-4.243478
55.865464,-4.268941
55.865063,-4.265817
55.864364,-4.263762
55.868735,-4.243478
55.863073,-4.264598
55.863544,-4.264849
55.865036,-4.267781
55.863364,-4.266852
55.863039,-4.266897
55.864475,-4.266550
55.863939,-4.267829
55.865191,-4.266224
55.864005,-4.267177
55.864764,-4.266918
55.865015,-4.270401
55.865709,-4.267868
55.863665,-4.268532
55.864573,-4.268505
55.863446,-4.268743
55.864892,-4.269770
55.865546,-4.268402
55.864682,-4.268927
55.864279,-4.268887
55.864230,-4.268613
55.862780,-4.261960
55.863114,-4.261388
55.865495,-4.269214
55.864103,-4.261350
55.863901,-4.261098
55.863889,-4.261737
55.863927,-4.261611
55.863471,-4.261521
55.864202,-4.260860
55.864179,-4.261114
55.864597,-4.260883
55.864633,-4.261349
55.864148,-4.260857
55.862583,-4.260926
55.864087,-4.260278
55.868735,-4.243478
55.861029,-4.255993
55.862356,-4.266922
55.863208,-4.269432
55.860872,-4.256240
55.861827,-4.258053
55.861126,-4.257086
55.860731,-4.256567
55.861262,-4.256502
55.861138,-4.257885
55.862583,-4.269236
55.862356,-4.266922
55.861422,-4.258094
55.861692,-4.257103
55.860844,-4.257277
55.861857,-4.257895
55.862356,-4.266922
55.861447,-4.254260
55.861589,-4.259254
55.861972,-4.258477
55.862583,-4.269236
55.861978,-4.258637
55.862328,-4.267463
55.862043,-4.259025
55.861671,-4.260649
55.862356,-4.266922
55.861898,-4.262005
55.862054,-4.263308
55.862583,-4.269236
55.862509,-4.263494
55.862686,-4.265103
55.862364,-4.262559
55.863017,-4.268079
55.862945,-4.267148
55.861857,-4.257895
55.862250,-4.260938
55.862565,-4.263833
55.862193,-4.260631
55.861148,-4.255872
55.861427,-4.254370
55.861460,-4.254532
55.861531,-4.255575
55.868735,-4.243478
55.868735,-4.243478
55.868735,-4.243478
55.868735,-4.243478
55.859134,-4.258856
55.859093,-4.259604
55.859635,-4.259460
55.860149,-4.259858
55.860142,-4.259777
55.860149,-4.259858
55.860149,-4.259858
55.860149,-4.259858
55.860208,-4.260101
55.860390,-4.259440
55.860464,-4.259844
55.861372,-4.259833
55.859923,-4.260899
55.859472,-4.260505
55.860655,-4.261165
55.860312,-4.261257
55.860463,-4.259412
55.860729,-4.259124
55.861261,-4.259027
55.860845,-4.259131
55.860931,-4.259839
55.861354,-4.259832
55.861510,-4.258674
55.860880,-4.258206
55.859568,-4.261166
55.860004,-4.261879
55.868735,-4.243478
55.859565,-4.261805
55.861060,-4.261141
55.859182,-4.262118
55.860936,-4.261517
55.860335,-4.262457
55.859082,-4.259732
55.859275,-4.259983
55.861051,-4.261124
55.861084,-4.261302
55.859916,-4.260291
55.868735,-4.243478
55.868735,-4.243478
55.868735,-4.243478
55.868735,-4.243478
55.861167,-4.266565
55.859540,-4.264137
55.860862,-4.263606
55.860496,-4.263953
55.860783,-4.262515
55.860962,-4.264507
55.861031,-4.265646
55.861789,-4.265019
55.861789,-4.265019
55.861332,-4.263937
55.861447,-4.265494
55.861598,-4.266590
55.859882,-4.264588
55.861197,-4.262475
55.861597,-4.262754
55.868735,-4.243478
55.861683,-4.263910
55.861256,-4.262702
55.860140,-4.263261
55.860493,-4.265582
55.860248,-4.264737
55.859784,-4.266037
55.859784,-4.266037
55.860498,-4.266318
55.859862,-4.267176
55.859862,-4.267176
55.860498,-4.266318
55.860468,-4.266923
55.859882,-4.267065
55.861947,-4.263254
55.868735,-4.243478
55.857745,-4.249795
55.857619,-4.261564
55.857853,-4.250776
55.858265,-4.251854
55.857336,-4.250538
55.859476,-4.267633
55.859476,-4.267633
55.859476,-4.267633
55.858356,-4.263013
55.858601,-4.261429
55.858542,-4.253404
55.858932,-4.254210
55.858629,-4.253553
55.858217,-4.253961
55.857701,-4.252189
55.858378,-4.255472
55.858143,-4.253126
55.858453,-4.256307
55.857996,-4.256233
55.857942,-4.254280
55.858281,-4.258343
55.858495,-4.260385
55.857860,-4.260715
55.857014,-4.260762
55.857983,-4.260850
55.858642,-4.266034
55.858872,-4.260375
55.858671,-4.258126
55.857960,-4.263054
55.858221,-4.261599
55.857087,-4.261645
55.857911,-4.261357
55.857252,-4.263428
55.858091,-4.262327
55.857252,-4.263428
55.859453,-4.265937
55.858911,-4.264627
55.858740,-4.263659
55.857053,-4.264471
55.859023,-4.262924
55.858944,-4.261833
55.859216,-4.263175
55.859216,-4.263175
55.858588,-4.264113
55.859446,-4.266832
55.858356,-4.263013
55.858342,-4.264802
55.857928,-4.265305
55.858872,-4.260375
55.868735,-4.243478
55.868735,-4.243478
55.868735,-4.243478
55.868735,-4.243478
55.868735,-4.243478
55.868735,-4.243478
55.868735,-4.243478
55.868735,-4.243478
55.868735,-4.243478
55.868735,-4.243478
55.868735,-4.243478
55.868735,-4.243478
55.868735,-4.243478
55.868735,-4.243478
55.868735,-4.243478
55.868735,-4.243478
55.868735,-4.243478
55.868735,-4.243478
55.868735,-4.243478
55.868735,-4.243478
55.868735,-4.243478
55.868735,-4.243478
55.868735,-4.243478
55.868735,-4.243478
55.868735,-4.243478
55.868735,-4.243478
55.868735,-4.243478
55.868735,-4.243478
55.868735,-4.243478
55.868735,-4.243478
55.868735,-4.243478
55.868735,-4.243478
55.868735,-4.243478
55.868735,-4.243478
55.868735,-4.243478
55.868735,-4.243478
55.868735,-4.243478
55.868735,-4.243478
55.868735,-4.243478
55.868735,-4.243478
55.868735,-4.243478
55.868735,-4.243478
55.868735,-4.243478
55.868735,-4.243478
55.868735,-4.243478
55.868735,-4.243478
55.868735,-4.243478
55.868735,-4.243478
55.868735,-4.243478
55.868735,-4.243478
55.868735,-4.243478
55.868735,-4.243478
55.868735,-4.243478
55.868735,-4.243478
55.868735,-4.243478
55.868735,-4.243478
55.860984,-4.248640
55.860984,-4.248640
55.860984,-4.248640
55.860984,-4.248640
55.860984,-4.248640
55.860984,-4.248640
55.860984,-4.248640
55.860984,-4.248640
55.860984,-4.248640
55.860984,-4.248640
55.860984,-4.248640
55.860984,-4.248640
55.860984,-4.248640
55.860984,-4.248640
55.860984,-4.248640
55.860984,-4.248640
55.860984,-4.248640
55.860984,-4.248640
55.860984,-4.248640
55.860984,-4.248640
55.860984,-4.248640
55.860984,-4.248640
55.860984,-4.248640
55.860984,-4.248640
55.860984,-4.248640
55.860984,-4.248640
55.860984,-4.248640
55.860984,-4.248640
55.860984,-4.248640
55.860984,-4.248640
55.860984,-4.248640
55.860984,-4.248640
55.860984,-4.248640
55.860984,-4.248640
55.860984,-4.248640
55.860984,-4.248640
55.860984,-4.248640
55.860984,-4.248640
55.860984,-4.248640
55.860984,-4.248640
55.860984,-4.248640
55.860984,-4.248640
55.860984,-4.248640
55.860984,-4.248640
55.860984,-4.248640
55.860984,-4.248640
55.860984,-4.248640
55.860984,-4.248640
55.860984,-4.248640
55.860984,-4.248640
55.860984,-4.248640
55.860984,-4.248640
55.860984,-4.248640
55.860984,-4.248640
55.860984,-4.248640
55.860984,-4.248640
55.860984,-4.248640
55.860984,-4.248640
55.860984,-4.248640
55.860984,-4.248640
55.860984,-4.248640
55.860984,-4.248640
55.860984,-4.248640
55.860984,-4.248640
55.860984,-4.248640
55.860984,-4.248640
55.860984,-4.248640
55.860984,-4.248640
55.860984,-4.248640
55.860984,-4.248640
55.860984,-4.248640
55.860984,-4.248640
55.860984,-4.248640
55.860984,-4.248640
55.860984,-4.248640
55.860984,-4.248640
55.860984,-4.248640
55.860984,-4.248640
55.860984,-4.248640
55.860984,-4.248640
55.860984,-4.248640
55.860984,-4.248640
55.860984,-4.248640
55.860984,-4.248640
55.860984,-4.248640
55.860984,-4.248640
55.860984,-4.248640
55.860984,-4.248640
55.860984,-4.248640
55.860984,-4.248640
55.860984,-4.248640
55.860984,-4.248640
55.860984,-4.248640
55.860984,-4.248640
55.860984,-4.248640
55.860984,-4.248640
55.860984,-4.248640
55.860984,-4.248640
55.860984,-4.248640
55.860984,-4.248640
55.860984,-4.248640
55.860984,-4.248640
55.860984,-4.248640
55.897815,-4.301557
55.898252,-4.300800
55.898041,-4.300515
55.899234,-4.298266
55.894860,-4.300023
55.899049,-4.297104
55.900063,-4.296684
55.899982,-4.298119
55.901015,-4.297700
55.900282,-4.298936
55.901482,-4.297215
55.899316,-4.297727
55.900309,-4.300329
55.900208,-4.300963
55.901875,-4.297351
55.900028,-4.299545
55.900859,-4.301674
55.899822,-4.298989
55.899538,-4.299292
55.899529,-4.298348
55.899090,-4.299218
55.899495,-4.299641
55.898828,-4.299762
55.893634,-4.299726
55.894235,-4.298371
55.898739,-4.299709
55.894253,-4.297860
55.898979,-4.300363
55.897350,-4.300442
55.896609,-4.300702
55.899049,-4.297104
55.896636,-4.299696
55.896134,-4.299171
55.893747,-4.288393
55.893326,-4.288305
55.897486,-4.302834
55.895480,-4.298604
55.894564,-4.298070
55.894834,-4.299462
55.894642,-4.298683
55.895350,-4.299268
55.895559,-4.300096
55.894023,-4.306339
55.893611,-4.307226
55.893128,-4.296978
55.897415,-4.299902
55.897339,-4.299594
55.896640,-4.297121
55.896778,-4.299321
55.895651,-4.293288
55.895680,-4.290730
55.895412,-4.290203
55.895343,-4.291958
55.895243,-4.296815
55.895119,-4.297703
55.893723,-4.296885
55.894080,-4.296538
55.893540,-4.296586
55.892610,-4.294900
55.892021,-4.293729
55.896446,-4.289176
55.897142,-4.289473
55.897142,-4.289473
55.896791,-4.290460
55.896791,-4.290460
55.898048,-4.292934
55.896446,-4.289176
55.898470,-4.292958
55.898247,-4.293841
55.898005,-4.295250
55.898009,-4.294547
55.896180,-4.295766
55.895835,-4.296418
55.893269,-4.296170
55.893970,-4.296164
55.895998,-4.293436
55.898320,-4.296165
55.896026,-4.291007
55.892468,-4.292364
55.893202,-4.292568
55.896031,-4.292639
55.892614,-4.294212
55.897644,-4.297260
55.897698,-4.295312
55.894399,-4.295837
55.894042,-4.294233
55.895264,-4.285588
55.894414,-4.295038
55.894818,-4.294582
55.894688,-4.286082
55.894659,-4.293437
55.894059,-4.284141
55.894080,-4.290748
55.893702,-4.285960
55.894795,-4.285688
55.893783,-4.290283
55.894428,-4.292336
55.894865,-4.292986
55.894016,-4.293207
55.895079,-4.292630
55.894704,-4.291537
55.894815,-4.290408
55.895148,-4.289883
55.895738,-4.290062
55.895140,-4.289355
55.894494,-4.289765
55.895213,-4.288320
55.894689,-4.287473
55.894632,-4.288621
55.898215,-4.304668
55.894395,-4.288320
55.894082,-4.288253
55.892552,-4.293649
55.892506,-4.292767
55.892069,-4.293524
55.892990,-4.290892
55.892510,-4.290592
55.893518,-4.291019
55.894084,-4.282831
55.894503,-4.283016
55.894947,-4.283794
55.893753,-4.276910
55.895134,-4.282909
55.895519,-4.282995
55.895645,-4.285370
55.894848,-4.282812
55.895681,-4.288747
55.895697,-4.287900
55.896345,-4.286899
55.896297,-4.284641
55.896684,-4.284615
55.896732,-4.286842
55.896591,-4.283330
55.896728,-4.282731
55.895254,-4.282212
55.894796,-4.280762
55.894504,-4.280057
55.896021,-4.280594
55.895507,-4.281683
55.896170,-4.282266
55.901598,-4.310228
55.893660,-4.279512
55.893823,-4.281376
55.901137,-4.312744
55.895771,-4.281027
55.893244,-4.308084
55.895528,-4.312330
55.894931,-4.310120
55.897636,-4.308713
55.901852,-4.312483
55.906781,-4.313704
55.904248,-4.308834
55.904383,-4.307882
55.903022,-4.305689
55.892897,-4.304033
55.902400,-4.304837
55.896948,-4.307520
55.903569,-4.305786
55.893346,-4.304556
55.893662,-4.303039
55.906372,-4.312048
55.895444,-4.303880
55.894499,-4.304896
55.894491,-4.302448
55.899121,-4.304258
55.905133,-4.307207
55.891196,-4.288771
55.891196,-4.288771
55.891196,-4.288771
55.891196,-4.288771
55.891196,-4.288771
55.891196,-4.288771
55.891196,-4.288771
55.881112,-4.282965
55.881113,-4.281958
55.881123,-4.280919
55.880951,-4.280013
55.880968,-4.279103
55.880430,-4.277616
55.880319,-4.279689
55.880077,-4.282584
55.880200,-4.280769
55.880751,-4.280641
55.880202,-4.278275
55.880190,-4.281344
55.880213,-4.282049
55.880588,-4.282630
55.880610,-4.279546
55.880241,-4.283921
55.877248,-4.272298
55.874441,-4.275811
55.879469,-4.280486
55.879889,-4.278176
55.879934,-4.276692
55.879450,-4.276168
55.879604,-4.279471
55.879413,-4.282497
55.879231,-4.281208
55.879096,-4.280224
55.879270,-4.279579
55.879036,-4.278606
55.879685,-4.280914
55.878748,-4.278173
55.879066,-4.277968
55.878861,-4.272504
55.878999,-4.279659
55.879110,-4.283823
55.879854,-4.283914
55.879216,-4.283445
55.878876,-4.281411
55.878710,-4.279706
55.878650,-4.277608
55.878358,-4.278358
55.878398,-4.280087
55.878519,-4.281278
55.878502,-4.282188
55.879450,-4.284402
55.878336,-4.277590
55.878547,-4.272982
55.877871,-4.277946
55.878754,-4.283178
55.877916,-4.277437
55.877654,-4.277022
55.877505,-4.276374
55.877411,-4.275585
55.876992,-4.274937
55.877368,-4.274511
55.876856,-4.272083
55.881420,-4.282839
55.876907,-4.273206
55.875190,-4.271762
55.874793,-4.271867
55.874888,-4.272560
55.874564,-4.273532
55.875591,-4.271962
55.874136,-4.273395
55.873617,-4.271798
55.873907,-4.273094
55.873661,-4.273799
55.873881,-4.274515
55.874198,-4.275365
55.873898,-4.275060
55.876265,-4.273408
55.873611,-4.274531
55.875480,-4.271635
55.875782,-4.271845
55.876155,-4.271595
55.876456,-4.271852
55.874284,-4.272189
55.873721,-4.271533
55.876590,-4.273363
55.876557,-4.276574
55.876772,-4.274189
55.877656,-4.278893
55.877585,-4.278809
55.876789,-4.277163
55.877131,-4.277135
55.877619,-4.273119
55.876749,-4.277401
55.875650,-4.274107
55.878156,-4.272239
55.877824,-4.272204
55.881703,-4.280217
55.876076,-4.275363
55.881468,-4.281243
55.876592,-4.275665
55.882079,-4.280751
55.875769,-4.276432
55.876077,-4.274340
55.875320,-4.274488
55.875533,-4.275603
55.875124,-4.276330
55.874616,-4.277068
55.875539,-4.277202
55.874755,-4.277812
55.874516,-4.276167
55.876239,-4.277243
55.875642,-4.277480
55.881808,-4.281295
55.882239,-4.281832
55.881041,-4.277588
55.880515,-4.275447
55.879939,-4.275461
55.879480,-4.275514
55.878921,-4.275578
55.878940,-4.275067
55.878481,-4.276079
55.878661,-4.276554
55.878878,-4.276966
55.877927,-4.275887
55.878444,-4.274686
55.880110,-4.274960
55.880425,-4.274946
55.880282,-4.274442
55.879070,-4.274819
55.877960,-4.274098
55.877670,-4.275217
55.877941,-4.273666
55.878227,-4.273762
55.878815,-4.274516
55.878761,-4.274033
55.878975,-4.273630
55.877837,-4.276361
55.879126,-4.272280
55.880290,-4.273995
55.880317,-4.273485
55.879993,-4.274010
55.878771,-4.273506
55.878267,-4.273573
55.877590,-4.273693
55.879292,-4.273057
55.879435,-4.272586
55.874079,-4.271106
55.872608,-4.270444
55.872419,-4.269986
55.873058,-4.270934
55.872998,-4.271746
55.872494,-4.272244
55.878364,-4.272667
55.880827,-4.273115
55.880655,-4.272721
55.881492,-4.274593
55.881202,-4.271826
55.881730,-4.271953
55.885254,-4.264067
55.881521,-4.271061
55.885575,-4.263255
55.880283,-4.269518
55.886164,-4.263481
55.885489,-4.264497
55.885916,-4.264714
55.879786,-4.269169
55.882299,-4.270323
55.880050,-4.269952
55.879927,-4.272727
55.879203,-4.271517
55.878495,-4.270421
55.877674,-4.270117
55.876682,-4.270299
55.874216,-4.268045
55.877979,-4.269687
55.879571,-4.271059
55.878567,-4.269481
55.875013,-4.267228
55.878791,-4.270981
55.880650,-4.273488
55.880440,-4.272677
55.880834,-4.271804
55.880155,-4.271541
55.880532,-4.271099
55.880194,-4.270919
55.879669,-4.271113
55.879717,-4.270444
55.880426,-4.270533
55.873045,-4.266729
55.877010,-4.266641
55.877754,-4.268251
55.877614,-4.267539
55.877496,-4.267101
55.877123,-4.267383
55.876779,-4.267027
55.873336,-4.266075
55.874338,-4.266805
55.877199,-4.266140
55.874655,-4.269125
55.876106,-4.267931
55.875783,-4.267880
55.875916,-4.266529
55.878480,-4.268821
55.877952,-4.267719
55.877619,-4.266756
55.875847,-4.265870
55.876588,-4.265657
55.875490,-4.264266
55.876398,-4.264255
55.873537,-4.269332
55.875406,-4.267842
55.875002,-4.268330
55.873777,-4.266021
55.874125,-4.264730
55.874125,-4.264730
55.874700,-4.263245
55.874700,-4.263245
55.873777,-4.266021
55.874522,-4.264146
55.875303,-4.266653
55.875137,-4.263446
55.871280,-4.268385
55.871236,-4.267839
55.871608,-4.268164
55.872159,-4.268516
55.872599,-4.268494
55.872513,-4.267817
55.872728,-4.266855
55.872529,-4.268905
55.872930,-4.268609
55.873877,-4.269879
55.873552,-4.268517
55.882114,-4.275445
55.882140,-4.274071
55.881916,-4.273035
55.881540,-4.273924
55.882854,-4.272402
55.882612,-4.273315
55.882397,-4.274278
55.882218,-4.272765
55.882389,-4.275189
55.882656,-4.274837
55.882889,-4.273875
55.883142,-4.272867
55.882306,-4.277231
55.883067,-4.272047
55.883580,-4.278345
55.883422,-4.271796
55.883605,-4.271630
55.884474,-4.267908
55.884449,-4.265827
55.884607,-4.263614
55.883938,-4.277454
55.882829,-4.276638
55.883414,-4.269812
55.883891,-4.268801
55.883740,-4.271159
55.884029,-4.270088
55.884032,-4.280098
55.882625,-4.278960
55.884206,-4.269235
55.883386,-4.268883
55.881747,-4.278781
55.880744,-4.275684
55.880529,-4.274680
55.880377,-4.273664
55.873534,-4.267046
55.873955,-4.268573
55.879327,-4.272116
55.878511,-4.271988
55.874159,-4.270679
55.873724,-4.270366
55.872423,-4.269283
55.874791,-4.271020
55.877474,-4.271720
55.876651,-4.271512
55.875820,-4.271224
55.875426,-4.271169
55.875780,-4.270470
55.876922,-4.270968
55.877999,-4.271047
55.880949,-4.287912
55.890001,-4.296457
55.885692,-4.285616
55.892458,-4.298681
55.892458,-4.298681
55.883147,-4.283276
55.890104,-4.290962
55.889705,-4.289691
55.889486,-4.293724
55.889759,-4.293532
55.890491,-4.293831
55.884357,-4.281972
55.891054,-4.295895
55.890655,-4.296128
55.890031,-4.293916
55.889884,-4.295027
55.890616,-4.294366
55.889881,-4.294739
55.889784,-4.294141
55.889477,-4.295163
55.889171,-4.294713
55.889737,-4.296154
55.887766,-4.296325
55.887766,-4.296325
55.887766,-4.296325
55.887315,-4.295435
55.889339,-4.296306
55.887315,-4.295435
55.887315,-4.295435
55.886874,-4.294529
55.886874,-4.294529
55.886874,-4.294529
55.890188,-4.296068
55.891422,-4.294974
55.891529,-4.294564
55.886258,-4.293805
55.886419,-4.290952
55.885924,-4.291483
55.886603,-4.288804
55.886353,-4.289221
55.886939,-4.289608
55.886206,-4.290316
55.887173,-4.290533
55.886857,-4.291106
55.887218,-4.291479
55.887616,-4.291822
55.886415,-4.289737
55.886583,-4.291314
55.886355,-4.292004
55.886742,-4.292938
55.889909,-4.292741
55.887109,-4.292512
55.887809,-4.293081
55.888331,-4.294951
55.887941,-4.292257
55.888549,-4.293397
55.888925,-4.293931
55.888140,-4.291709
55.888853,-4.292503
55.888208,-4.292865
55.888460,-4.291904
55.887210,-4.290967
55.890021,-4.297322
55.887914,-4.291264
55.887491,-4.287913
55.887313,-4.288318
55.887785,-4.288570
55.887790,-4.287323
55.888229,-4.287893
55.887467,-4.288727
55.888677,-4.288431
55.888465,-4.289218
55.889138,-4.289721
55.889302,-4.290578
55.887868,-4.289422
55.888247,-4.290276
55.888460,-4.291904
55.889227,-4.288799
55.887924,-4.290721
55.889166,-4.293081
55.888709,-4.292527
55.889371,-4.291686
55.888764,-4.290995
55.888890,-4.288075
55.885504,-4.286997
55.885505,-4.287428
55.885158,-4.287232
55.885067,-4.286347
55.884851,-4.287326
55.884055,-4.286639
55.883989,-4.287275
55.883071,-4.284935
55.883506,-4.285248
55.884114,-4.284436
55.883386,-4.284889
55.884392,-4.286899
55.883314,-4.284437
55.883114,-4.284058
55.883780,-4.285488
55.885485,-4.283701
55.885725,-4.283332
55.886336,-4.284327
55.886069,-4.284631
55.890967,-4.293379
55.882720,-4.283971
55.882301,-4.283322
55.881237,-4.285466
55.884205,-4.281436
55.884467,-4.282826
55.881916,-4.285203
55.881295,-4.284750
55.882175,-4.284322
55.881658,-4.282629
55.881012,-4.283503
55.880506,-4.284176
55.880318,-4.285093
55.880770,-4.284448
55.881175,-4.283960
55.881513,-4.284124
55.882227,-4.284885
55.882502,-4.284613
55.882742,-4.285203
55.881531,-4.286059
55.880303,-4.286387
55.881431,-4.289523
55.881193,-4.290213
55.881818,-4.289994
55.881362,-4.287440
55.881021,-4.288364
55.880794,-4.286048
55.880638,-4.284792
55.880819,-4.285186
55.881240,-4.286266
55.881851,-4.288668
55.881488,-4.286952
55.882159,-4.288543
55.882743,-4.288065
55.887031,-4.287998
55.886940,-4.288105
55.885877,-4.288202
55.885389,-4.287901
55.884926,-4.287666
55.885521,-4.288485
55.884725,-4.288326
55.885173,-4.288832
55.885076,-4.289706
55.885454,-4.289200
55.885588,-4.287833
55.885013,-4.288263
55.885772,-4.287092
55.885837,-4.287928
55.885614,-4.284492
55.886076,-4.285271
55.885624,-4.286364
55.885079,-4.285676
55.884803,-4.284573
55.886172,-4.286364
55.884913,-4.283044
55.882472,-4.282805
55.890418,-4.291444
55.890333,-4.294078
55.890775,-4.291145
55.890233,-4.289818
55.891088,-4.292171
55.891280,-4.291031
55.891476,-4.289651
55.887796,-4.259754
55.888815,-4.287303
55.889598,-4.276555
55.890131,-4.287573
55.891196,-4.288771
55.886945,-4.266948
55.891375,-4.289309
55.887258,-4.266023
55.887834,-4.266472
55.884921,-4.282117
55.887077,-4.265149
55.885725,-4.283332
55.886162,-4.284013
55.886432,-4.284445
55.886890,-4.284504
55.887631,-4.284755
55.886937,-4.263973
55.885868,-4.266390
55.887383,-4.266574
55.887642,-4.285587
55.889070,-4.285639
55.887998,-4.284329
55.889001,-4.285027
55.890100,-4.285380
55.888430,-4.286273
55.889268,-4.286147
55.889337,-4.285799
55.888654,-4.286750
55.888394,-4.286719
55.889089,-4.287543
55.889924,-4.288568
55.887858,-4.282705
55.888753,-4.279512
55.887947,-4.279336
55.888341,-4.280895
55.890394,-4.283094
55.890784,-4.282877
55.889305,-4.282231
55.890762,-4.282172
55.889683,-4.281677
55.889805,-4.279973
55.889261,-4.277782
55.889373,-4.279532
55.888921,-4.276227
55.889561,-4.277592
55.890145,-4.279545
55.890908,-4.281557
55.890864,-4.280531
55.891466,-4.282454
55.891716,-4.281093
55.891231,-4.280137
55.889446,-4.275074
55.890130,-4.278409
55.890503,-4.278175
55.890213,-4.272496
55.890380,-4.272170
55.890438,-4.270990
55.889106,-4.273039
55.889029,-4.270380
55.888504,-4.271597
55.889167,-4.271220
55.888550,-4.267154
55.888417,-4.269945
55.888560,-4.272944
55.889828,-4.272890
55.889509,-4.272663
55.889089,-4.264243
55.889659,-4.264020
55.888510,-4.273692
55.887792,-4.273123
55.887944,-4.272220
55.888149,-4.271336
55.885684,-4.280723
55.889761,-4.266777
55.888551,-4.265155
55.889163,-4.267014
55.889019,-4.265582
55.890360,-4.267947
55.890569,-4.268311
55.889514,-4.263132
55.885118,-4.269001
55.888380,-4.261723
55.887036,-4.259550
55.887476,-4.260551
55.887456,-4.261653
55.889727,-4.265719
55.890690,-4.266607
55.891146,-4.268649
55.890336,-4.264811
55.887522,-4.276081
55.886993,-4.277985
55.887112,-4.276889
55.887226,-4.276048
55.887168,-4.282105
55.887501,-4.278687
55.886429,-4.278800
55.886684,-4.280574
55.885998,-4.279270
55.887829,-4.277970
55.888005,-4.276685
55.888259,-4.276076
55.888435,-4.275335
55.888075,-4.274834
55.887519,-4.275265
55.886913,-4.278908
55.887381,-4.274938
55.887510,-4.274305
55.887379,-4.285268
55.887006,-4.280177
55.886761,-4.277876
55.886394,-4.276815
55.888471,-4.274330
55.887132,-4.286469
55.886557,-4.284004
55.886348,-4.283672
55.886039,-4.282375
55.885277,-4.281786
55.884737,-4.280875
55.884466,-4.279980
55.884917,-4.280390
55.885044,-4.280829
55.885274,-4.280011
55.884704,-4.280250
55.885066,-4.279599
55.884911,-4.279734
55.885198,-4.280278
55.889508,-4.287728
55.874958,-4.224014
55.873066,-4.240083
55.880571,-4.236118
55.880147,-4.236206
55.879818,-4.236491
55.873236,-4.240141
55.873181,-4.230770
55.880040,-4.235176
55.880268,-4.234966
55.883780,-4.228644
55.880840,-4.237109
55.881854,-4.236736
55.875870,-4.224242
55.880264,-4.236165
55.881188,-4.237241
55.881467,-4.234795
55.883328,-4.227291
55.881607,-4.233492
55.881661,-4.232983
55.881825,-4.232401
55.881936,-4.233223
55.881951,-4.231865
55.882681,-4.231763
55.882398,-4.230515
55.882706,-4.229893
55.883352,-4.229435
55.879138,-4.243215
55.879571,-4.242648
55.879749,-4.241283
55.879373,-4.242173
55.879236,-4.242773
55.883206,-4.241419
55.878898,-4.241138
55.879740,-4.240771
55.878644,-4.241731
55.879429,-4.239602
55.879429,-4.238627
55.879271,-4.239385
55.878701,-4.241559
55.875957,-4.245685
55.875375,-4.247042
55.875435,-4.243241
55.876478,-4.246658
55.876020,-4.247159
55.876636,-4.243933
55.876596,-4.247576
55.876346,-4.248473
55.876311,-4.250917
55.876929,-4.248555
55.883868,-4.229768
55.884060,-4.230051
55.885005,-4.236933
55.886254,-4.236957
55.885919,-4.235083
55.886051,-4.235714
55.887496,-4.233367
55.884574,-4.233950
55.884350,-4.235856
55.884772,-4.235912
55.883639,-4.233944
55.884311,-4.233583
55.874934,-4.239183
55.874502,-4.239206
55.875745,-4.225689
55.874082,-4.239582
55.874321,-4.236334
55.874432,-4.238147
55.878615,-4.233975
55.877158,-4.232996
55.877552,-4.233611
55.880759,-4.233187
55.881454,-4.232524
55.879736,-4.235063
55.879958,-4.235699
55.879719,-4.236997
55.879579,-4.237756
55.883865,-4.230392
55.883558,-4.230486
55.883377,-4.229564
55.882912,-4.230401
55.882805,-4.230890
55.883445,-4.231263
55.884126,-4.229367
55.884139,-4.228664
55.883019,-4.231462
55.882764,-4.229161
55.883509,-4.228213
55.882246,-4.229467
55.890444,-4.232848
55.879972,-4.237923
55.893416,-4.231548
55.893420,-4.232284
55.894910,-4.230930
55.896125,-4.231831
55.895583,-4.232488
55.895508,-4.233635
55.895915,-4.234954
55.894723,-4.233814
55.894364,-4.233265
55.894406,-4.236915
55.895719,-4.235871
55.894553,-4.235244
55.893949,-4.234825
55.893549,-4.236577
55.893030,-4.236483
55.894948,-4.237266
55.896076,-4.233556
55.894297,-4.235469
55.874579,-4.231521
55.875299,-4.227998
55.877943,-4.201914
55.868813,-4.230312
55.874143,-4.212841
55.876119,-4.204944
55.875513,-4.205661
55.875790,-4.206252
55.875218,-4.206060
55.874727,-4.207391
55.875284,-4.208893
55.875374,-4.206852
55.872102,-4.215938
55.875249,-4.211337
55.874404,-4.212856
55.874315,-4.214801
55.874640,-4.214724
55.875100,-4.213599
55.871317,-4.213080
55.871179,-4.221224
55.871941,-4.220372
55.872106,-4.209688
55.873736,-4.215487
55.873671,-4.213102
55.873196,-4.214530
55.873631,-4.212348
55.873957,-4.211727
55.874194,-4.211022
55.873795,-4.210743
55.874085,-4.210072
55.873872,-4.208957
55.874524,-4.209154
55.873784,-4.212837
55.874409,-4.207053
55.875037,-4.205634
55.875540,-4.204656
55.868343,-4.214061
55.874117,-4.208827
55.869186,-4.209634
55.871417,-4.218536
55.871309,-4.219505
55.870987,-4.217952
55.870086,-4.216542
55.869394,-4.223552
55.870052,-4.221911
55.870594,-4.221271
55.870546,-4.219957
55.870483,-4.218963
55.870184,-4.218610
55.869353,-4.218850
55.869519,-4.219579
55.869978,-4.219094
55.870012,-4.220150
55.869321,-4.220591
55.868730,-4.219997
55.868516,-4.224397
55.868946,-4.223942
55.867697,-4.222927
55.867380,-4.222573
55.867953,-4.223725
55.868763,-4.219168
55.868309,-4.218902
55.868193,-4.219887
55.868211,-4.220879
55.868630,-4.221047
55.868239,-4.221312
55.867703,-4.221649
55.867567,-4.220219
55.869635,-4.221120
55.870865,-4.220215
55.870155,-4.223691
55.870462,-4.222142
55.869263,-4.225334
55.867227,-4.226592
55.867708,-4.225309
55.866758,-4.223193
55.866901,-4.221251
55.868986,-4.228196
55.867609,-4.231777
55.868051,-4.225217
55.867513,-4.230621
55.866976,-4.231980
55.867427,-4.229401
55.867152,-4.228250
55.866928,-4.229181
55.868082,-4.228000
55.866647,-4.228845
55.868936,-4.227010
55.866816,-4.231380
55.866825,-4.230917
55.868066,-4.229374
55.868747,-4.231459
55.867984,-4.230951
55.868303,-4.229691
55.869912,-4.229176
55.868588,-4.227853
55.869064,-4.229862
55.869295,-4.230483
55.869142,-4.229004
55.870202,-4.225580
55.869921,-4.227210
55.870281,-4.232106
55.870905,-4.232414
55.870565,-4.230860
55.870565,-4.230860
55.870762,-4.229864
55.870762,-4.229864
55.871945,-4.226607
55.870880,-4.227857
55.870880,-4.227857
55.871129,-4.226496
55.871129,-4.226496
55.871327,-4.225005
55.871494,-4.225702
55.871061,-4.224814
55.870664,-4.225878
55.870371,-4.228147
55.869359,-4.231941
55.871327,-4.225005
55.869519,-4.233021
55.869753,-4.232491
55.869883,-4.231779
55.869141,-4.233064
55.869876,-4.230165
55.872723,-4.224797
55.872686,-4.224859
55.870309,-4.210641
55.869624,-4.214294
55.870809,-4.202357
55.868856,-4.214522
55.869203,-4.213695
55.869995,-4.215115
55.888137,-4.229230
55.888411,-4.229485
55.893157,-4.228478
55.888044,-4.230424
55.888389,-4.231227
55.896811,-4.200216
55.890748,-4.229507
55.891355,-4.229238
55.891355,-4.229238
55.889682,-4.230758
55.890614,-4.230427
55.890748,-4.229507
55.891083,-4.230326
55.891083,-4.230326
55.891545,-4.230145
55.891545,-4.230145
55.890225,-4.230565
55.891726,-4.227596
55.892569,-4.228668
55.883537,-4.200200
55.891663,-4.232535
55.882354,-4.203059
55.881592,-4.202904
55.885341,-4.229773
55.881924,-4.202987
55.881228,-4.203187
55.889949,-4.200979
55.891726,-4.227596
55.880939,-4.201748
55.881414,-4.200304
55.881394,-4.201454
55.882726,-4.200810
55.882656,-4.203716
55.883530,-4.202614
55.883461,-4.201939
55.883440,-4.204640
55.883502,-4.203156
55.889453,-4.205093
55.888371,-4.204312
55.888569,-4.203252
55.889072,-4.202785
55.888986,-4.202076
55.888727,-4.201949
55.888237,-4.201250
55.887741,-4.201302
55.887331,-4.203166
55.888162,-4.202941
55.887389,-4.204416
55.887176,-4.199751
55.887759,-4.200823
55.886335,-4.201046
55.885320,-4.201005
55.884947,-4.200760
55.887189,-4.201031
55.884424,-4.200890
55.884122,-4.200185
55.883127,-4.197987
55.883306,-4.193999
55.885160,-4.200404
55.883449,-4.198596
55.883414,-4.200529
55.883443,-4.196949
55.879861,-4.202215
55.880127,-4.201910
55.880036,-4.205022
55.880021,-4.204350
55.879771,-4.199252
55.879617,-4.202329
55.883479,-4.201444
55.881761,-4.207023
55.881940,-4.205083
55.878675,-4.204194
55.882659,-4.206594
55.883359,-4.205659
55.883377,-4.205116
55.884034,-4.205089
55.882029,-4.206654
55.884097,-4.203078
55.885258,-4.204999
55.882266,-4.203950
55.888779,-4.204575
55.887951,-4.207151
55.888341,-4.207972
55.887028,-4.207498
55.887343,-4.208475
55.886378,-4.206694
55.885696,-4.207598
55.887268,-4.209143
55.886627,-4.208802
55.887935,-4.209564
55.887053,-4.210650
55.886789,-4.209835
55.886212,-4.209898
55.885925,-4.210889
55.884201,-4.205818
55.884460,-4.207896
55.890373,-4.203898
55.888390,-4.217218
55.889347,-4.216505
55.888438,-4.215558
55.889027,-4.215799
55.888972,-4.214389
55.889650,-4.215131
55.887608,-4.213752
55.886953,-4.216705
55.886321,-4.215341
55.887404,-4.212573
55.888337,-4.211202
55.889253,-4.211207
55.889681,-4.211423
55.887199,-4.217518
55.890483,-4.209789
55.890495,-4.208639
55.889470,-4.209668
55.889913,-4.207518
55.888461,-4.212793
55.889065,-4.208173
55.887828,-4.210486
55.890263,-4.211536
55.890544,-4.212927
55.890264,-4.210465
55.897797,-4.198865
55.891983,-4.191738
55.892266,-4.194537
55.890864,-4.193019
55.891740,-4.193820
55.890534,-4.193896
55.890925,-4.212197
55.891042,-4.206702
55.891759,-4.193213
55.891020,-4.204398
55.891812,-4.203340
55.891990,-4.192906
55.891113,-4.209265
55.890781,-4.201682
55.892284,-4.203111
55.892724,-4.202624
55.893146,-4.204615
55.892113,-4.205116
55.892846,-4.205845
55.893356,-4.206466
55.893435,-4.207574
55.894359,-4.208154
55.896091,-4.207293
55.895953,-4.207989
55.897132,-4.208872
55.896997,-4.206369
55.895695,-4.204312
55.895763,-4.209050
55.895086,-4.204725
55.896185,-4.206579
55.894393,-4.205245
55.894762,-4.206258
55.896157,-4.205633
55.893888,-4.206880
55.894020,-4.206008
55.893557,-4.204286
55.894157,-4.203905
55.893429,-4.205415
55.894049,-4.196845
55.894124,-4.199216
55.894170,-4.200658
55.896805,-4.202087
55.895583,-4.198003
55.897360,-4.200167
55.897089,-4.204791
55.896878,-4.204011
55.892297,-4.201384
55.897241,-4.201792
55.896411,-4.204016
55.896537,-4.201464
55.896128,-4.200210
55.895946,-4.198840
55.895596,-4.200291
55.895961,-4.202039
55.895166,-4.203754
55.894676,-4.204030
55.893626,-4.202947
55.895247,-4.200256
55.895166,-4.202250
55.895253,-4.200896
55.894133,-4.202720
55.895085,-4.203253
55.893510,-4.230801
55.891400,-4.231704
55.892311,-4.231020
55.893313,-4.230262
55.892389,-4.231665
55.890578,-4.232408
55.887081,-4.231951
55.887574,-4.232060
55.892543,-4.230090
55.894513,-4.229004
55.889267,-4.232381
55.894396,-4.230021
55.890415,-4.231471
55.886338,-4.230821
55.887039,-4.229311
55.887696,-4.227781
55.887332,-4.226033
55.887364,-4.223300
55.887394,-4.221655
55.889125,-4.217836
55.890014,-4.214880
55.890909,-4.217586
55.895375,-4.223615
55.887172,-4.227927
55.887425,-4.219898
55.895232,-4.226054
55.894566,-4.223121
55.884308,-4.216842
55.885466,-4.217403
55.892891,-4.219842
55.886059,-4.217917
55.892882,-4.223808
55.882974,-4.213072
55.883616,-4.214867
55.878579,-4.214548
55.876563,-4.228182
55.877080,-4.228899
55.876859,-4.228199
55.876942,-4.227580
55.876281,-4.227383
55.877473,-4.222575
55.877039,-4.226707
55.876815,-4.216222
55.877255,-4.225168
55.882418,-4.221467
55.876859,-4.226217
55.877069,-4.220569
55.885952,-4.230320
55.877660,-4.216175
55.881090,-4.225836
55.876200,-4.228353
55.879721,-4.230474
55.882411,-4.221354
55.881181,-4.232716
55.881029,-4.230197
55.879220,-4.226384
55.878965,-4.231501
55.879041,-4.231266
55.879862,-4.232097
55.880664,-4.230975
55.879783,-4.232971
55.882499,-4.226412
55.884979,-4.225467
55.879138,-4.221423
55.879239,-4.216345
55.879879,-4.218220
55.878216,-4.218732
55.879672,-4.219743
55.879736,-4.220674
55.878838,-4.218656
55.879041,-4.219867
55.879674,-4.216146
55.878998,-4.216235
55.878202,-4.220554
55.886720,-4.219666
55.887108,-4.222054
55.886214,-4.222275
55.885666,-4.222740
55.884967,-4.222140
55.885204,-4.223976
55.886527,-4.221366
55.885474,-4.223432
55.884892,-4.224806
55.885180,-4.224791
55.885187,-4.225910
55.884996,-4.226491
55.885495,-4.224281
55.885821,-4.223612
55.886126,-4.223645
55.886437,-4.223391
55.886707,-4.225326
55.886691,-4.226204
55.885902,-4.227582
55.886400,-4.225932
55.887104,-4.224245
55.886382,-4.224891
55.886052,-4.225752
55.882163,-4.221676
55.881990,-4.219811
55.882040,-4.217016
55.881759,-4.213658
55.881786,-4.211629
55.881057,-4.211684
55.880209,-4.211380
55.880522,-4.212948
55.881023,-4.214624
55.881193,-4.216616
55.881233,-4.219416
55.881635,-4.219535
55.882999,-4.224618
55.881153,-4.212856
55.882999,-4.224618
55.883797,-4.226214
55.880168,-4.212177
55.881473,-4.221556
55.884698,-4.226074
55.877837,-4.222308
55.880418,-4.222216
55.880637,-4.221557
55.881144,-4.221362
55.880800,-4.219008
55.880339,-4.221652
55.880116,-4.220056
55.880289,-4.215413
55.880099,-4.213020
55.880795,-4.220255
55.880900,-4.215944
55.880478,-4.218925
55.880025,-4.211641
55.879540,-4.211581
55.879366,-4.211300
55.879195,-4.212809
55.877699,-4.210022
55.879668,-4.213491
55.881015,-4.211074
55.882057,-4.211069
55.880317,-4.224848
55.879849,-4.210911
55.880561,-4.223775
55.880525,-4.206809
55.876732,-4.229263
55.877005,-4.229550
55.877033,-4.230000
55.884607,-4.225173
55.878935,-4.232667
55.878508,-4.231923
55.880550,-4.232792
55.880969,-4.232496
55.880466,-4.229013
55.880008,-4.232952
55.880274,-4.231209
55.882005,-4.229901
55.876911,-4.225324
55.886695,-4.229451
55.886316,-4.230564
55.886805,-4.227346
55.886796,-4.226898
55.886990,-4.220609
55.886714,-4.229900
55.879696,-4.224413
55.876052,-4.228105
55.883724,-4.223796
55.883357,-4.222703
55.883925,-4.222112
55.883503,-4.220585
55.883930,-4.218355
55.884601,-4.223990
55.884289,-4.222853
55.884270,-4.221940
55.884995,-4.221086
55.884256,-4.220740
55.884952,-4.217534
55.884948,-4.223706
55.885017,-4.218401
55.885272,-4.218687
55.884885,-4.219241
55.885014,-4.220544
55.884583,-4.219048
55.885319,-4.221057
55.885768,-4.219627
55.885924,-4.218437
55.887256,-4.218833
55.886348,-4.220332
55.882852,-4.221331
55.882648,-4.219689
55.882794,-4.217075
55.882135,-4.213216
55.882517,-4.213478
55.882966,-4.214495
55.883806,-4.215774
55.883306,-4.218064
55.882379,-4.216636
55.883090,-4.217092
55.883161,-4.220614
55.883593,-4.224588
55.883029,-4.216513
55.883593,-4.224588
55.883796,-4.257347
55.883583,-4.259621
55.880450,-4.254066
55.880642,-4.252926
55.881137,-4.253355
55.881089,-4.254040
55.881808,-4.254033
55.882050,-4.254031
55.880029,-4.253994
55.880976,-4.252802
55.881401,-4.251196
55.881646,-4.251082
55.881643,-4.254679
55.882435,-4.250200
55.881410,-4.253643
55.883007,-4.250393
55.881667,-4.251883
55.881992,-4.253308
55.883323,-4.252746
55.883620,-4.250285
55.883666,-4.244307
55.883661,-4.245107
55.882752,-4.246125
55.882693,-4.244459
55.882842,-4.247586
55.883148,-4.245589
55.882784,-4.246847
55.883641,-4.243698
55.884734,-4.241954
55.883508,-4.246569
55.883362,-4.247168
55.883334,-4.247742
55.884270,-4.246165
55.884172,-4.245136
55.884200,-4.245601
55.878153,-4.257802
55.877913,-4.257644
55.879007,-4.257260
55.878696,-4.257098
55.882662,-4.254003
55.878701,-4.257818
55.883318,-4.253993
55.883619,-4.252300
55.883343,-4.252156
55.883854,-4.246349
55.886535,-4.241723
55.882111,-4.252660
55.882695,-4.249272
55.883014,-4.249978
55.883902,-4.253531
55.884197,-4.249199
55.877982,-4.253875
55.879217,-4.255610
55.878075,-4.254169
55.880576,-4.255992
55.880541,-4.256966
55.880496,-4.257922
55.880801,-4.257476
55.882409,-4.255060
55.882480,-4.254632
55.882841,-4.254541
55.883371,-4.254540
55.884262,-4.254479
55.885031,-4.255196
55.885305,-4.254972
55.885294,-4.253564
55.885271,-4.252411
55.884743,-4.252748
55.884527,-4.253248
55.884425,-4.253897
55.885589,-4.250719
55.884557,-4.252114
55.878995,-4.263799
55.880418,-4.263610
55.882223,-4.263203
55.883355,-4.262758
55.883355,-4.262758
55.883747,-4.263932
55.883747,-4.263932
55.883059,-4.263684
55.882771,-4.264690
55.882771,-4.264690
55.883082,-4.260999
55.883059,-4.263684
55.882496,-4.262052
55.881223,-4.263369
55.880358,-4.262999
55.880586,-4.261845
55.880656,-4.262440
55.881039,-4.261647
55.880592,-4.260502
55.881167,-4.259065
55.883768,-4.265228
55.880324,-4.259463
55.884247,-4.263641
55.884067,-4.266557
55.882360,-4.264554
55.880053,-4.257097
55.880907,-4.256603
55.880821,-4.258309
55.883586,-4.255064
55.882827,-4.255324
55.877891,-4.261288
55.878898,-4.263186
55.879845,-4.263544
55.880211,-4.258274
55.885471,-4.249832
55.885232,-4.250570
55.885429,-4.252117
55.884910,-4.251015
55.885733,-4.256132
55.884213,-4.262056
55.884550,-4.259341
55.884136,-4.256471
55.885198,-4.258819
55.884631,-4.260801
55.884380,-4.259811
55.888572,-4.237970
55.886679,-4.235814
55.886979,-4.236615
55.887179,-4.236467
55.886860,-4.234721
55.887019,-4.233915
55.884041,-4.261630
55.887435,-4.235250
55.887594,-4.235915
55.887761,-4.236612
55.887617,-4.238555
55.888577,-4.238658
55.887276,-4.234601
55.887802,-4.234328
55.888110,-4.236168
55.888565,-4.239345
55.886357,-4.235700
55.884145,-4.260341
55.887795,-4.250479
55.889067,-4.246810
55.889377,-4.247052
55.889564,-4.244664
55.889683,-4.247022
55.890246,-4.246207
55.890049,-4.243237
55.890569,-4.242275
55.889813,-4.242855
55.884722,-4.258296
55.889960,-4.246622
55.884282,-4.258302
55.890896,-4.246548
55.890790,-4.244975
55.891295,-4.244380
55.884975,-4.256759
55.886623,-4.238370
55.885978,-4.233839
55.886085,-4.238834
55.886665,-4.237556
55.886021,-4.237903
55.887315,-4.241336
55.887106,-4.243419
55.886972,-4.245346
55.887193,-4.246078
55.887494,-4.245344
55.887315,-4.244790
55.887633,-4.242649
55.887164,-4.242702
55.888189,-4.244185
55.888056,-4.246528
55.888433,-4.248069
55.890536,-4.244128
55.896039,-4.269446
55.886910,-4.238898
55.887929,-4.248088
55.887548,-4.248289
55.887756,-4.246734
55.887124,-4.247369
55.886786,-4.247702
55.886996,-4.248497
55.888388,-4.249042
55.887452,-4.249100
55.886959,-4.251486
55.886443,-4.256125
55.886265,-4.257474
55.889233,-4.254416
55.886252,-4.256706
55.885959,-4.260462
55.886152,-4.260218
55.886339,-4.258854
55.886919,-4.260518
55.889136,-4.261207
55.890113,-4.261344
55.889477,-4.259740
55.890026,-4.260171
55.887472,-4.257336
55.892829,-4.260750
55.889782,-4.258318
55.890682,-4.256787
55.891294,-4.253752
55.891301,-4.254840
55.891039,-4.255416
55.891610,-4.256649
55.890355,-4.256960
55.891903,-4.256826
55.891685,-4.257933
55.891250,-4.257652
55.887986,-4.258246
55.891658,-4.258427
55.891301,-4.258278
55.887537,-4.258667
55.887274,-4.257868
55.894723,-4.262348
55.891031,-4.261237
55.892398,-4.260229
55.893560,-4.262536
55.894292,-4.261795
55.894018,-4.263027
55.894549,-4.263489
55.894081,-4.264006
55.893541,-4.265014
55.893283,-4.267318
55.893716,-4.266256
55.893994,-4.267280
55.894295,-4.267009
55.894600,-4.267555
55.895425,-4.266164
55.894796,-4.265183
55.893695,-4.270333
55.893042,-4.269671
55.896090,-4.265690
55.893731,-4.271279
55.895057,-4.269101
55.895614,-4.267646
55.894899,-4.266949
55.895815,-4.267914
55.894984,-4.268185
55.892590,-4.258065
55.892923,-4.258069
55.892790,-4.254542
55.892432,-4.254442
55.893192,-4.258116
55.893533,-4.258632
55.893466,-4.254438
55.893107,-4.254385
55.894972,-4.261019
55.893000,-4.259769
55.895328,-4.261679
55.895617,-4.262560
55.895701,-4.264836
55.894021,-4.260404
55.896378,-4.266139
55.896641,-4.267498
55.897189,-4.265579
55.895657,-4.269200
55.886219,-4.250675
55.884686,-4.256375
55.884207,-4.255020
55.886431,-4.245938
55.889871,-4.249495
55.889284,-4.249669
55.889653,-4.251610
55.890436,-4.253510
55.890914,-4.250995
55.890799,-4.249389
55.890542,-4.250174
55.890068,-4.250546
55.890128,-4.254132
55.890522,-4.248829
55.892137,-4.250938
55.892752,-4.250734
55.893098,-4.250498
55.886147,-4.251151
55.897132,-4.236752
55.895224,-4.243327
55.894812,-4.245719
55.895440,-4.248698
55.894594,-4.246810
55.894340,-4.247403
55.895745,-4.240383
55.893726,-4.249575
55.894014,-4.248040
55.893486,-4.245946
55.893809,-4.245005
55.893935,-4.244005
55.893301,-4.244256
55.893058,-4.247729
55.897587,-4.239913
55.896715,-4.238903
55.896878,-4.242303
55.896024,-4.249196
55.895996,-4.245851
55.895642,-4.246007
55.901085,-4.239315
55.895789,-4.246351
55.900269,-4.240180
55.900370,-4.238090
55.898571,-4.238146
55.897818,-4.239031
55.897300,-4.259059
55.899967,-4.238978
55.898672,-4.242023
55.898471,-4.245163
55.898351,-4.247795
55.898504,-4.240846
55.898271,-4.244255
55.898155,-4.240793
55.897821,-4.244309
55.897626,-4.242714
55.901009,-4.244461
55.901488,-4.241338
55.901488,-4.241338
55.901757,-4.242377
55.901757,-4.242377
55.901558,-4.243405
55.901558,-4.243405
55.900843,-4.241748
55.901423,-4.239014
55.900344,-4.237544
55.898366,-4.237079
55.898026,-4.236515
55.897705,-4.238336
55.894813,-4.239737
55.895116,-4.240874
55.898903,-4.237237
55.894726,-4.242547
55.893646,-4.240613
55.900430,-4.243660
55.898645,-4.243973
55.898731,-4.245194
55.901093,-4.248226
55.899170,-4.242276
55.900766,-4.248399
55.900540,-4.251409
55.900142,-4.253050
55.900485,-4.246559
55.902832,-4.252390
55.902832,-4.252390
55.903085,-4.253332
55.903085,-4.253332
55.902966,-4.254413
55.902281,-4.253510
55.902109,-4.252108
55.901891,-4.250783
55.901489,-4.248201
55.902966,-4.254413
55.901634,-4.246657
55.901280,-4.245837
55.901782,-4.246394
55.902048,-4.247609
55.902087,-4.249403
55.902362,-4.250587
55.897814,-4.254530
55.898460,-4.254120
55.898559,-4.252606
55.898368,-4.251267
55.898850,-4.250479
55.899647,-4.251101
55.899987,-4.252161
55.899424,-4.252000
55.899078,-4.251244
55.898834,-4.251838
55.899447,-4.253697
55.898774,-4.253130
55.899309,-4.254857
55.900503,-4.254942
55.901654,-4.254897
55.901909,-4.257631
55.901201,-4.260454
55.899108,-4.253565
55.900767,-4.257677
55.901126,-4.258194
55.901158,-4.254468
55.900306,-4.253907
55.901418,-4.258451
55.900561,-4.252754
55.900980,-4.252410
55.897372,-4.241852
55.895975,-4.257750
55.896146,-4.257248
55.897396,-4.262631
55.896956,-4.255760
55.897258,-4.252994
55.897166,-4.249662
55.896259,-4.256519
55.897201,-4.245281
55.897481,-4.245729
55.897757,-4.249776
55.898023,-4.250463
55.897976,-4.254012
55.898329,-4.253376
55.897997,-4.246495
55.898554,-4.246527
55.898625,-4.248531
55.899430,-4.249249
55.900179,-4.249532
55.899366,-4.249757
55.899456,-4.250242
55.900232,-4.251071
55.898865,-4.249152
55.901077,-4.250096
55.892476,-4.247647
55.891994,-4.246963
55.892065,-4.245048
55.892778,-4.245841
55.893792,-4.254281
55.893846,-4.256731
55.893922,-4.258479
55.897604,-4.258165
55.898641,-4.259921
55.896345,-4.261099
55.896009,-4.260823
55.898416,-4.256964
55.886102,-4.246751
55.899070,-4.279525
55.898840,-4.280279
55.898827,-4.277623
55.898713,-4.276497
55.898521,-4.277621
55.898563,-4.279239
55.898041,-4.280248
55.897764,-4.280136
55.897748,-4.279064
55.897520,-4.278794
55.897828,-4.282059
55.898432,-4.280975
55.897205,-4.281207
55.899236,-4.293787
55.898354,-4.282730
55.897505,-4.281049
55.903066,-4.284527
55.898947,-4.283245
55.898240,-4.276325
55.897986,-4.275446
55.896871,-4.273558
55.905074,-4.284325
55.903724,-4.282534
55.906419,-4.284004
55.901105,-4.295258
55.900919,-4.296062
55.900082,-4.294205
55.897110,-4.272756
55.897687,-4.274629
55.898232,-4.273333
55.897815,-4.269614
55.898154,-4.269282
55.898497,-4.272629
55.898677,-4.271632
55.898374,-4.268543
55.897734,-4.267178
55.897450,-4.267465
55.897315,-4.269457
55.897930,-4.266342
55.896623,-4.272344
55.904608,-4.289593
55.897442,-4.272311
55.903802,-4.283130
55.904929,-4.290236
55.903996,-4.283814
55.897391,-4.273140
55.897555,-4.273966
55.898044,-4.274266
55.904184,-4.287248
55.897665,-4.272404
55.903392,-4.286834
55.903632,-4.286480
55.903284,-4.287787
55.899782,-4.292012
55.898567,-4.266859
55.908173,-4.261067
55.911786,-4.270350
55.917992,-4.265208
55.921705,-4.275860
55.905046,-4.290691
55.919968,-4.285185
55.905930,-4.284199
55.920274,-4.284211
55.920272,-4.282354
55.919448,-4.294789
55.903939,-4.293169
55.904477,-4.292273
55.903997,-4.293940
55.904600,-4.294344
55.905763,-4.283533
55.904211,-4.294513
55.905663,-4.291319
55.904981,-4.294159
55.905143,-4.292696
55.904182,-4.291232
55.904601,-4.290952
55.904326,-4.291688
55.901557,-4.283558
55.901066,-4.285753
55.906079,-4.287328
55.906199,-4.288599
55.906264,-4.286539
55.902644,-4.285990
55.902224,-4.284861
55.904339,-4.287625
55.901940,-4.286620
55.901692,-4.284958
55.898043,-4.283544
55.898294,-4.282119
55.897697,-4.282788
55.906059,-4.281135
55.905604,-4.285348
55.906197,-4.282903
55.900188,-4.287541
55.901806,-4.284165
55.903882,-4.289966
55.899337,-4.288387
55.900818,-4.287034
55.904145,-4.296125
55.905437,-4.298617
55.909222,-4.285545
55.904877,-4.282841
55.906395,-4.294498
55.906696,-4.285540
55.904335,-4.285897
55.907416,-4.286463
55.904082,-4.285498
55.906413,-4.289651
55.907214,-4.281875
55.905505,-4.280974
55.905137,-4.287256
55.902503,-4.287293
55.903422,-4.285732
55.904814,-4.280918
55.902144,-4.286280
55.906116,-4.284882
55.902469,-4.295354
55.903376,-4.297839
55.903146,-4.294738
55.903272,-4.294234
55.902949,-4.295190
55.902908,-4.295940
55.902693,-4.297815
55.903371,-4.296655
55.902368,-4.297908
55.902212,-4.297131
55.901979,-4.294653
55.902697,-4.296631
55.902331,-4.293154
55.902464,-4.292762
55.901720,-4.292174
55.901567,-4.292645
55.902094,-4.295748
55.901440,-4.293182
55.901849,-4.294886
55.901119,-4.293563
55.900632,-4.292686
55.903387,-4.293409
55.903637,-4.289120
55.901646,-4.289402
55.902896,-4.289348
55.900261,-4.289913
55.904492,-4.288578
55.901937,-4.290155
55.901782,-4.287891
55.900499,-4.289207
55.901118,-4.287804
55.868142,-4.275778
55.869115,-4.276123
55.871248,-4.275017
55.869086,-4.277192
55.868503,-4.277158
55.868837,-4.278520
55.869843,-4.278563
55.870286,-4.278413
55.869320,-4.280099
55.870057,-4.277680
55.868720,-4.279984
55.870116,-4.279346
55.869849,-4.277268
55.869417,-4.276780
55.869195,-4.280539
55.870438,-4.279445
55.869277,-4.280959
55.868252,-4.277607
55.868336,-4.278906
55.869579,-4.280210
55.870014,-4.273218
55.869418,-4.272880
55.869896,-4.272284
55.870143,-4.273993
55.869732,-4.273857
55.868444,-4.265726
55.868890,-4.274223
55.868286,-4.272829
55.868371,-4.273618
55.868681,-4.273828
55.868291,-4.274540
55.868969,-4.274803
55.868513,-4.276103
55.868663,-4.272883
55.869306,-4.274088
55.868827,-4.272749
55.868675,-4.279038
55.869551,-4.271017
55.869909,-4.271118
55.869287,-4.272185
55.869057,-4.271484
55.869176,-4.270867
55.870640,-4.272408
55.869206,-4.275600
55.868271,-4.271246
55.869011,-4.270107
55.869753,-4.269335
55.870082,-4.269002
55.873495,-4.264246
55.871638,-4.267479
55.871734,-4.266685
55.872678,-4.265717
55.872876,-4.266144
55.873688,-4.263570
55.874124,-4.263307
55.870931,-4.267357
55.869301,-4.274823
55.869735,-4.274704
55.870239,-4.274638
55.870339,-4.275075
55.871063,-4.274318
55.870265,-4.275662
55.870771,-4.276475
55.870926,-4.273927
55.870707,-4.277047
55.870747,-4.275866
55.870730,-4.275322
55.871090,-4.276254
55.871331,-4.276348
55.871398,-4.277072
55.871961,-4.277728
55.872436,-4.278315
55.872563,-4.279186
55.871472,-4.279426
55.872245,-4.280830
55.872147,-4.279369
55.871271,-4.277639
55.872982,-4.278923
55.867690,-4.260312
55.868553,-4.266675
55.866997,-4.265274
55.867281,-4.264987
55.867176,-4.264341
55.871248,-4.275017
55.868009,-4.264965
55.868018,-4.262504
55.867569,-4.261519
55.867302,-4.261887
55.867367,-4.262227
55.867793,-4.263051
55.868127,-4.263454
55.867926,-4.264081
55.871248,-4.275017
55.867132,-4.262805
55.867761,-4.265718
55.868139,-4.268649
55.867643,-4.267262
55.868057,-4.267717
55.868314,-4.264999
55.868492,-4.267519
55.867720,-4.265060
55.866337,-4.260089
55.865756,-4.260886
55.865471,-4.261253
55.865794,-4.261784
55.866247,-4.261586
55.866150,-4.261980
55.865767,-4.262757
55.867022,-4.262894
55.866718,-4.263308
55.866710,-4.260319
55.866365,-4.260538
55.865948,-4.263663
55.866817,-4.259909
55.867540,-4.261118
55.867772,-4.261707
55.867079,-4.260788
55.867145,-4.260136
55.867472,-4.259931
55.867937,-4.261045
55.867124,-4.261286
55.866110,-4.260715
55.865895,-4.260207
55.866157,-4.267447
55.866584,-4.268159
55.866704,-4.266040
55.867101,-4.266415
55.867488,-4.266885
55.867350,-4.268028
55.866528,-4.267756
55.866682,-4.270626
55.867444,-4.268800
55.868035,-4.271824
55.867757,-4.268899
55.868754,-4.271834
55.868907,-4.272322
55.866812,-4.269946
55.868397,-4.271701
55.864234,-4.271810
55.864250,-4.272418
55.863704,-4.272290
55.864416,-4.272156
55.863703,-4.273792
55.864094,-4.274518
55.863900,-4.274811
55.863880,-4.275385
55.865433,-4.276483
55.865693,-4.276018
55.864472,-4.273038
55.864443,-4.277479
55.863624,-4.276121
55.863537,-4.277426
55.864392,-4.273960
55.863464,-4.277981
55.863382,-4.276586
55.864435,-4.273563
55.864149,-4.271549
55.864980,-4.274250
55.866027,-4.272058
55.865063,-4.272194
55.865684,-4.273572
55.865360,-4.275056
55.865539,-4.272685
55.865049,-4.274846
55.865075,-4.273952
55.864630,-4.274709
55.864219,-4.275037
55.864558,-4.271749
55.863433,-4.275758
55.863327,-4.275177
55.863448,-4.279323
55.863600,-4.279859
55.863863,-4.280658
55.864117,-4.281504
55.864324,-4.281516
55.864580,-4.282218
55.864523,-4.279977
55.864922,-4.282190
55.864899,-4.277618
55.865472,-4.276788
55.865291,-4.276362
55.864386,-4.281056
55.865204,-4.277652
55.865116,-4.280476
55.866525,-4.276690
55.866434,-4.277724
55.866295,-4.277476
55.866183,-4.280123
55.866184,-4.278604
55.866160,-4.279402
55.866255,-4.280143
55.866603,-4.279748
55.864139,-4.273035
55.866160,-4.279402
55.866748,-4.277758
55.866160,-4.279402
55.865652,-4.278733
55.865722,-4.276867
55.865692,-4.277521
55.866279,-4.280736
55.866560,-4.281583
55.866592,-4.282800
55.866148,-4.282022
55.865633,-4.274401
55.865964,-4.272518
55.865790,-4.275145
55.865926,-4.274114
55.866036,-4.273002
55.866436,-4.275215
55.866529,-4.273558
55.866843,-4.273624
55.867052,-4.272981
55.866907,-4.275018
55.866716,-4.275631
55.865467,-4.280944
55.865288,-4.283315
55.865361,-4.282280
55.865015,-4.283954
55.865804,-4.283601
55.866346,-4.283441
55.866017,-4.284204
55.866921,-4.284897
55.866928,-4.285984
55.865942,-4.282442
55.865965,-4.281692
55.867101,-4.287321
55.865689,-4.284441
55.865981,-4.285177
55.866210,-4.285958
55.865396,-4.285718
55.865925,-4.286277
55.866432,-4.285603
55.866816,-4.285706
55.866564,-4.284796
55.866211,-4.287348
55.866599,-4.286300
55.866451,-4.287954
55.866788,-4.289188
55.866469,-4.289409
55.866867,-4.289273
55.867189,-4.290299
55.866605,-4.271900
55.867314,-4.271926
55.868735,-4.243478
55.867785,-4.273679
55.867699,-4.275416
55.867899,-4.275796
55.867712,-4.278102
55.867903,-4.278945
55.867933,-4.277844
55.867868,-4.279886
55.867948,-4.279475
55.867735,-4.276889
55.868036,-4.273710
55.866600,-4.289609
55.866906,-4.290074
55.867291,-4.291120
55.867482,-4.291931
55.867775,-4.291676
55.868586,-4.290573
55.867923,-4.291940
55.867677,-4.293061
55.868073,-4.292525
55.868320,-4.292331
55.867793,-4.293611
55.867495,-4.292682
55.868182,-4.292963
55.859575,-4.281685
55.862597,-4.283988
55.863040,-4.283854
55.868545,-4.294231
55.863517,-4.278496
55.862019,-4.285104
55.857971,-4.268839
55.857445,-4.268074
55.856951,-4.272471
55.858801,-4.271556
55.859149,-4.271688
55.866073,-4.292822
55.858673,-4.275080
55.856257,-4.268691
55.862320,-4.283428
55.857345,-4.273980
55.863195,-4.278397
55.864513,-4.293562
55.863786,-4.292576
55.863786,-4.292576
55.860945,-4.274222
55.861525,-4.274896
55.862523,-4.274395
55.861770,-4.279161
55.862062,-4.278938
55.862659,-4.278717
55.861875,-4.277840
55.863786,-4.292576
55.862613,-4.279258
55.863786,-4.292576
55.863786,-4.292576
55.860745,-4.279213
55.866112,-4.293128
55.863786,-4.292576
55.860851,-4.278803
55.863271,-4.274774
55.858090,-4.278929
55.859720,-4.277730
55.863505,-4.278671
55.862962,-4.289491
55.862893,-4.288368
55.862896,-4.287281
55.862319,-4.287359
55.862504,-4.288041
55.861528,-4.278156
55.861652,-4.278259
55.859979,-4.280270
55.859953,-4.279725
55.861237,-4.272498
55.860917,-4.273278
55.861136,-4.275080
55.859832,-4.282355
55.861672,-4.273753
55.861526,-4.272946
55.862058,-4.273329
55.862356,-4.272739
55.862358,-4.272643
55.856881,-4.275743
55.860022,-4.280880
55.858444,-4.281139
55.857993,-4.281225
55.857698,-4.279673
55.858633,-4.282604
55.857944,-4.282884
55.857342,-4.276105
55.859004,-4.281939
55.857859,-4.280689
55.861439,-4.268850
55.856951,-4.272471
55.861629,-4.276580
55.858940,-4.276183
55.857414,-4.273169
55.859163,-4.277234
55.857253,-4.275109
55.857709,-4.272787
55.857253,-4.275109
55.857709,-4.272787
55.857619,-4.279077
55.861868,-4.284073
55.862189,-4.280320
55.862315,-4.276907
55.857428,-4.272419
55.864647,-4.295056
55.862620,-4.277900
55.863468,-4.282105
55.862839,-4.282595
55.863555,-4.284683
55.864617,-4.286040
55.863612,-4.288362
55.864954,-4.283407
55.863734,-4.284230
55.859792,-4.270464
55.862650,-4.276783
55.863553,-4.288167
55.863628,-4.280260
55.864180,-4.281987
55.864692,-4.283487
55.864173,-4.282850
55.864391,-4.283725
55.864624,-4.284730
55.864749,-4.285217
55.864351,-4.286839
55.865296,-4.287694
55.861905,-4.284490
55.863708,-4.289519
55.862030,-4.284546
55.863958,-4.290061
55.862877,-4.277116
55.865036,-4.293017
55.866720,-4.301459
55.865168,-4.286408
55.866294,-4.300683
55.864631,-4.287255
55.864940,-4.288025
55.865669,-4.288947
55.864514,-4.288703
55.864474,-4.293224
55.864995,-4.294709
55.864492,-4.291339
55.864270,-4.294043
55.864031,-4.294380
55.864767,-4.289581
55.863959,-4.290972
55.863515,-4.291665
55.867559,-4.293581
55.868263,-4.297779
55.867998,-4.301871
55.864648,-4.299355
55.864331,-4.296587
55.868067,-4.301076
55.865092,-4.295769
55.864007,-4.297543
55.861524,-4.296246
55.867380,-4.301770
55.864014,-4.295722
55.859756,-4.289829
55.868078,-4.302850
55.867404,-4.302874
55.866744,-4.291040
55.866641,-4.291274
55.866677,-4.291739
55.867147,-4.291607
55.866926,-4.291898
55.867294,-4.292383
55.867089,-4.292802
55.866715,-4.292620
55.865498,-4.292309
55.861873,-4.284281
55.863309,-4.273210
55.866724,-4.292126
55.860203,-4.268650
55.864721,-4.307430
55.866516,-4.293648
55.862311,-4.276156
55.865724,-4.291747
55.866407,-4.291308
55.866516,-4.293648
55.866397,-4.292762
55.864829,-4.293980
55.866796,-4.293568
55.867103,-4.293938
55.866793,-4.294175
55.866875,-4.294612
55.866488,-4.294637
55.866673,-4.296790
55.866396,-4.295255
55.866873,-4.295187
55.867093,-4.294960
55.865445,-4.293696
55.865391,-4.294684
55.865561,-4.296660
55.865738,-4.295328
55.864908,-4.285370
55.865106,-4.284870
55.865581,-4.286432
55.865832,-4.288397
55.866158,-4.288256
55.866912,-4.290698
55.866370,-4.290874
55.866048,-4.290280
55.865365,-4.286915
55.866026,-4.290023
55.863257,-4.271193
55.868735,-4.243478
55.865927,-4.290512
55.864890,-4.291666
55.861878,-4.270905
55.861763,-4.267382
55.860694,-4.272242
55.861342,-4.273654
55.860765,-4.272758
55.861885,-4.274421
55.861818,-4.274161
55.861495,-4.271682
55.861904,-4.271434
55.862783,-4.272028
55.862668,-4.273860
55.868735,-4.243478
55.862279,-4.275483
55.863186,-4.275999
55.863179,-4.277326
55.863272,-4.279121
55.860890,-4.288793
55.868735,-4.243478
55.868735,-4.243478
55.868735,-4.243478
55.868735,-4.243478
55.868735,-4.243478
55.868735,-4.243478
55.868735,-4.243478
55.868735,-4.243478
55.868735,-4.243478
55.868735,-4.243478
55.868735,-4.243478
55.868735,-4.243478
55.857688,-4.224289
55.856104,-4.227889
55.855772,-4.226352
55.854840,-4.217287
55.856167,-4.225416
55.856206,-4.227192
55.855521,-4.225843
55.855095,-4.216056
55.854867,-4.217273
55.857050,-4.231203
55.857919,-4.229879
55.858585,-4.217916
55.858262,-4.218361
55.857884,-4.218420
55.857262,-4.218512
55.857033,-4.218259
55.857356,-4.217798
55.857973,-4.218936
55.857976,-4.217786
55.857319,-4.217349
55.857841,-4.217331
55.855564,-4.216466
55.855654,-4.223454
55.856031,-4.223954
55.855726,-4.224448
55.858411,-4.224538
55.857835,-4.226103
55.857906,-4.226634
55.858471,-4.227705
55.858406,-4.227318
55.860161,-4.229672
55.858359,-4.226948
55.858420,-4.230003
55.858294,-4.226545
55.858199,-4.225868
55.855717,-4.218472
55.856116,-4.217280
55.858143,-4.225465
55.858078,-4.225078
55.857649,-4.224942
55.857866,-4.224858
55.858075,-4.224774
55.855781,-4.216910
55.858079,-4.210058
55.857981,-4.209014
55.857954,-4.208021
55.858791,-4.209954
55.857320,-4.203767
55.858126,-4.205474
55.858001,-4.203885
55.858179,-4.212492
55.860677,-4.210509
55.857849,-4.212346
55.857140,-4.212337
55.858407,-4.211850
55.857500,-4.209801
55.857239,-4.211832
55.857959,-4.210770
55.857066,-4.208418
55.857395,-4.207622
55.858275,-4.217164
55.858588,-4.215759
55.858555,-4.215070
55.858517,-4.213694
55.858072,-4.213972
55.858250,-4.214574
55.858243,-4.213966
55.857742,-4.215328
55.858086,-4.215187
55.858304,-4.216063
55.858296,-4.215503
55.857573,-4.216708
55.857976,-4.214782
55.858004,-4.216717
55.857094,-4.216841
55.856268,-4.216826
55.858166,-4.216247
55.858149,-4.222126
55.858213,-4.220100
55.858521,-4.219990
55.858211,-4.219189
55.857837,-4.219999
55.857217,-4.220027
55.856888,-4.220312
55.857663,-4.220692
55.857933,-4.221155
55.857980,-4.219544
55.857267,-4.221245
55.858494,-4.220947
55.858121,-4.223690
55.857941,-4.221747
55.857433,-4.221973
55.857025,-4.221678
55.857861,-4.222189
55.857790,-4.223608
55.857489,-4.222839
55.856927,-4.223606
55.855675,-4.221809
55.855994,-4.222514
55.855402,-4.218486
55.864570,-4.229860
55.856368,-4.231164
55.856238,-4.230406
55.856687,-4.231933
55.856623,-4.230987
55.856581,-4.230345
55.859670,-4.227486
55.860623,-4.220494
55.860205,-4.220757
55.860010,-4.220107
55.861095,-4.224260
55.861441,-4.225990
55.860768,-4.224417
55.860173,-4.224543
55.859559,-4.224683
55.860567,-4.225125
55.861060,-4.225664
55.860321,-4.225798
55.858858,-4.224196
55.862889,-4.219936
55.865237,-4.232232
55.865482,-4.231607
55.865715,-4.235120
55.865049,-4.228737
55.865000,-4.227472
55.863360,-4.225236
55.863809,-4.225262
55.862621,-4.222365
55.863381,-4.221562
55.864364,-4.225869
55.863625,-4.226450
55.864606,-4.224924
55.863914,-4.227394
55.859783,-4.226726
55.864356,-4.227818
55.859155,-4.224149
55.864371,-4.233892
55.859154,-4.222759
55.858978,-4.226488
55.859844,-4.222830
55.860220,-4.223922
55.860241,-4.223284
55.860681,-4.222766
55.861398,-4.222871
55.861751,-4.224233
55.861925,-4.223045
55.862595,-4.223818
55.861837,-4.225932
55.862407,-4.224766
55.863028,-4.223188
55.862133,-4.224990
55.862168,-4.223554
55.861704,-4.226836
55.861572,-4.227659
55.861900,-4.227422
55.862515,-4.225252
55.858881,-4.220921
55.858818,-4.220422
55.858975,-4.219680
55.858701,-4.219441
55.858605,-4.218796
55.858685,-4.218354
55.859539,-4.218818
55.859632,-4.219654
55.859260,-4.219856
55.860159,-4.218837
55.860976,-4.219363
55.860798,-4.218810
55.861527,-4.218755
55.859421,-4.219370
55.861501,-4.220656
55.861887,-4.220694
55.860936,-4.221614
55.859725,-4.221465
55.859438,-4.220969
55.860693,-4.222143
55.860322,-4.222266
55.860240,-4.227263
55.860509,-4.226320
55.862185,-4.221621
55.862545,-4.221594
55.862220,-4.220697
55.859431,-4.220330
55.862155,-4.219782
55.861885,-4.218792
55.862209,-4.217787
55.862496,-4.217820
55.862520,-4.221001
55.862614,-4.218737
55.862796,-4.217645
55.863093,-4.217103
55.863132,-4.219950
55.863118,-4.221195
55.863296,-4.220822
55.863658,-4.219660
55.863552,-4.218599
55.860897,-4.215268
55.860862,-4.215761
55.860728,-4.216696
55.860928,-4.218050
55.861215,-4.218082
55.861210,-4.217363
55.861493,-4.216644
55.861526,-4.217780
55.861863,-4.217560
55.861969,-4.216655
55.861907,-4.216108
55.861857,-4.215370
55.861386,-4.214081
55.861764,-4.213064
55.861452,-4.211416
55.861277,-4.216152
55.861767,-4.211881
55.859309,-4.217638
55.858992,-4.217796
55.859550,-4.216725
55.859649,-4.218201
55.859648,-4.216794
55.859965,-4.218123
55.859948,-4.217067
55.860116,-4.216741
55.860274,-4.217421
55.860294,-4.218349
55.860587,-4.218046
55.860581,-4.217343
55.860218,-4.216076
55.859008,-4.215895
55.859604,-4.216233
55.858998,-4.214968
55.859306,-4.215784
55.859296,-4.214873
55.858700,-4.214535
55.858800,-4.213966
55.858993,-4.213705
55.859262,-4.212778
55.859391,-4.214559
55.859581,-4.214521
55.859943,-4.215852
55.859934,-4.214877
55.860112,-4.214488
55.860252,-4.215151
55.860759,-4.214477
55.860059,-4.213925
55.859594,-4.212780
55.859421,-4.212387
55.860530,-4.213729
55.860569,-4.215041
55.858658,-4.213334
55.862244,-4.215360
55.862053,-4.214470
55.861884,-4.213886
55.862196,-4.212513
55.862487,-4.211826
55.862634,-4.212682
55.862775,-4.213824
55.862926,-4.214408
55.862535,-4.214674
55.862987,-4.215003
55.863063,-4.215775
55.862743,-4.216587
55.862481,-4.213168
55.861354,-4.211346
55.861868,-4.211296
55.862742,-4.211170
55.862573,-4.210073
55.862309,-4.209755
55.862508,-4.209143
55.861980,-4.209017
55.862369,-4.208416
55.858642,-4.216753
55.858733,-4.216167
55.858694,-4.221342
55.858684,-4.222860
55.863924,-4.221353
55.864537,-4.222251
55.865133,-4.221582
55.865197,-4.220067
55.865329,-4.222201
55.864747,-4.221592
55.866038,-4.219252
55.863808,-4.223808
55.865245,-4.225840
55.864426,-4.220934
55.863191,-4.214663
55.863540,-4.217767
55.863086,-4.213491
55.862990,-4.212334
55.862931,-4.211644
55.863295,-4.211904
55.863459,-4.212249
55.863403,-4.212853
55.863396,-4.213284
55.863569,-4.215164
55.863610,-4.214335
55.863449,-4.213815
55.863936,-4.215233
55.864315,-4.215111
55.863678,-4.211574
55.863820,-4.213181
55.864015,-4.211849
55.864094,-4.212957
55.864523,-4.213572
55.864577,-4.214087
55.864411,-4.211776
55.864500,-4.212868
55.864789,-4.212756
55.864870,-4.213752
55.865079,-4.212629
55.865420,-4.213144
55.864109,-4.218567
55.863760,-4.216997
55.863752,-4.215942
55.864453,-4.216445
55.864546,-4.217297
55.865430,-4.217619
55.863952,-4.218318
55.865316,-4.216446
55.864956,-4.216490
55.864671,-4.214827
55.865674,-4.214517
55.865616,-4.215233
55.865381,-4.212806
55.864904,-4.212395
55.863424,-4.211224
55.864086,-4.211374
55.864608,-4.210349
55.864735,-4.210276
55.865014,-4.210260
55.865374,-4.210696
55.865421,-4.210091
55.865768,-4.210798
55.865990,-4.211466
55.866177,-4.210038
55.866838,-4.211275
55.866883,-4.210286
55.862779,-4.209606
55.863686,-4.208155
55.863236,-4.207650
55.863001,-4.208244
55.862824,-4.206076
55.862720,-4.208899
55.863175,-4.203028
55.863142,-4.206382
55.863477,-4.205762
55.862638,-4.207424
55.862583,-4.206494
55.862340,-4.206017
55.862241,-4.205532
55.861801,-4.205507
55.862286,-4.206493
55.862342,-4.207391
55.862305,-4.204976
55.861873,-4.204968
55.861999,-4.204463
55.862385,-4.204006
55.861796,-4.203797
55.862486,-4.205370
55.861786,-4.203333
55.862147,-4.203241
55.862298,-4.202834
55.862202,-4.203708
55.866320,-4.211597
55.862481,-4.207671
55.862041,-4.208125
55.860999,-4.208114
55.861351,-4.207543
55.861061,-4.206679
55.860822,-4.203438
55.860916,-4.204754
55.861273,-4.205381
55.860792,-4.207128
55.861197,-4.204098
55.861456,-4.203186
55.861418,-4.202785
55.861530,-4.204053
55.861397,-4.205979
55.861574,-4.205142
55.861445,-4.207309
55.861426,-4.206381
55.860463,-4.205926
55.860267,-4.202831
55.860339,-4.200310
55.860443,-4.207076
55.860254,-4.206090
55.860577,-4.206588
55.860226,-4.199090
55.861064,-4.209029
55.862174,-4.201741
55.861342,-4.202045
55.862102,-4.202727
55.861718,-4.202610
55.861054,-4.202524
55.860767,-4.202492
55.861977,-4.202209
55.860726,-4.201818
55.860715,-4.200412
55.861154,-4.200996
55.861387,-4.201536
55.861933,-4.200656
55.861119,-4.199907
55.861020,-4.200445
55.861784,-4.199401
55.861793,-4.198938
55.861103,-4.199283
55.858121,-4.202214
55.858222,-4.204601
55.858985,-4.204644
55.858448,-4.204023
55.858255,-4.206265
55.858407,-4.206849
55.858584,-4.205452
55.858849,-4.205212
55.859188,-4.205375
55.852786,-4.212058
55.853318,-4.211449
55.853653,-4.213305
55.852878,-4.211424
55.851426,-4.212731
55.852175,-4.213030
55.852358,-4.212385
55.851609,-4.214052
55.851952,-4.211467
55.850470,-4.210904
55.850801,-4.211002
55.851870,-4.215009
55.851887,-4.213045
55.851066,-4.210251
55.850643,-4.210259
55.848324,-4.191196
55.848649,-4.201183
55.847113,-4.196128
55.856372,-4.209561
55.855081,-4.208370
55.848192,-4.195582
55.853472,-4.207399
55.849524,-4.195497
55.847551,-4.192750
55.847673,-4.191958
55.852252,-4.207762
55.854652,-4.212723
55.849988,-4.196179
55.856211,-4.206021
55.851880,-4.210473
55.852555,-4.209872
55.851672,-4.209997
55.852454,-4.210537
55.851934,-4.210971
55.852690,-4.210391
55.853079,-4.210269
55.851687,-4.199677
55.852209,-4.199643
55.852145,-4.200662
55.853531,-4.203616
55.853889,-4.199642
55.853756,-4.205067
55.853459,-4.207111
55.854068,-4.207242
55.847570,-4.202240
55.853423,-4.206630
55.847620,-4.201940
55.847581,-4.201602
55.851505,-4.197782
55.851900,-4.198795
55.847711,-4.188798
55.847807,-4.190480
55.847570,-4.189636
55.851023,-4.198106
55.847006,-4.186969
55.850291,-4.198816
55.849184,-4.199935
55.849557,-4.200180
55.851254,-4.201251
55.847079,-4.189481
55.849174,-4.201500
55.849793,-4.202063
55.846802,-4.189897
55.850738,-4.200950
55.851087,-4.198525
55.851288,-4.198377
55.849398,-4.201002
55.846380,-4.188355
55.849922,-4.201367
55.849634,-4.199370
55.853831,-4.214402
55.848074,-4.202205
55.847949,-4.201639
55.847894,-4.201716
55.847242,-4.201471
55.847462,-4.200701
55.847100,-4.200872
55.849527,-4.197303
55.848180,-4.199799
55.848180,-4.199799
55.848027,-4.200765
55.848027,-4.200765
55.847693,-4.199388
55.847693,-4.199388
55.848154,-4.198695
55.847562,-4.198630
55.847956,-4.198221
55.847578,-4.197752
55.847217,-4.197843
55.847708,-4.197040
55.847467,-4.193385
55.848639,-4.197221
55.846845,-4.190969
55.846185,-4.188680
55.845959,-4.199322
55.846179,-4.198615
55.845383,-4.196877
55.846995,-4.198214
55.846431,-4.197048
55.846706,-4.198757
55.846967,-4.195721
55.846299,-4.194916
55.846886,-4.194230
55.846280,-4.193973
55.846209,-4.195902
55.845679,-4.195408
55.845037,-4.200628
55.845056,-4.199079
55.844677,-4.194617
55.843754,-4.199022
55.845996,-4.197263
55.843421,-4.192502
55.845962,-4.198156
55.847529,-4.191423
55.843634,-4.200676
55.843171,-4.199963
55.846774,-4.191940
55.846039,-4.191307
55.845095,-4.190823
55.845326,-4.188472
55.846070,-4.189584
55.844987,-4.188309
55.845727,-4.189676
55.845754,-4.190173
55.845331,-4.190213
55.844748,-4.191650
55.844519,-4.191877
55.843900,-4.189797
55.843768,-4.190189
55.843466,-4.190476
55.844227,-4.192148
55.844452,-4.192624
55.843923,-4.191060
55.851051,-4.197517
55.850578,-4.197330
55.850048,-4.197859
55.850231,-4.198141
55.850005,-4.196723
55.849174,-4.197954
55.849168,-4.198784
55.848951,-4.199379
55.850824,-4.195667
55.849999,-4.193016
55.849451,-4.191483
55.848826,-4.189771
55.848853,-4.190747
55.848325,-4.190158
55.848566,-4.190715
55.849049,-4.190343
55.849662,-4.193301
55.850148,-4.194766
55.850599,-4.196181
55.850815,-4.196641
55.848485,-4.189752
55.848210,-4.189049
55.847944,-4.188331
55.847659,-4.187660
55.847342,-4.186796
55.847430,-4.185890
55.848168,-4.187865
55.848563,-4.188861
55.849537,-4.189699
55.851154,-4.192266
55.850359,-4.193020
55.851865,-4.190181
55.850569,-4.182728
55.850849,-4.182663
55.850996,-4.190532
55.850436,-4.189670
55.850226,-4.188348
55.849890,-4.188537
55.852443,-4.194560
55.851222,-4.196009
55.851359,-4.194866
55.851255,-4.194141
55.851090,-4.194372
55.851707,-4.192026
55.852012,-4.189007
55.852224,-4.187214
55.851535,-4.193103
55.852136,-4.188120
55.852336,-4.186437
55.852223,-4.186223
55.851868,-4.186970
55.851432,-4.196851
55.851773,-4.196359
55.851502,-4.195944
55.851986,-4.197042
55.852577,-4.193609
55.851732,-4.194152
55.851720,-4.195318
55.851917,-4.192852
55.851994,-4.192026
55.851849,-4.194095
55.852181,-4.192116
55.852371,-4.190050
55.852264,-4.189517
55.852443,-4.189000
55.852548,-4.188175
55.854044,-4.191966
55.853061,-4.184114
55.852584,-4.183096
55.852077,-4.183307
55.851814,-4.184986
55.851837,-4.183661
55.850951,-4.189539
55.851425,-4.184645
55.852488,-4.184976
55.850311,-4.184614
55.850807,-4.187039
55.850610,-4.183465
55.851851,-4.188439
55.851748,-4.185638
55.851455,-4.187506
55.851623,-4.186126
55.850973,-4.185275
55.849924,-4.191718
55.851180,-4.187299
55.849977,-4.191257
55.853511,-4.197192
55.856616,-4.201426
55.853798,-4.197192
55.853326,-4.195968
55.851705,-4.197122
55.852323,-4.197764
55.851778,-4.197590
55.850588,-4.194263
55.849790,-4.191167
55.849520,-4.188116
55.849191,-4.186932
55.848535,-4.187454
55.847957,-4.186048
55.848649,-4.185559
55.849620,-4.185039
55.832137,-4.170501
55.832137,-4.170501
55.832137,-4.170501
55.832137,-4.170501
55.832137,-4.170501
55.832137,-4.170501
55.832137,-4.170501
55.832137,-4.170501
55.859552,-4.154932
55.860033,-4.153648
55.859980,-4.152558
55.860170,-4.150955
55.860287,-4.151968
55.860965,-4.154307
55.860951,-4.152516
55.861696,-4.151535
55.861606,-4.153623
55.850717,-4.150337
55.860543,-4.154299
55.860383,-4.157263
55.861363,-4.155671
55.861820,-4.158861
55.861805,-4.162791
55.860922,-4.163940
55.861138,-4.163889
55.861436,-4.163282
55.861220,-4.161256
55.856159,-4.154153
55.850857,-4.146942
55.860922,-4.159850
55.861259,-4.157519
55.861268,-4.158542
55.861583,-4.160046
55.860596,-4.158425
55.860034,-4.156652
55.858971,-4.156274
55.858199,-4.156215
55.858914,-4.156974
55.857596,-4.158355
55.858754,-4.158387
55.857915,-4.159123
55.858549,-4.160341
55.857444,-4.161366
55.857970,-4.157481
55.858442,-4.161837
55.859077,-4.160978
55.860123,-4.160780
55.857740,-4.160392
55.859730,-4.161174
55.860513,-4.161617
55.860124,-4.160205
55.859575,-4.159743
55.860184,-4.159361
55.859744,-4.158314
55.860003,-4.157913
55.859590,-4.156883
55.850555,-4.145743
55.851564,-4.150735
55.851088,-4.148632
55.850323,-4.146656
55.852280,-4.149353
55.852012,-4.147181
55.851218,-4.149422
55.851463,-4.145729
55.852179,-4.145369
55.852540,-4.146331
55.852632,-4.154405
55.851894,-4.153437
55.854176,-4.152956
55.854557,-4.154288
55.856574,-4.154575
55.857058,-4.154138
55.856366,-4.153157
55.855564,-4.152746
55.855817,-4.153686
55.856188,-4.150463
55.856063,-4.151958
55.852186,-4.158342
55.852521,-4.157642
55.851346,-4.155995
55.855513,-4.152056
55.850875,-4.147470
55.851841,-4.154936
55.852016,-4.156224
55.856155,-4.152874
55.857059,-4.152573
55.857324,-4.152827
55.857070,-4.151934
55.856938,-4.151256
55.857725,-4.151507
55.858183,-4.149966
55.858614,-4.151540
55.858006,-4.153408
55.857534,-4.146958
55.859057,-4.151916
55.857503,-4.149817
55.859250,-4.152646
55.858969,-4.153861
55.858665,-4.153732
55.857947,-4.155242
55.859580,-4.155892
55.857076,-4.150081
55.857159,-4.147353
55.849728,-4.132326
55.857645,-4.155034
55.857703,-4.154781
55.857003,-4.147057
55.857013,-4.148016
55.858201,-4.154042
55.857170,-4.155439
55.855702,-4.154623
55.855340,-4.155769
55.855605,-4.155560
55.856528,-4.155707
55.857291,-4.156740
55.856733,-4.157332
55.856963,-4.157505
55.856406,-4.157506
55.855963,-4.155116
55.855994,-4.156940
55.856091,-4.159054
55.857238,-4.159278
55.855326,-4.158644
55.855733,-4.159514
55.855248,-4.160509
55.855239,-4.163608
55.855267,-4.161996
55.856054,-4.160139
55.856112,-4.164040
55.848814,-4.136828
55.848637,-4.137681
55.856470,-4.165099
55.848975,-4.137892
55.854233,-4.163025
55.853462,-4.159324
55.853973,-4.158889
55.854199,-4.160355
55.854458,-4.160977
55.854767,-4.160802
55.854663,-4.162618
55.854872,-4.159897
55.854821,-4.159255
55.854921,-4.158654
55.855377,-4.157241
55.847624,-4.144255
55.854471,-4.158725
55.849410,-4.147469
55.848539,-4.146894
55.849767,-4.146594
55.849417,-4.145520
55.848749,-4.143135
55.848849,-4.145105
55.847552,-4.143724
55.845892,-4.137371
55.848245,-4.144721
55.848322,-4.138207
55.847762,-4.140956
55.847518,-4.141582
55.847210,-4.139121
55.846832,-4.139691
55.845288,-4.137002
55.847955,-4.142788
55.848879,-4.139244
55.849578,-4.137845
55.850057,-4.140779
55.849589,-4.141312
55.845045,-4.139081
55.849301,-4.140833
55.848928,-4.141100
55.848076,-4.142012
55.848097,-4.141342
55.848987,-4.142333
55.849779,-4.142313
55.849990,-4.137915
55.846294,-4.142680
55.847081,-4.141877
55.845890,-4.140582
55.850026,-4.145154
55.850325,-4.143429
55.850201,-4.144381
55.851910,-4.141184
55.850531,-4.136779
55.849814,-4.134615
55.849481,-4.133047
55.849331,-4.133422
55.850249,-4.133856
55.850829,-4.144416
55.851203,-4.143590
55.851248,-4.143097
55.850476,-4.142511
55.850981,-4.141932
55.847658,-4.133490
55.832137,-4.170501
55.832137,-4.170501
55.832137,-4.170501
55.832137,-4.170501
55.832137,-4.170501
55.832137,-4.170501
55.832137,-4.170501
55.854382,-4.180034
55.855436,-4.180923
55.861486,-4.182845
55.856327,-4.181852
55.854528,-4.177374
55.858224,-4.181288
55.857504,-4.179825
55.858121,-4.179508
55.858528,-4.183414
55.857986,-4.178542
55.855437,-4.178862
55.855195,-4.175733
55.859230,-4.186409
55.858164,-4.180661
55.854278,-4.175794
55.861636,-4.195110
55.857255,-4.184269
55.857306,-4.190008
55.858319,-4.190129
55.858347,-4.192064
55.855563,-4.187961
55.857736,-4.186038
55.855854,-4.185213
55.858009,-4.191374
55.856862,-4.188146
55.854242,-4.188957
55.861819,-4.192931
55.856076,-4.189412
55.857674,-4.182455
55.858342,-4.185800
55.855853,-4.191860
55.855544,-4.190021
55.855839,-4.190086
55.855166,-4.188530
55.857931,-4.182150
55.858532,-4.185204
55.857913,-4.188173
55.857248,-4.189206
55.857969,-4.190078
55.859031,-4.187485
55.858935,-4.189860
55.858640,-4.187734
55.858967,-4.192099
55.858843,-4.193498
55.859413,-4.191757
55.859819,-4.189143
55.859498,-4.189013
55.859503,-4.187224
55.859432,-4.185158
55.858868,-4.184535
55.853926,-4.186495
55.855985,-4.183894
55.855716,-4.193450
55.856595,-4.194602
55.856182,-4.195074
55.855593,-4.187244
55.856182,-4.195569
55.856880,-4.195705
55.856916,-4.192223
55.857406,-4.193433
55.858145,-4.194370
55.857509,-4.194734
55.857147,-4.193866
55.856732,-4.189912
55.856588,-4.190943
55.857081,-4.191514
55.857082,-4.190459
55.857802,-4.195437
55.858225,-4.196420
55.858637,-4.194973
55.858326,-4.194780
55.857943,-4.196100
55.858826,-4.182328
55.859846,-4.186636
55.860115,-4.187194
55.860256,-4.185844
55.860973,-4.195009
55.860650,-4.185914
55.861803,-4.184764
55.862119,-4.184127
55.862326,-4.184634
55.862104,-4.187018
55.860465,-4.187182
55.861269,-4.186955
55.860720,-4.187500
55.861232,-4.187529
55.861717,-4.187572
55.861958,-4.188672
55.861672,-4.188560
55.861212,-4.188678
55.860581,-4.188770
55.860238,-4.188879
55.860366,-4.190229
55.861651,-4.189246
55.861989,-4.190432
55.859842,-4.191429
55.860287,-4.192158
55.859249,-4.194416
55.861209,-4.190340
55.860864,-4.192030
55.861777,-4.192258
55.861087,-4.185603
55.861392,-4.185636
55.861218,-4.184268
55.860923,-4.184203
55.861569,-4.183744
55.862371,-4.181616
55.862278,-4.180236
55.862509,-4.179386
55.862185,-4.178889
55.861671,-4.179020
55.862368,-4.182271
55.862317,-4.177554
55.862094,-4.175943
55.862191,-4.174510
55.862091,-4.172571
55.861490,-4.180608
55.862019,-4.169978
55.861942,-4.167225
55.862164,-4.168420
55.861627,-4.166728
55.861609,-4.170834
55.861699,-4.172837
55.861248,-4.173451
55.861196,-4.179425
55.859216,-4.163334
55.859743,-4.163012
55.860271,-4.163089
55.861708,-4.175922
55.860988,-4.195665
55.861323,-4.194038
55.858434,-4.178071
55.858599,-4.178944
55.859311,-4.177290
55.859310,-4.178872
55.860144,-4.180005
55.860252,-4.178940
55.860626,-4.177108
55.861302,-4.177033
55.860945,-4.178883
55.860732,-4.180262
55.860740,-4.180853
55.859978,-4.177199
55.860613,-4.183451
55.859805,-4.184924
55.860343,-4.182956
55.859833,-4.181825
55.859927,-4.180568
55.859318,-4.182979
55.859142,-4.181722
55.858905,-4.180926
55.859028,-4.170435
55.859437,-4.168108
55.859256,-4.166165
55.859704,-4.169801
55.859797,-4.166562
55.860244,-4.164638
55.858768,-4.169381
55.858285,-4.170745
55.858590,-4.168253
55.858840,-4.165774
55.857623,-4.177195
55.859447,-4.165025
55.859297,-4.173518
55.860725,-4.170993
55.861251,-4.171789
55.860721,-4.172750
55.860760,-4.174143
55.861480,-4.174582
55.860825,-4.176048
55.860461,-4.175277
55.860385,-4.173483
55.860167,-4.176171
55.860055,-4.175382
55.859605,-4.174366
55.859860,-4.176202
55.859135,-4.175522
55.858831,-4.176496
55.858475,-4.176779
55.859738,-4.173462
55.857472,-4.178625
55.857578,-4.179254
55.858582,-4.175843
55.860841,-4.169034
55.858390,-4.173483
55.857874,-4.173167
55.858403,-4.164088
55.857913,-4.168902
55.857038,-4.171154
55.857080,-4.170294
55.854208,-4.165996
55.854612,-4.168079
55.854751,-4.170851
55.854966,-4.168355
55.855848,-4.165719
55.855455,-4.165122
55.854359,-4.170174
55.855413,-4.165935
55.856013,-4.169643
55.854003,-4.172998
55.855643,-4.164094
55.855011,-4.164810
55.854850,-4.164721
55.854396,-4.167061
55.850010,-4.172679
55.849979,-4.169850
55.850708,-4.169252
55.849349,-4.170390
55.849162,-4.172345
55.848575,-4.170970
55.848350,-4.170462
55.848510,-4.168011
55.848180,-4.168887
55.848811,-4.170344
55.847520,-4.172205
55.848732,-4.172257
55.848896,-4.174199
55.848594,-4.174501
55.848805,-4.168139
55.848644,-4.175207
55.849453,-4.175700
55.849847,-4.176824
55.849726,-4.177536
55.850741,-4.177593
55.850446,-4.176953
55.850883,-4.176147
55.844280,-4.175011
55.849789,-4.174504
55.849425,-4.174228
55.849907,-4.173936
55.851632,-4.181589
55.850701,-4.173229
55.850214,-4.175359
55.851778,-4.174823
55.852011,-4.164180
55.852064,-4.163720
55.851933,-4.175742
55.850403,-4.174315
55.850758,-4.175086
55.852063,-4.177507
55.851540,-4.177606
55.851153,-4.177137
55.852283,-4.179836
55.851709,-4.176721
55.852030,-4.176834
55.851945,-4.178635
55.851685,-4.179563
55.852412,-4.181185
55.852138,-4.182416
55.852504,-4.179034
55.852702,-4.180035
55.852667,-4.180992
55.852757,-4.181956
55.852979,-4.181137
55.853542,-4.178740
55.853119,-4.179787
55.852760,-4.178760
55.853281,-4.178262
55.852975,-4.177814
55.853092,-4.177261
55.852576,-4.176961
55.853621,-4.174271
55.853207,-4.173801
55.853265,-4.174619
55.853328,-4.175118
55.852916,-4.175542
55.852661,-4.175735
55.852318,-4.174294
55.851733,-4.162599
55.852670,-4.165559
55.852184,-4.163007
55.852875,-4.168222
55.852820,-4.167260
55.853336,-4.166522
55.853481,-4.167489
55.853297,-4.168230
55.852296,-4.165362
55.851769,-4.164646
55.853185,-4.165923
55.852288,-4.169899
55.851783,-4.181166
55.852690,-4.173053
55.852191,-4.171315
55.852790,-4.172499
55.853031,-4.172081
55.852666,-4.171869
55.852596,-4.171290
55.852728,-4.170946
55.852507,-4.170694
55.851881,-4.171058
55.852165,-4.170739
55.851258,-4.174746
55.852558,-4.168859
55.852352,-4.167810
55.852436,-4.167095
55.852090,-4.166820
55.851667,-4.165854
55.851634,-4.163120
55.851296,-4.175675
55.852278,-4.176529
55.852158,-4.175691
55.852046,-4.173943
55.852002,-4.173366
55.852021,-4.172296
55.851819,-4.169969
55.851768,-4.168288
55.851801,-4.167459
55.851432,-4.165921
55.851465,-4.168639
55.851586,-4.170451
55.851472,-4.167745
55.851618,-4.171172
55.851561,-4.169826
55.848208,-4.174464
55.847674,-4.174642
55.847417,-4.174947
55.846829,-4.173684
55.848527,-4.173683
55.848013,-4.172776
55.846016,-4.174917
55.844969,-4.175673
55.845321,-4.177593
55.845862,-4.175483
55.847513,-4.173083
55.846550,-4.172183
55.845849,-4.173709
55.845144,-4.173414
55.845271,-4.172814
55.844891,-4.171978
55.844171,-4.171986
55.845437,-4.171546
55.843941,-4.170791
55.847546,-4.171248
55.847338,-4.171284
55.846871,-4.170763
55.846450,-4.171219
55.845848,-4.170195
55.845743,-4.168464
55.847997,-4.166065
55.847234,-4.165496
55.846125,-4.165178
55.847479,-4.168896
55.845962,-4.165776
55.844825,-4.164467
55.845045,-4.165278
55.844693,-4.165866
55.846428,-4.166361
55.845299,-4.166139
55.844387,-4.166376
55.845140,-4.167536
55.845348,-4.166956
55.846022,-4.167441
55.847001,-4.166952
55.847793,-4.167396
55.846348,-4.168817
55.846972,-4.167590
55.844177,-4.166060
55.842879,-4.165781
55.849607,-4.170069
55.848956,-4.169777
55.849834,-4.168356
55.848956,-4.166726
55.849454,-4.166466
55.850278,-4.166624
55.850471,-4.168456
55.850380,-4.170559
55.850657,-4.170655
55.850996,-4.166184
55.849841,-4.163899
55.849845,-4.164682
55.849433,-4.165155
55.849950,-4.165855
55.848773,-4.165326
55.848715,-4.164556
55.850798,-4.173874
55.851733,-4.174357
55.851768,-4.173864
55.851567,-4.172016
55.851225,-4.170559
55.851006,-4.172240
55.850758,-4.172034
55.850843,-4.168221
55.851690,-4.172677
55.851119,-4.168412
55.851500,-4.169200
55.847125,-4.175729
55.851398,-4.164274
55.851370,-4.163345
55.830283,-4.156873
55.831401,-4.156663
55.831561,-4.155219
55.832034,-4.155932
55.831894,-4.157233
55.832013,-4.155084
55.830909,-4.154480
55.831432,-4.153871
55.832990,-4.153653
55.832618,-4.152866
55.831175,-4.153122
55.831770,-4.154065
55.830789,-4.152079
55.831361,-4.152254
55.830022,-4.151222
55.830139,-4.153799
55.831703,-4.152752
55.830766,-4.153387
55.830258,-4.154173
55.830407,-4.154900
55.829839,-4.153479
55.830757,-4.150320
55.830377,-4.150459
55.830908,-4.151430
55.831650,-4.151663
55.832181,-4.151628
55.831930,-4.150545
55.830025,-4.150056
55.831354,-4.149092
55.831034,-4.150384
55.832874,-4.150517
55.832545,-4.150355
55.833205,-4.149593
55.830530,-4.148887
55.832456,-4.152330
55.833640,-4.153003
55.833940,-4.152780
55.830943,-4.156127
55.838335,-4.163005
55.837571,-4.163537
55.838212,-4.165920
55.838221,-4.166959
55.829995,-4.151747
55.838542,-4.165076
55.831913,-4.160748
55.831640,-4.158928
55.831406,-4.158420
55.830566,-4.158645
55.837388,-4.164741
55.830223,-4.159233
55.830366,-4.162881
55.828531,-4.160432
55.828209,-4.160303
55.830745,-4.160252
55.828522,-4.162459
55.829104,-4.161566
55.828882,-4.160883
55.829531,-4.161286
55.830852,-4.157719
55.830393,-4.157773
55.829892,-4.157634
55.829381,-4.157014
55.828488,-4.157252
55.829792,-4.155121
55.830213,-4.155208
55.830125,-4.155603
55.844571,-4.189516
55.830590,-4.155772
55.829780,-4.155823
55.837036,-4.163284
55.841135,-4.163751
55.837494,-4.166902
55.838089,-4.167782
55.837369,-4.165299
55.833949,-4.176303
55.832289,-4.174629
55.829649,-4.162267
55.832402,-4.168184
55.834809,-4.175920
55.833420,-4.171115
55.843675,-4.172086
55.833946,-4.162202
55.829348,-4.175726
55.843478,-4.177682
55.843477,-4.176692
55.829193,-4.155998
55.842769,-4.165918
55.843198,-4.169600
55.842898,-4.170286
55.842822,-4.169036
55.840660,-4.169315
55.841822,-4.169124
55.842222,-4.164275
55.839708,-4.161579
55.840231,-4.161002
55.839237,-4.160803
55.839539,-4.169141
55.842638,-4.167716
55.840501,-4.168619
55.841815,-4.168549
55.836763,-4.160953
55.837964,-4.160604
55.836802,-4.160236
55.835943,-4.160572
55.837429,-4.159856
55.839018,-4.146113
55.838651,-4.146508
55.839146,-4.147541
55.838566,-4.138534
55.834251,-4.159169
55.832972,-4.159305
55.832392,-4.158059
55.832923,-4.157003
55.833456,-4.157352
55.833780,-4.155278
55.834515,-4.155383
55.833837,-4.157629
55.832818,-4.156311
55.843662,-4.175903
55.843224,-4.176246
55.842687,-4.176136
55.842130,-4.175131
55.843055,-4.171573
55.842148,-4.173566
55.841851,-4.174125
55.840959,-4.171727
55.841369,-4.173906
55.839940,-4.172421
55.838569,-4.171690
55.842099,-4.172318
55.841765,-4.172890
55.842512,-4.169769
55.841730,-4.170780
55.840908,-4.173082
55.841545,-4.173613
55.840668,-4.167335
55.827210,-4.172110
55.828965,-4.175577
55.840951,-4.162495
55.840860,-4.163576
55.840178,-4.166589
55.840365,-4.168212
55.826733,-4.171158
55.837810,-4.170402
55.829564,-4.153256
55.829325,-4.153067
55.829025,-4.153227
55.842923,-4.174999
55.842893,-4.175653
55.844057,-4.176932
55.844014,-4.177840
55.842214,-4.177452
55.841712,-4.176896
55.841617,-4.179191
55.840726,-4.180307
55.840773,-4.179192
55.841301,-4.177800
55.840856,-4.178014
55.843040,-4.178536
55.840852,-4.176241
55.840065,-4.176517
55.840142,-4.177751
55.840394,-4.178755
55.839572,-4.177975
55.839785,-4.179632
55.840064,-4.182171
55.829303,-4.172706
55.830238,-4.166084
55.825939,-4.169293
55.837686,-4.179418
55.841554,-4.166010
55.841025,-4.165422
55.841281,-4.183948
55.842094,-4.183227
55.842555,-4.182071
55.841867,-4.182336
55.841345,-4.181907
55.840720,-4.182175
55.841120,-4.180361
55.842101,-4.180831
55.842303,-4.179565
55.842710,-4.183980
55.842594,-4.184405
55.842352,-4.185925
55.843210,-4.185685
55.843141,-4.186496
55.843364,-4.187595
55.843616,-4.187082
55.837802,-4.183002
55.838523,-4.178331
55.842694,-4.187877
55.842012,-4.184788
55.841783,-4.184551
55.844649,-4.180016
55.845102,-4.182389
55.845559,-4.183437
55.846017,-4.184469
55.846289,-4.179804
55.846620,-4.185445
55.846379,-4.186886
55.845976,-4.187310
55.845049,-4.187354
55.845156,-4.187424
55.845437,-4.187791
55.847159,-4.185476
55.845244,-4.188020
55.843767,-4.189199
55.843532,-4.188770
55.842701,-4.188532
55.844201,-4.188073
55.842150,-4.187175
55.844609,-4.181275
55.844681,-4.181775
55.844133,-4.181776
55.844189,-4.180661
55.844547,-4.185281
55.843558,-4.171601
55.843409,-4.172439
55.843841,-4.174939
55.843735,-4.172777
55.844191,-4.175454
55.844034,-4.174183
55.843612,-4.173616
55.839533,-4.140280
55.836678,-4.191627
55.841582,-4.185243
55.840814,-4.184433
55.836989,-4.169046
55.837302,-4.158396
55.838813,-4.174658
55.842033,-4.190219
55.838419,-4.147996
55.839019,-4.144516
55.836215,-4.161417
55.839884,-4.138718
55.838183,-4.144534
55.836465,-4.155411
55.835969,-4.159088
55.838145,-4.169191
55.835595,-4.174686
55.835661,-4.162281
55.837322,-4.153142
55.836301,-4.168784
55.851245,-4.162795
55.851907,-4.161394
55.850155,-4.159827
55.850865,-4.159867
55.850857,-4.158268
55.850360,-4.154327
55.849559,-4.149250
55.851317,-4.161218
55.850254,-4.151142
55.851090,-4.156748
55.851261,-4.158291
55.850030,-4.152088
55.850938,-4.151579
55.850905,-4.161131
55.848450,-4.159685
55.847238,-4.159633
55.847542,-4.158165
55.848454,-4.155356
55.849113,-4.154673
55.847811,-4.159218
55.849168,-4.159229
55.848594,-4.158638
55.849233,-4.158130
55.849523,-4.157428
55.847851,-4.157974
55.848804,-4.156956
55.849694,-4.156399
55.850170,-4.155914
55.848623,-4.158033
55.849309,-4.155802
55.849614,-4.154318
55.849902,-4.154286
55.850421,-4.157493
55.850656,-4.158976
55.849922,-4.158760
55.841975,-4.158926
55.846212,-4.158155
55.845926,-4.158059
55.841358,-4.136116
55.846852,-4.158062
55.847470,-4.150509
55.848049,-4.150301
55.849061,-4.149446
55.848239,-4.148666
55.848817,-4.152596
55.848948,-4.150798
55.849563,-4.151551
55.849211,-4.150621
55.849237,-4.152252
55.849388,-4.153874
55.850149,-4.153005
55.849742,-4.150602
55.848222,-4.149608
55.841697,-4.158384
55.846286,-4.154980
55.846286,-4.154980
55.845781,-4.155080
55.845781,-4.155080
55.845994,-4.153702
55.845994,-4.153702
55.846624,-4.153657
55.843705,-4.138113
55.846624,-4.153657
55.848168,-4.148103
55.847252,-4.148053
55.847378,-4.149593
55.843053,-4.163043
55.845036,-4.140646
55.846611,-4.146691
55.845136,-4.145220
55.845188,-4.145846
55.845633,-4.145056
55.844068,-4.144075
55.843496,-4.142846
55.847362,-4.145854
55.846058,-4.144920
55.845708,-4.143814
55.846676,-4.144506
55.845019,-4.142131
55.843345,-4.143285
55.844499,-4.142566
55.844107,-4.142863
55.842994,-4.141748
55.841980,-4.140638
55.845957,-4.143445
55.842918,-4.140945
55.843642,-4.141688
55.844566,-4.141834
55.843893,-4.140711
55.843015,-4.140583
55.843267,-4.139495
55.844173,-4.139609
55.842951,-4.164219
55.842628,-4.163722
55.841199,-4.136458
55.841387,-4.134967
55.848630,-4.148911
55.845762,-4.151021
55.846467,-4.148233
55.846158,-4.146890
55.846009,-4.148240
55.845748,-4.147235
55.845007,-4.147977
55.841138,-4.146645
55.841283,-4.146078
55.841174,-4.145098
55.841644,-4.142888
55.841104,-4.142459
55.843044,-4.147661
55.841729,-4.141646
55.842380,-4.141906
55.842611,-4.146231
55.842361,-4.145067
55.841569,-4.142069
55.843578,-4.144863
55.843057,-4.143812
55.843252,-4.146059
55.843505,-4.146999
55.843887,-4.145199
55.844710,-4.145900
55.844583,-4.146995
55.839916,-4.156416
55.841713,-4.159503
55.841266,-4.160915
55.839296,-4.143030
55.839821,-4.152115
55.840705,-4.155470
55.839383,-4.145287
55.840354,-4.142178
55.840129,-4.139083
55.839823,-4.147355
55.841124,-4.139233
55.841118,-4.137476
55.840813,-4.134377
55.841308,-4.140505
55.841267,-4.141349
55.840805,-4.142570
55.841091,-4.143672
55.840522,-4.144902
55.845234,-4.163180
55.841340,-4.157230
55.847646,-4.163011
55.846821,-4.164434
55.846593,-4.163112
55.846172,-4.162993
55.846904,-4.161244
55.846463,-4.159734
55.844908,-4.161277
55.844343,-4.162268
55.843704,-4.162328
55.843768,-4.162731
55.845435,-4.161482
55.844107,-4.163916
55.844459,-4.163808
55.844156,-4.161108
55.844976,-4.158981
55.844803,-4.158045
55.851209,-4.165349
55.849140,-4.161880
55.849406,-4.163092
55.848583,-4.162344
55.847766,-4.163848
55.847555,-4.162047
55.848543,-4.161064
55.847512,-4.160911
55.883475,-4.165196
55.882337,-4.171640
55.890306,-4.183984
55.882098,-4.168381
55.882213,-4.174079
55.876648,-4.179811
55.880635,-4.176421
55.888268,-4.185900
55.891132,-4.182527
55.875360,-4.182457
55.874609,-4.183757
55.874904,-4.184877
55.875235,-4.186478
55.875018,-4.187569
55.874538,-4.187286
55.874501,-4.188851
55.874693,-4.188174
55.875442,-4.187465
55.875135,-4.188055
55.875070,-4.188659
55.896222,-4.172672
55.875352,-4.188467
55.876249,-4.189604
55.881488,-4.185103
55.897659,-4.174752
55.893529,-4.176568
55.882134,-4.182597
55.875816,-4.189180
55.874241,-4.190339
55.873656,-4.192384
55.875052,-4.190224
55.881885,-4.181448
55.874389,-4.192105
55.897393,-4.175041
55.875367,-4.190178
55.876374,-4.193177
55.875437,-4.190790
55.875747,-4.190024
55.877042,-4.192527
55.877804,-4.193609
55.877411,-4.191972
55.878175,-4.190448
55.876611,-4.191479
55.877107,-4.189381
55.876620,-4.189961
55.894603,-4.181906
55.876078,-4.191146
55.878083,-4.191610
55.892499,-4.183995
55.892857,-4.182032
55.876224,-4.191985
55.879581,-4.192222
55.881960,-4.190885
55.880594,-4.191368
55.880033,-4.189098
55.880950,-4.189581
55.880201,-4.189731
55.879758,-4.188843
55.880069,-4.186046
55.877565,-4.188895
55.878790,-4.186182
55.878762,-4.188755
55.879914,-4.191202
55.878782,-4.187157
55.879202,-4.188780
55.877862,-4.189839
55.878194,-4.192943
55.878679,-4.194474
55.899830,-4.179528
55.899326,-4.179100
55.898809,-4.177343
55.897282,-4.175770
55.896390,-4.175880
55.895057,-4.176573
55.895504,-4.175687
55.895672,-4.177871
55.895544,-4.176969
55.895269,-4.177257
55.876863,-4.195490
55.882949,-4.171067
55.877952,-4.180732
55.877451,-4.180128
55.896033,-4.173701
55.895248,-4.174889
55.895663,-4.174784
55.890938,-4.188897
55.890691,-4.189635
55.891179,-4.189998
55.892262,-4.190203
55.890179,-4.191109
55.890906,-4.190142
55.890100,-4.192000
55.891362,-4.191799
55.896232,-4.172113
55.896133,-4.170604
55.896586,-4.170901
55.894657,-4.175799
55.894810,-4.177807
55.895200,-4.180180
55.895624,-4.170415
55.895914,-4.166689
55.895890,-4.165520
55.895376,-4.168130
55.894307,-4.171685
55.895296,-4.170669
55.878214,-4.194304
55.893070,-4.177134
55.892863,-4.178626
55.892951,-4.180774
55.881531,-4.195290
55.881392,-4.197025
55.881794,-4.195641
55.881828,-4.193260
55.881900,-4.192209
55.882096,-4.193323
55.882188,-4.196750
55.882165,-4.195006
55.882503,-4.196720
55.882076,-4.198998
55.882320,-4.199892
55.882447,-4.200347
55.882824,-4.197362
55.882904,-4.195879
55.882633,-4.195496
55.882694,-4.193581
55.882921,-4.190924
55.882862,-4.191688
55.882494,-4.192179
55.887406,-4.189401
55.883992,-4.191831
55.891904,-4.179020
55.891888,-4.180426
55.874902,-4.196083
55.876295,-4.195602
55.881290,-4.182070
55.880909,-4.179219
55.876228,-4.193792
55.874569,-4.185002
55.882082,-4.177941
55.874820,-4.186583
55.874545,-4.186887
55.893714,-4.182368
55.874067,-4.189993
55.873399,-4.192177
55.893811,-4.181973
55.873183,-4.193220
55.873829,-4.193273
55.874680,-4.193401
55.874740,-4.192077
55.875061,-4.193198
55.875019,-4.196569
55.875307,-4.193548
55.874843,-4.195376
55.892343,-4.184146
55.874268,-4.195887
55.873658,-4.195789
55.879975,-4.180701
55.873192,-4.195731
55.876673,-4.193545
55.873855,-4.193834
55.873981,-4.194832
55.898601,-4.181971
55.898270,-4.180848
55.892296,-4.187294
55.897599,-4.177148
55.898236,-4.180239
55.897170,-4.178003
55.891912,-4.181579
55.897052,-4.179628
55.892534,-4.185548
55.897511,-4.179590
55.892016,-4.183824
55.896294,-4.179282
55.879156,-4.180783
55.880112,-4.177543
55.877103,-4.180460
55.880893,-4.176068
55.880530,-4.178270
55.892858,-4.183503
55.892851,-4.187453
55.893828,-4.185061
55.879978,-4.181565
55.893839,-4.193522
55.893612,-4.192662
55.894377,-4.195088
55.894368,-4.194080
55.893747,-4.190638
55.893523,-4.191569
55.895549,-4.190852
55.895663,-4.193066
55.895004,-4.192709
55.895976,-4.192124
55.894933,-4.191665
55.898306,-4.197054
55.898011,-4.197917
55.897425,-4.198060
55.897583,-4.195749
55.898416,-4.194901
55.898496,-4.193913
55.898963,-4.194484
55.897969,-4.192748
55.896940,-4.193474
55.896921,-4.195088
55.898012,-4.193870
55.898664,-4.191556
55.898035,-4.192048
55.899251,-4.192436
55.898497,-4.193386
55.899143,-4.191423
55.896706,-4.194004
55.897496,-4.192577
55.897434,-4.194541
55.896448,-4.195365
55.896189,-4.195798
55.897348,-4.196328
55.896452,-4.197157
55.896889,-4.197853
55.897595,-4.196566
55.897847,-4.196580
55.898959,-4.197715
55.894563,-4.185646
55.894962,-4.185477
55.895530,-4.187396
55.896581,-4.188415
55.897315,-4.186585
55.896027,-4.184689
55.897594,-4.183002
55.895184,-4.187121
55.867307,-4.193097
55.868272,-4.191889
55.868961,-4.191080
55.869085,-4.191199
55.869852,-4.195015
55.869899,-4.193435
55.870377,-4.193318
55.871041,-4.193867
55.870268,-4.191841
55.871035,-4.192204
55.870329,-4.190486
55.869550,-4.191305
55.870786,-4.189553
55.871087,-4.190768
55.871399,-4.189955
55.871427,-4.192418
55.870569,-4.191091
55.872112,-4.190778
55.872131,-4.189708
55.872995,-4.189613
55.872672,-4.188604
55.873405,-4.187782
55.872882,-4.187385
55.872884,-4.186298
55.872255,-4.187765
55.870368,-4.189305
55.869957,-4.190161
55.869863,-4.190907
55.871372,-4.188946
55.867904,-4.193386
55.868552,-4.193838
55.868560,-4.192880
55.868808,-4.192590
55.869166,-4.196238
55.869291,-4.195734
55.869178,-4.197038
55.868453,-4.195383
55.868167,-4.195782
55.867568,-4.195125
55.866890,-4.195343
55.866355,-4.195584
55.867082,-4.196169
55.867435,-4.196540
55.867486,-4.197678
55.867571,-4.194422
55.866512,-4.197399
55.868062,-4.198158
55.867306,-4.198211
55.865608,-4.197188
55.868143,-4.197140
55.863830,-4.198063
55.862557,-4.198902
55.865129,-4.196826
55.866986,-4.192439
55.866778,-4.194569
55.866466,-4.194424
55.865811,-4.194339
55.866326,-4.196717
55.865942,-4.196600
55.865617,-4.196182
55.864948,-4.196400
55.865924,-4.195065
55.865065,-4.195368
55.862721,-4.198767
55.862941,-4.198044
55.862030,-4.199735
55.865436,-4.195740
55.862045,-4.198377
55.862981,-4.192805
55.864839,-4.197960
55.863012,-4.194549
55.863877,-4.195428
55.864849,-4.194892
55.864833,-4.193740
55.865604,-4.193848
55.866271,-4.193246
55.865477,-4.192418
55.866098,-4.191382
55.866366,-4.191445
55.865850,-4.188619
55.864982,-4.185886
55.865581,-4.191625
55.865187,-4.185482
55.865568,-4.188795
55.865295,-4.184449
55.866118,-4.187740
55.864991,-4.187388
55.864672,-4.187131
55.864935,-4.189015
55.864885,-4.191857
55.865652,-4.185588
55.865171,-4.191953
55.864485,-4.193593
55.864311,-4.194286
55.864624,-4.195886
55.865248,-4.189145
55.863970,-4.194778
55.863990,-4.192127
55.864500,-4.191772
55.864591,-4.189188
55.864030,-4.189380
55.864039,-4.187862
55.864461,-4.185888
55.864522,-4.183942
55.864172,-4.183938
55.863773,-4.187176
55.863749,-4.185465
55.863463,-4.185880
55.863344,-4.186545
55.863239,-4.188904
55.864094,-4.185788
55.863328,-4.189452
55.863299,-4.190554
55.863312,-4.191865
55.863311,-4.193431
55.863385,-4.187746
55.863332,-4.194758
55.863637,-4.194792
55.863724,-4.193438
55.863613,-4.192137
55.863703,-4.190624
55.863624,-4.189485
55.863780,-4.188311
55.863663,-4.187777
55.870811,-4.187108
55.865840,-4.184160
55.865351,-4.182822
55.864787,-4.182678
55.863964,-4.182984
55.863833,-4.183807
55.863532,-4.184542
55.865248,-4.183551
55.863546,-4.183248
55.863430,-4.182714
55.863154,-4.183066
55.863307,-4.184066
55.863174,-4.184458
55.863272,-4.185038
55.863039,-4.186016
55.862980,-4.187803
55.862916,-4.189349
55.862320,-4.190530
55.862353,-4.189190
55.862406,-4.187739
55.862482,-4.185458
55.863423,-4.182058
55.862863,-4.191312
55.863985,-4.182314
55.862535,-4.183511
55.866434,-4.184113
55.867023,-4.184818
55.867100,-4.187076
55.867150,-4.189795
55.866847,-4.191201
55.868794,-4.189361
55.866809,-4.187283
55.870127,-4.188684
55.871288,-4.187087
55.871240,-4.183712
55.868333,-4.191013
55.869793,-4.184206
55.870794,-4.185061
55.870652,-4.186428
55.867779,-4.189335
55.871152,-4.186632
55.869720,-4.187814
55.869383,-4.187044
55.868597,-4.187815
55.868127,-4.189946
55.869465,-4.185978
55.868152,-4.188573
55.866765,-4.183173
55.867188,-4.181614
55.867986,-4.182730
55.868245,-4.185334
55.868021,-4.185833
55.868376,-4.186572
55.868047,-4.181806
55.868515,-4.185333
55.868641,-4.177205
55.867421,-4.179102
55.867367,-4.180618
55.867115,-4.178606
55.867035,-4.181126
55.868121,-4.179157
55.866404,-4.182210
55.869013,-4.175483
55.866788,-4.178300
55.869844,-4.173739
55.870445,-4.173310
55.871098,-4.175008
55.870631,-4.175478
55.865840,-4.184160
55.866120,-4.162679
55.864830,-4.180811
55.862622,-4.178594
55.863307,-4.178504
55.863257,-4.180787
55.863631,-4.180983
55.863658,-4.178460
55.862623,-4.180559
55.863955,-4.178429
55.864260,-4.179980
55.863927,-4.181048
55.864258,-4.181130
55.863540,-4.180051
55.864368,-4.178484
55.864598,-4.181693
55.864711,-4.178886
55.865926,-4.175710
55.866248,-4.180395
55.866165,-4.179000
55.865851,-4.178982
55.866457,-4.177754
55.865750,-4.177554
55.865741,-4.182109
55.864955,-4.177302
55.865133,-4.178926
55.866334,-4.177075
55.865430,-4.178863
55.865710,-4.180828
55.865351,-4.181799
55.865027,-4.181845
55.863132,-4.175666
55.863452,-4.177410
55.864190,-4.177323
55.864130,-4.176696
55.863461,-4.176371
55.864828,-4.175297
55.865370,-4.175136
55.865412,-4.174323
55.864313,-4.174949
55.863399,-4.174818
55.863998,-4.176018
55.863716,-4.173157
55.864017,-4.173909
55.864198,-4.174351
55.864994,-4.171535
55.864398,-4.173227
55.865994,-4.174947
55.866223,-4.176238
55.865510,-4.175863
55.864943,-4.175943
55.865470,-4.172568
55.864477,-4.170787
55.864689,-4.172013
55.863549,-4.170383
55.864145,-4.172238
55.864052,-4.169916
55.863027,-4.170450
55.866851,-4.176817
55.866699,-4.176217
55.866229,-4.167768
55.866439,-4.169570
55.867108,-4.171413
55.866872,-4.174612
55.867403,-4.173044
55.867643,-4.173664
55.866761,-4.173216
55.867087,-4.170021
55.867430,-4.171511
55.867237,-4.175304
55.867254,-4.174314
55.866005,-4.171799
55.867073,-4.166744
55.867073,-4.166744
55.867073,-4.166744
55.867365,-4.165498
55.867365,-4.165498
55.867365,-4.165498
55.867639,-4.164218
55.867639,-4.164218
55.867521,-4.162741
55.867768,-4.162020
55.867908,-4.158623
55.867639,-4.164218
55.867628,-4.158735
55.867407,-4.156438
55.864890,-4.157513
55.864226,-4.162047
55.865116,-4.163071
55.865822,-4.161224
55.866781,-4.156275
55.866379,-4.163285
55.866370,-4.158170
55.865654,-4.164140
55.864187,-4.155556
55.862751,-4.155956
55.863925,-4.156165
55.864348,-4.157690
55.863047,-4.159616
55.866214,-4.154278
55.863018,-4.157681
55.863281,-4.158542
55.863696,-4.158965
55.863933,-4.156725
55.869428,-4.171830
55.869392,-4.172851
55.868857,-4.172134
55.868445,-4.170992
55.865101,-4.164445
55.865343,-4.164970
55.863266,-4.164534
55.862631,-4.163332
55.863048,-4.163100
55.862686,-4.159660
55.864214,-4.164299
55.862668,-4.158173
55.862032,-4.166735
55.862415,-4.172525
55.862565,-4.175746
55.863378,-4.172435
55.863040,-4.173759
55.869295,-4.171215
55.870195,-4.171681
55.870846,-4.173476
55.870786,-4.172274
55.871425,-4.171238
55.870463,-4.168691
55.871521,-4.164738
55.869897,-4.169683
55.870853,-4.171063
55.870063,-4.170507
55.868621,-4.169723
55.869273,-4.169424
55.869634,-4.169844
55.870101,-4.168863
55.869207,-4.168078
55.871265,-4.161942
55.871222,-4.163363
55.872203,-4.160748
55.871969,-4.161758
55.869184,-4.163745
55.872669,-4.161813
55.873097,-4.162012
55.877809,-4.163393
55.873567,-4.162374
55.874283,-4.162542
55.874283,-4.163069
55.874156,-4.163654
55.873996,-4.164540
55.873534,-4.164770
55.873539,-4.166017
55.874486,-4.165798
55.874371,-4.165232
55.872786,-4.165879
55.873029,-4.164342
55.872396,-4.167121
55.874025,-4.161872
55.874987,-4.162373
55.875431,-4.162158
55.875093,-4.164553
55.875190,-4.165118
55.875465,-4.165373
55.875296,-4.164229
55.875173,-4.163551
55.875356,-4.162873
55.875639,-4.163097
55.876047,-4.164478
55.876937,-4.164432
55.871786,-4.162994
55.866291,-4.159093
55.866175,-4.161644
55.867294,-4.160347
55.867315,-4.159118
55.866582,-4.158885
55.867003,-4.157966
55.866961,-4.157260
55.867514,-4.157035
55.867313,-4.145884
55.860465,-4.125723
55.858320,-4.137478
55.867862,-4.154593
55.863464,-4.145512
55.859186,-4.146059
55.860578,-4.149220
55.860558,-4.148771
55.860791,-4.149887
55.861995,-4.149362
55.865518,-4.150883
55.862963,-4.150023
55.864202,-4.147518
55.866366,-4.149683
55.863120,-4.150319
55.864268,-4.144773
55.867134,-4.141750
55.862371,-4.145308
55.858481,-4.127117
55.865793,-4.144937
55.866081,-4.146951
55.866143,-4.148057
55.865698,-4.147297
55.865087,-4.132305
55.864592,-4.133380
55.863741,-4.135267
55.863897,-4.134573
55.863440,-4.136066
55.863479,-4.136947
55.863069,-4.136732
55.863366,-4.134623
55.863966,-4.133697
55.863779,-4.132568
55.861671,-4.135457
55.862548,-4.135681
55.861729,-4.133127
55.862822,-4.140570
55.861988,-4.140476
55.862818,-4.140842
55.862699,-4.141970
55.862058,-4.141647
55.862435,-4.142179
55.862617,-4.143084
55.862367,-4.140945
55.862252,-4.143383
55.862370,-4.144349
55.860922,-4.130958
55.864751,-4.147501
55.863872,-4.152518
55.860473,-4.132499
55.860955,-4.131647
55.866296,-4.151629
55.861009,-4.136348
55.861363,-4.138716
55.860540,-4.135363
55.860350,-4.133371
55.859996,-4.133064
55.860556,-4.131353
55.860225,-4.131239
55.859799,-4.130960
55.860768,-4.130006
55.860770,-4.132499
55.860913,-4.135112
55.861667,-4.138253
55.861779,-4.139618
55.862058,-4.130748
55.861950,-4.130231
55.863489,-4.131162
55.864164,-4.132142
55.864991,-4.131628
55.863089,-4.131444
55.862104,-4.131726
55.864101,-4.130620
55.861209,-4.131021
55.861856,-4.128947
55.861596,-4.128358
55.861688,-4.126685
55.867259,-4.151075
55.862014,-4.128093
55.862022,-4.127646
55.862111,-4.126165
55.861210,-4.127841
55.861455,-4.126656
55.861260,-4.126006
55.861778,-4.124596
55.861335,-4.124269
55.860200,-4.126492
55.860927,-4.126547
55.860545,-4.145958
55.858300,-4.135496
55.858886,-4.139539
55.859405,-4.140159
55.859657,-4.138127
55.855424,-4.141745
55.858760,-4.139036
55.860227,-4.139405
55.859869,-4.139864
55.860304,-4.140687
55.861355,-4.143270
55.860700,-4.144768
55.860618,-4.145339
55.861601,-4.145169
55.856448,-4.141258
55.855933,-4.140335
55.855653,-4.141454
55.857279,-4.140489
55.856759,-4.141978
55.856991,-4.144116
55.856925,-4.142738
55.857591,-4.140650
55.857155,-4.138836
55.858001,-4.139762
55.858475,-4.141450
55.858551,-4.142269
55.857626,-4.141722
55.857317,-4.143447
55.858031,-4.142192
55.857475,-4.142625
55.857824,-4.143267
55.857803,-4.144976
55.858231,-4.143066
55.859167,-4.143006
55.859500,-4.142992
55.859967,-4.144568
55.860661,-4.143935
55.860418,-4.141381
55.857889,-4.135393
55.860300,-4.142972
55.855802,-4.143252
55.860324,-4.142095
55.857826,-4.137978
55.857082,-4.137362
55.856329,-4.143393
55.857500,-4.137050
55.858504,-4.134117
55.854657,-4.134673
55.854031,-4.135006
55.853901,-4.136772
55.856271,-4.132301
55.854912,-4.134447
55.855472,-4.133791
55.854971,-4.133124
55.857193,-4.133006
55.855536,-4.132692
55.853648,-4.139427
55.855780,-4.134175
55.855193,-4.135869
55.855438,-4.136809
55.855306,-4.139198
55.854915,-4.136349
55.854821,-4.138165
55.855006,-4.137328
55.854998,-4.138846
55.854267,-4.139493
55.854237,-4.138165
55.854343,-4.136173
55.854424,-4.135635
55.863672,-4.142375
55.854316,-4.138760
55.857728,-4.132221
55.860570,-4.127966
55.863858,-4.139956
55.857970,-4.130157
55.857815,-4.128774
55.856043,-4.131409
55.856892,-4.131728
55.857258,-4.129766
55.856447,-4.130920
55.856745,-4.129802
55.856887,-4.128899
55.856956,-4.127513
55.856430,-4.129353
55.865136,-4.136223
55.867836,-4.140622
55.859301,-4.136861
55.855817,-4.130502
55.858956,-4.136043
55.858096,-4.136395
55.859641,-4.135889
55.858980,-4.137243
55.872296,-4.144608
55.872473,-4.145305
55.872473,-4.145305
55.874895,-4.148141
55.875160,-4.147356
55.872698,-4.140107
55.871233,-4.143255
55.871099,-4.144750
55.870971,-4.147956
55.871501,-4.145396
55.870829,-4.149387
55.871375,-4.141808
55.871019,-4.146216
55.873230,-4.147777
55.873213,-4.146178
55.873913,-4.146200
55.873625,-4.143675
55.874068,-4.149710
55.873870,-4.148676
55.872998,-4.149219
55.873572,-4.144663
55.875048,-4.143465
55.873064,-4.143388
55.873443,-4.142274
55.873862,-4.142457
55.873961,-4.144524
55.875215,-4.142148
55.874511,-4.141310
55.874183,-4.142091
55.874642,-4.145617
55.874927,-4.139574
55.873378,-4.145467
55.875219,-4.139878
55.872818,-4.147163
55.872949,-4.145859
55.871677,-4.144063
55.875598,-4.138764
55.870855,-4.143266
55.870683,-4.145367
55.872226,-4.149160
55.872473,-4.140686
55.871346,-4.152196
55.871731,-4.148685
55.872328,-4.151563
55.870325,-4.149455
55.871737,-4.152442
55.871447,-4.146448
55.874228,-4.151860
55.876844,-4.144587
55.876808,-4.143067
55.876090,-4.141429
55.875845,-4.137946
55.876423,-4.145539
55.876142,-4.146739
55.875564,-4.146387
55.876651,-4.143793
55.875675,-4.151317
55.875735,-4.151992
55.876610,-4.142544
55.876198,-4.144008
55.875711,-4.149768
55.874379,-4.138057
55.875136,-4.149769
55.874326,-4.140037
55.874136,-4.137516
55.875266,-4.137658
55.873826,-4.138299
55.874092,-4.136443
55.878576,-4.157617
55.873549,-4.159816
55.875143,-4.158130
55.877624,-4.160633
55.878157,-4.160471
55.877645,-4.159947
55.878016,-4.158769
55.877337,-4.158523
55.876148,-4.159193
55.875726,-4.159681
55.877060,-4.157948
55.875807,-4.158166
55.876119,-4.157784
55.876974,-4.157224
55.876769,-4.160186
55.875685,-4.157456
55.878538,-4.155648
55.878491,-4.156301
55.879530,-4.158549
55.877839,-4.157624
55.875749,-4.158899
55.876894,-4.156117
55.877221,-4.154408
55.876522,-4.154289
55.875436,-4.153158
55.876064,-4.154792
55.875030,-4.153775
55.875321,-4.154639
55.874901,-4.154967
55.874735,-4.156253
55.872602,-4.154360
55.874299,-4.156021
55.873504,-4.155737
55.872006,-4.156069
55.874185,-4.153792
55.876040,-4.156661
55.874464,-4.157341
55.871208,-4.154922
55.870407,-4.152448
55.872479,-4.156255
55.870607,-4.154361
55.879426,-4.161373
55.879285,-4.160198
55.889352,-4.138497
55.887142,-4.140055
55.887493,-4.141049
55.884584,-4.144503
55.885563,-4.142430
55.885367,-4.140277
55.884912,-4.140587
55.885339,-4.141410
55.886812,-4.139349
55.886816,-4.135495
55.885590,-4.140929
55.887272,-4.134593
55.887394,-4.133768
55.888167,-4.134818
55.887866,-4.136624
55.887376,-4.137445
55.887387,-4.136262
55.886798,-4.143266
55.886478,-4.142017
55.886617,-4.141289
55.886071,-4.141643
55.890191,-4.135745
55.885207,-4.144857
55.889526,-4.135724
55.883964,-4.141383
55.884309,-4.145815
55.889749,-4.134825
55.891198,-4.147619
55.892571,-4.148206
55.891470,-4.150032
55.893003,-4.150277
55.893640,-4.148233
55.892503,-4.149578
55.894532,-4.147083
55.894633,-4.147984
55.898000,-4.150250
55.894698,-4.146357
55.894490,-4.145401
55.896037,-4.138081
55.895766,-4.136643
55.895623,-4.138650
55.894511,-4.142108
55.893765,-4.144690
55.894131,-4.141735
55.894444,-4.143879
55.893144,-4.143744
55.895366,-4.141035
55.893515,-4.145667
55.894048,-4.145473
55.893695,-4.146669
55.893242,-4.147380
55.893796,-4.142932
55.892712,-4.146311
55.891502,-4.146692
55.893391,-4.144477
55.889527,-4.149605
55.889652,-4.131605
55.889368,-4.132405
55.889975,-4.133206
55.895036,-4.140857
55.888353,-4.132925
55.888849,-4.132809
55.886518,-4.156219
55.889184,-4.151249
55.889097,-4.150589
55.889021,-4.134273
55.890481,-4.150090
55.890501,-4.151994
55.887451,-4.153248
55.890746,-4.147258
55.891603,-4.144986
55.891954,-4.143918
55.885245,-4.145227
55.893854,-4.130780
55.888980,-4.137165
55.888660,-4.136444
55.892422,-4.141321
55.888941,-4.134781
55.893539,-4.141175
55.885786,-4.146152
55.884635,-4.146696
55.884866,-4.147908
55.886288,-4.146772
55.884295,-4.143016
55.884529,-4.144548
55.884230,-4.144179
55.883939,-4.142804
55.890070,-4.174455
55.883886,-4.143777
55.883874,-4.142401
55.884551,-4.143286
55.884956,-4.142716
55.889973,-4.128121
55.889849,-4.126978
55.889451,-4.127612
55.887831,-4.128819
55.887234,-4.127491
55.886101,-4.127525
55.888590,-4.128557
55.885668,-4.126046
55.892695,-4.138553
55.885678,-4.128573
55.883313,-4.141091
55.886412,-4.123001
55.886838,-4.124911
55.887781,-4.124419
55.886464,-4.120525
55.885887,-4.120637
55.885983,-4.123937
55.887027,-4.120732
55.891227,-4.144917
55.890611,-4.146211
55.890626,-4.144340
55.890979,-4.143672
55.891487,-4.142341
55.890894,-4.141333
55.891348,-4.139007
55.891710,-4.139906
55.891894,-4.140684
55.892017,-4.142386
55.895579,-4.132394
55.891268,-4.141033
55.887143,-4.127006
55.886813,-4.125837
55.895415,-4.136640
55.890368,-4.144678
55.893765,-4.135397
55.892168,-4.139404
55.891613,-4.137726
55.892063,-4.137175
55.890944,-4.138425
55.891664,-4.142015
55.884393,-4.163616
55.885710,-4.165368
55.886604,-4.165610
55.885078,-4.163494
55.884550,-4.162314
55.885830,-4.162625
55.884395,-4.164496
55.885020,-4.161141
55.886305,-4.161148
55.885490,-4.159999
55.886859,-4.159820
55.885630,-4.163269
55.887069,-4.161143
55.886766,-4.163092
55.886335,-4.164572
55.886774,-4.165188
55.887194,-4.162733
55.885914,-4.158904
55.886281,-4.157949
55.886753,-4.158183
55.886716,-4.158756
55.888300,-4.159660
55.887364,-4.158185
55.888095,-4.158545
55.888481,-4.157511
55.887704,-4.157276
55.887946,-4.159864
55.887313,-4.155431
55.891660,-4.141231
55.889177,-4.152176
55.887829,-4.155764
55.888158,-4.157989
55.888960,-4.159441
55.888254,-4.162760
55.888343,-4.156160
55.884022,-4.163755
55.883643,-4.163318
55.883235,-4.163536
55.884155,-4.164850
55.884975,-4.165279
55.885027,-4.166402
55.885951,-4.167477
55.885732,-4.166169
55.883964,-4.165527
55.884295,-4.167144
55.888343,-4.155153
55.885857,-4.168255
55.888707,-4.153877
55.886700,-4.122984
55.887082,-4.152204
55.888401,-4.164623
55.888131,-4.155972
55.888119,-4.124629
55.887913,-4.122987
55.889031,-4.123863
55.887911,-4.169009
55.888327,-4.122482
55.885877,-4.155368
55.885124,-4.154718
55.890620,-4.174886
55.887796,-4.165293
55.887502,-4.167691
55.891604,-4.173117
55.892193,-4.170799
55.892564,-4.169125
55.892227,-4.170369
55.889991,-4.173859
55.890229,-4.173600
55.886926,-4.168266
55.883553,-4.141216
55.886563,-4.168486
55.887494,-4.163597
55.895928,-4.134541
55.897575,-4.133895
55.897173,-4.135825
55.897230,-4.134084
55.896222,-4.134653
55.896880,-4.134065
55.896933,-4.132037
55.895888,-4.133739
55.895354,-4.132910
55.895784,-4.130934
55.889693,-4.172899
55.865840,-4.184160
55.865840,-4.184160
55.865840,-4.184160
55.865840,-4.184160
55.865840,-4.184160
55.865840,-4.184160
55.865840,-4.184160
55.865840,-4.184160
55.865840,-4.184160
55.865840,-4.184160
55.863599,-4.106526
55.863912,-4.104529
55.864207,-4.104081
55.863509,-4.103900
55.863780,-4.103307
55.863730,-4.101467
55.864041,-4.102219
55.863939,-4.100807
55.864864,-4.099802
55.863258,-4.101777
55.865188,-4.098749
55.864463,-4.100691
55.864444,-4.099683
55.864564,-4.097884
55.866292,-4.099368
55.865373,-4.100517
55.867230,-4.100170
55.866983,-4.099389
55.868677,-4.097003
55.868902,-4.095944
55.866646,-4.100202
55.868478,-4.096065
55.869646,-4.094466
55.869932,-4.095121
55.870647,-4.098532
55.869267,-4.096172
55.869732,-4.096820
55.870465,-4.096013
55.869578,-4.097435
55.869116,-4.093958
55.867715,-4.095449
55.870065,-4.095719
55.866736,-4.098609
55.866486,-4.096374
55.866413,-4.093813
55.866800,-4.094824
55.868834,-4.093639
55.867478,-4.096203
55.871342,-4.099369
55.870575,-4.099567
55.869733,-4.098323
55.870088,-4.099669
55.870764,-4.100600
55.870633,-4.101424
55.872486,-4.100278
55.871051,-4.098010
55.869478,-4.098565
55.871823,-4.099107
55.871517,-4.099634
55.869022,-4.103159
55.871172,-4.101949
55.869412,-4.103436
55.870086,-4.101858
55.869186,-4.104047
55.869622,-4.102233
55.869828,-4.103299
55.870276,-4.100766
55.869780,-4.100851
55.869133,-4.100848
55.869048,-4.099501
55.868960,-4.098329
55.870610,-4.093847
55.869465,-4.099283
55.869635,-4.100427
55.870918,-4.108409
55.870466,-4.108032
55.869878,-4.109823
55.869889,-4.108688
55.869558,-4.116422
55.869642,-4.113630
55.869476,-4.115443
55.869548,-4.114919
55.869888,-4.115545
55.870226,-4.115228
55.870147,-4.113002
55.868996,-4.114090
55.870586,-4.114145
55.870143,-4.114312
55.868274,-4.109544
55.865698,-4.106240
55.864290,-4.105540
55.866503,-4.106427
55.865073,-4.105487
55.864586,-4.101865
55.865540,-4.105992
55.864349,-4.103146
55.864525,-4.105425
55.864861,-4.105220
55.864985,-4.106409
55.862079,-4.122807
55.862658,-4.123094
55.863367,-4.123133
55.862175,-4.123979
55.863443,-4.124448
55.863814,-4.125874
55.862687,-4.125046
55.862970,-4.124773
55.862700,-4.126405
55.863625,-4.128485
55.863218,-4.124467
55.864265,-4.129447
55.863643,-4.127479
55.864103,-4.127360
55.869771,-4.124937
55.869221,-4.125051
55.870117,-4.123102
55.869637,-4.123827
55.869499,-4.123532
55.866627,-4.121201
55.866301,-4.123437
55.867350,-4.124629
55.866874,-4.120959
55.866581,-4.124363
55.866682,-4.121636
55.866747,-4.124660
55.866710,-4.122644
55.872614,-4.138232
55.867787,-4.122176
55.868505,-4.122263
55.868448,-4.121924
55.868285,-4.120413
55.870830,-4.137990
55.869027,-4.123762
55.868308,-4.116978
55.865802,-4.121604
55.864599,-4.122577
55.864998,-4.118699
55.864947,-4.120630
55.867115,-4.119997
55.866214,-4.121163
55.865653,-4.120877
55.867224,-4.123040
55.866115,-4.120167
55.864912,-4.121651
55.865618,-4.111398
55.863143,-4.106932
55.865123,-4.109389
55.864226,-4.108749
55.868106,-4.116711
55.868917,-4.125961
55.864087,-4.109509
55.865372,-4.110585
55.865203,-4.112030
55.866235,-4.113700
55.864396,-4.109845
55.866670,-4.114539
55.868145,-4.114971
55.867700,-4.118399
55.868349,-4.114630
55.868041,-4.114246
55.867007,-4.112672
55.866728,-4.113743
55.866310,-4.111931
55.868143,-4.127629
55.865656,-4.112870
55.866661,-4.112941
55.867978,-4.118926
55.867709,-4.112614
55.867405,-4.110472
55.867699,-4.109545
55.867314,-4.108437
55.867273,-4.109234
55.864774,-4.107724
55.867171,-4.111546
55.865802,-4.109618
55.867413,-4.113125
55.866428,-4.109236
55.868675,-4.119155
55.867018,-4.109939
55.865744,-4.108256
55.866819,-4.107963
55.870742,-4.125422
55.876136,-4.133102
55.872489,-4.129386
55.871742,-4.127874
55.871540,-4.127112
55.870445,-4.124958
55.870563,-4.126403
55.867133,-4.126232
55.868786,-4.120056
55.869832,-4.128169
55.872277,-4.127632
55.872436,-4.128807
55.872382,-4.128309
55.873344,-4.127770
55.872648,-4.126933
55.872884,-4.126290
55.872207,-4.125918
55.871975,-4.126880
55.871699,-4.125714
55.872949,-4.128739
55.872980,-4.129572
55.873348,-4.125980
55.873697,-4.128109
55.873309,-4.125083
55.874210,-4.125979
55.873658,-4.124638
55.873013,-4.123484
55.872052,-4.125046
55.871505,-4.123402
55.873194,-4.124469
55.871253,-4.123915
55.865615,-4.107418
55.863848,-4.107194
55.864652,-4.106950
55.863893,-4.106653
55.869487,-4.119008
55.865867,-4.106856
55.868795,-4.115310
55.868735,-4.243478
55.869571,-4.249871
55.859728,-4.237653
55.859728,-4.237653
55.857400,-4.242616
55.859728,-4.237653
55.859728,-4.237653
55.865839,-4.237701
55.858715,-4.235054
55.864152,-4.240528
55.864152,-4.240528
55.869336,-4.248963
55.858715,-4.235054
55.858715,-4.235054
55.867285,-4.250043
55.865842,-4.244941
55.865842,-4.244941
55.865842,-4.244941
55.858715,-4.235054
55.858715,-4.235054
55.866879,-4.242747
55.868184,-4.252029
55.867166,-4.241293
55.867257,-4.242753
55.866781,-4.243205
55.870111,-4.236556
55.869395,-4.259484
55.869395,-4.259484
55.869190,-4.257921
55.868935,-4.251225
55.867126,-4.245479
55.866733,-4.246335
55.869190,-4.257921
55.868548,-4.245385
55.867153,-4.244985
55.866918,-4.245067
55.866781,-4.243205
55.868107,-4.252792
55.867208,-4.243469
55.867208,-4.243469
55.867026,-4.238153
55.868680,-4.242052
55.868005,-4.241166
55.868105,-4.240085
55.858715,-4.235054
55.864721,-4.243326
55.864721,-4.243326
55.863992,-4.237914
55.871048,-4.242828
55.868625,-4.255427
55.864312,-4.237133
55.869384,-4.236994
55.870476,-4.242155
55.870305,-4.241682
55.870878,-4.240820
55.868086,-4.246573
55.867437,-4.255997
55.862394,-4.243288
55.867628,-4.254906
55.867609,-4.255448
55.866799,-4.255017
55.867437,-4.255997
55.867596,-4.247775
55.867894,-4.255097
55.868802,-4.250163
55.868517,-4.252975
55.869510,-4.258579
55.867020,-4.255190
55.867506,-4.256609
55.868490,-4.257881
55.869553,-4.254778
55.867759,-4.248200
55.868634,-4.248523
55.868086,-4.246573
55.869086,-4.258682
55.869466,-4.252183
55.870973,-4.251839
55.871156,-4.250187
55.871459,-4.250348
55.871554,-4.252032
55.871184,-4.252107
55.863755,-4.240617
55.873939,-4.244449
55.867568,-4.257651
55.863601,-4.240177
55.863864,-4.241982
55.866679,-4.252709
55.862702,-4.244600
55.861521,-4.239865
55.862220,-4.238499
55.862921,-4.240473
55.862535,-4.241442
55.863601,-4.240177
55.864721,-4.243326
55.862091,-4.241145
55.864669,-4.241741
55.864669,-4.241741
55.864669,-4.241741
55.865595,-4.242210
55.865595,-4.242210
55.865595,-4.242210
55.865533,-4.247560
55.864940,-4.246088
55.865357,-4.243906
55.865100,-4.242245
55.865200,-4.240205
55.866840,-4.239996
55.866442,-4.243569
55.866131,-4.239939
55.866148,-4.245902
55.864152,-4.240528
55.868680,-4.242052
55.866497,-4.246465
55.866625,-4.240910
55.865261,-4.237348
55.866878,-4.247718
55.862682,-4.238814
55.860663,-4.237675
55.860627,-4.239654
55.860885,-4.238806
55.860570,-4.238820
55.862841,-4.243409
55.859840,-4.239401
55.861081,-4.235909
55.863056,-4.234568
55.862072,-4.237292
55.863173,-4.237979
55.862872,-4.241685
55.863509,-4.244215
55.862538,-4.236376
55.860104,-4.239225
55.868131,-4.259314
55.862298,-4.239191
55.862792,-4.242623
55.865608,-4.237544
55.864941,-4.235667
55.864025,-4.235647
55.856496,-4.238474
55.856834,-4.237694
55.856892,-4.237426
55.868746,-4.259574
55.856933,-4.237188
55.856999,-4.241459
55.857375,-4.242503
55.868162,-4.258613
55.856561,-4.237343
55.858069,-4.240945
55.857191,-4.240767
55.857454,-4.241645
55.856798,-4.240632
55.858006,-4.239967
55.855872,-4.236185
55.855543,-4.236533
55.857589,-4.242100
55.855528,-4.235382
55.855088,-4.236811
55.855050,-4.236904
55.855185,-4.235954
55.855407,-4.234097
55.856147,-4.233932
55.859034,-4.236782
55.859034,-4.236766
55.858534,-4.231640
55.859411,-4.236340
55.859406,-4.233639
55.860342,-4.238519
55.860077,-4.236251
55.859025,-4.232323
55.860827,-4.235047
55.861196,-4.234525
55.860770,-4.234261
55.859526,-4.235452
55.861369,-4.234423
55.862261,-4.235769
55.859162,-4.234217
55.861148,-4.235210
55.868938,-4.247613
55.867240,-4.257409
55.867240,-4.257409
55.869397,-4.247080
55.869397,-4.247080
55.860048,-4.234395
55.859188,-4.232269
55.860048,-4.234395
55.860533,-4.234919
55.860195,-4.235714
55.860195,-4.235714
55.860290,-4.236391
55.860377,-4.237083
55.860377,-4.237083
55.860782,-4.236036
55.868735,-4.243478
55.868735,-4.243478
55.868735,-4.243478
55.868735,-4.243478
55.868735,-4.243478
55.868735,-4.243478
55.868735,-4.243478
55.868735,-4.243478
55.868735,-4.243478
55.868735,-4.243478
55.868735,-4.243478
55.868735,-4.243478
55.868735,-4.243478
55.868735,-4.243478
55.868735,-4.243478
55.868735,-4.243478
55.868735,-4.243478
55.868735,-4.243478
55.868735,-4.243478
55.868735,-4.243478
55.868735,-4.243478
55.871678,-4.269703
55.872275,-4.271464
55.871680,-4.271078
55.871661,-4.271636
55.871767,-4.272186
55.871899,-4.272817
55.871988,-4.273381
55.871270,-4.270878
55.872107,-4.272270
55.870542,-4.267479
55.870184,-4.266403
55.873155,-4.252429
55.874475,-4.253001
55.871403,-4.270518
55.871218,-4.271258
55.870236,-4.269475
55.870099,-4.270042
55.870847,-4.269958
55.870466,-4.271087
55.871095,-4.273058
55.871446,-4.273046
55.871088,-4.271970
55.868331,-4.261164
55.868609,-4.261676
55.871820,-4.274203
55.872033,-4.274839
55.871649,-4.276639
55.872404,-4.276139
55.872277,-4.276707
55.872899,-4.276104
55.873078,-4.276658
55.872032,-4.276821
55.871583,-4.275835
55.872405,-4.273182
55.872121,-4.273981
55.871691,-4.274867
55.872292,-4.274454
55.872747,-4.274145
55.872776,-4.275490
55.872878,-4.273354
55.871592,-4.275836
55.872580,-4.274887
55.872229,-4.277344
55.872472,-4.277806
55.872892,-4.277479
55.872670,-4.277801
55.872786,-4.278336
55.872820,-4.278418
55.873249,-4.278587
55.872645,-4.280118
55.873030,-4.279725
55.873392,-4.279586
55.873916,-4.279409
55.870795,-4.266454
55.874306,-4.279752
55.871606,-4.265814
55.873232,-4.275596
55.873505,-4.276412
55.873846,-4.276400
55.873302,-4.277183
55.873445,-4.277703
55.873870,-4.277552
55.874238,-4.277558
55.874277,-4.278855
55.873495,-4.274988
55.873659,-4.278259
55.872501,-4.279630
55.873118,-4.279346
55.873840,-4.278669
55.869024,-4.261108
55.869159,-4.263034
55.868793,-4.262390
55.868842,-4.264630
55.868023,-4.261753
55.868448,-4.262593
55.868191,-4.262898
55.868377,-4.264475
55.872063,-4.265889
55.870743,-4.266787
55.868851,-4.263176
55.872442,-4.265335
55.870309,-4.266938
55.871094,-4.266775
55.871418,-4.265292
55.871469,-4.261538
55.873696,-4.262627
55.873887,-4.261999
55.872623,-4.261334
55.872982,-4.262857
55.872646,-4.259129
55.871099,-4.259199
55.871247,-4.259927
55.871660,-4.260446
55.873678,-4.260212
55.874389,-4.260621
55.875301,-4.258916
55.873551,-4.260732
55.876221,-4.260232
55.876584,-4.260045
55.875617,-4.260293
55.876205,-4.258153
55.876944,-4.255558
55.877615,-4.255757
55.874542,-4.261126
55.872464,-4.262156
55.872443,-4.257439
55.876805,-4.252848
55.873249,-4.257597
55.873867,-4.257729
55.874504,-4.257287
55.876347,-4.255779
55.877351,-4.254942
55.876222,-4.256715
55.876159,-4.255241
55.873600,-4.256595
55.871735,-4.257334
55.875065,-4.253179
55.874831,-4.247810
55.875073,-4.249806
55.874718,-4.248091
55.873344,-4.246061
55.872882,-4.246211
55.874109,-4.245466
55.872725,-4.264585
55.872270,-4.263423
55.871683,-4.262622
55.872098,-4.264484
55.871427,-4.263806
55.853303,-4.237635
55.853645,-4.237575
55.846556,-4.229084
55.851686,-4.233132
55.845457,-4.229213
55.845956,-4.227947
55.846217,-4.226972
55.848392,-4.229940
55.847541,-4.228278
55.842349,-4.228156
55.842465,-4.229185
55.851175,-4.237513
55.852880,-4.236668
55.851479,-4.234111
55.853196,-4.237101
55.851630,-4.234711
55.849530,-4.237530
55.842128,-4.228447
55.841753,-4.227276
55.841556,-4.227264
55.841558,-4.227121
55.841868,-4.227905
55.848838,-4.226147
55.848982,-4.227593
55.848618,-4.227365
55.848694,-4.227146
55.848993,-4.227019
55.848244,-4.229149
55.850737,-4.233429
55.849150,-4.229760
55.849660,-4.229869
55.848079,-4.230833
55.848524,-4.231545
55.849594,-4.232501
55.849499,-4.232815
55.849313,-4.231143
55.849538,-4.231619
55.848239,-4.231896
55.849892,-4.230457
55.849770,-4.232751
55.849761,-4.231712
55.849463,-4.228851
55.849577,-4.233459
55.849902,-4.233845
55.849039,-4.228939
55.849084,-4.232408
55.848107,-4.227272
55.846254,-4.234322
55.847035,-4.226939
55.847620,-4.227404
55.847781,-4.229426
55.847383,-4.231032
55.846997,-4.230020
55.847191,-4.227763
55.846822,-4.227278
55.847096,-4.231016
55.846394,-4.230560
55.845695,-4.229961
55.846542,-4.228828
55.844360,-4.229741
55.845268,-4.229745
55.843726,-4.229513
55.844669,-4.228577
55.845197,-4.227680
55.843411,-4.227083
55.842873,-4.227499
55.843113,-4.228120
55.843560,-4.228737
55.843252,-4.229358
55.844588,-4.227070
55.844114,-4.227954
55.845641,-4.227019
55.849554,-4.227307
55.850157,-4.229706
55.854526,-4.238584
55.854071,-4.238398
55.853926,-4.237447
55.851924,-4.234392
55.852976,-4.236338
55.848142,-4.226379
55.847278,-4.226410
55.845858,-4.226424
55.844899,-4.226258
55.843710,-4.226445
55.851062,-4.225412
55.851270,-4.223331
55.856280,-4.229577
55.852230,-4.222954
55.852423,-4.223700
55.856360,-4.229150
55.855472,-4.229547
55.849493,-4.226217
55.853421,-4.221696
55.856082,-4.228607
55.851032,-4.230539
55.854584,-4.217513
55.849750,-4.225417
55.855028,-4.232717
55.851590,-4.230011
55.851436,-4.229587
55.855956,-4.231092
55.855962,-4.230773
55.853682,-4.226121
55.850818,-4.222011
55.854050,-4.226190
55.852156,-4.226050
55.852403,-4.226783
55.854373,-4.225186
55.852016,-4.228310
55.852029,-4.228599
55.852209,-4.229056
55.852464,-4.227873
55.850360,-4.230436
55.851304,-4.228445
55.854893,-4.226270
55.854518,-4.233551
55.853877,-4.226787
55.854645,-4.228061
55.855367,-4.224923
55.854173,-4.232748
55.855681,-4.227434
55.855809,-4.228320
55.855939,-4.232530
55.855616,-4.229539
55.855652,-4.232481
55.854975,-4.231675
55.853987,-4.235613
55.854592,-4.230487
55.854618,-4.231543
55.853981,-4.230995
55.853340,-4.231630
55.854937,-4.233239
55.855157,-4.226078
55.853614,-4.236327
55.853664,-4.234077
55.854660,-4.231210
55.853707,-4.228727
55.854029,-4.230311
55.854284,-4.231588
55.855036,-4.234235
55.855120,-4.235039
55.855075,-4.235580
55.854446,-4.236023
55.853107,-4.226136
55.853445,-4.227322
55.853727,-4.234560
55.855263,-4.227170
55.853545,-4.235188
55.854277,-4.227529
55.853490,-4.232788
55.852929,-4.218553
55.850472,-4.228733
55.855620,-4.231792
55.854184,-4.229185
55.854878,-4.229065
55.855057,-4.225656
55.855040,-4.222620
55.854127,-4.216416
55.851933,-4.224471
55.851679,-4.225575
55.851905,-4.225987
55.851353,-4.225732
55.850135,-4.225455
55.850423,-4.223954
55.850236,-4.228320
55.851068,-4.222584
55.850131,-4.227180
55.851478,-4.227736
55.850876,-4.224762
55.854043,-4.220613
55.851680,-4.230975
55.853049,-4.230303
55.853668,-4.229411
55.853084,-4.228899
55.852552,-4.229955
55.853069,-4.231215
55.852774,-4.228625
55.853222,-4.228220
55.854556,-4.236924
55.854505,-4.236234
55.854840,-4.236109
55.855367,-4.237786
55.853829,-4.232424
55.854613,-4.237710
55.854405,-4.236835
55.854139,-4.237108
55.854139,-4.237108
55.851858,-4.220153
55.852021,-4.232001
55.851294,-4.232439
55.851722,-4.233150
55.852546,-4.232303
55.851206,-4.219956
55.852046,-4.219221
55.852508,-4.219519
55.852440,-4.219292
55.852080,-4.217785
55.853130,-4.214378
55.854185,-4.217714
55.852583,-4.217303
55.852652,-4.217994
55.853243,-4.216142
55.853985,-4.215833
55.852162,-4.217726
55.851916,-4.218958
55.832137,-4.170501
55.850090,-4.215531
55.842178,-4.211695
55.842176,-4.212813
55.849370,-4.219069
55.850228,-4.221849
55.849517,-4.220898
55.849439,-4.223210
55.846855,-4.218510
55.848398,-4.219652
55.848601,-4.217875
55.848278,-4.218351
55.847826,-4.216984
55.846896,-4.220206
55.846896,-4.220206
55.846493,-4.219640
55.848890,-4.221278
55.846216,-4.220534
55.846216,-4.220534
55.846493,-4.219640
55.848056,-4.219185
55.847354,-4.220743
55.850726,-4.221638
55.846265,-4.213828
55.845105,-4.215359
55.844400,-4.218083
55.846157,-4.217847
55.845864,-4.218645
55.844929,-4.217681
55.847944,-4.220425
55.848084,-4.221615
55.846160,-4.219189
55.842031,-4.213395
55.842624,-4.214388
55.842697,-4.207859
55.845308,-4.217048
55.843356,-4.213151
55.843030,-4.213308
55.842743,-4.211807
55.842421,-4.213178
55.846984,-4.207351
55.846404,-4.202590
55.846135,-4.203054
55.846171,-4.204078
55.845514,-4.203626
55.844528,-4.206461
55.845105,-4.205887
55.845528,-4.205863
55.847975,-4.202711
55.844464,-4.207017
55.842211,-4.211872
55.843397,-4.210390
55.843997,-4.210009
55.844442,-4.210753
55.843771,-4.210571
55.843148,-4.212245
55.842955,-4.211499
55.843607,-4.212702
55.844019,-4.211767
55.844073,-4.212777
55.843649,-4.211395
55.843824,-4.213162
55.843825,-4.214072
55.846974,-4.211903
55.843982,-4.217356
55.844486,-4.211331
55.843441,-4.216942
55.844308,-4.209691
55.844826,-4.209417
55.844432,-4.208836
55.845130,-4.208492
55.845065,-4.209606
55.846155,-4.205451
55.846753,-4.221635
55.848162,-4.213808
55.848198,-4.214800
55.848322,-4.211421
55.846524,-4.215903
55.847886,-4.215629
55.847674,-4.218413
55.848326,-4.214696
55.845927,-4.215614
55.850280,-4.211979
55.850145,-4.212499
55.846277,-4.215170
55.849111,-4.214006
55.847153,-4.213926
55.849177,-4.215831
55.850672,-4.214654
55.850295,-4.214121
55.850235,-4.213494
55.851154,-4.213818
55.850841,-4.213273
55.849718,-4.213705
55.849270,-4.212641
55.848886,-4.208018
55.832137,-4.170501
55.849219,-4.206471
55.848910,-4.212700
55.848902,-4.211150
55.845577,-4.219124
55.848761,-4.206445
55.849166,-4.216437
55.849541,-4.218072
55.850065,-4.217431
55.850946,-4.216890
55.847851,-4.223072
55.849427,-4.225862
55.850156,-4.223842
55.849837,-4.215629
55.832137,-4.170501
55.832137,-4.170501
55.848265,-4.226035
55.848025,-4.225398
55.847300,-4.225692
55.842766,-4.226455
55.837636,-4.211916
55.846306,-4.223990
55.846951,-4.224618
55.837341,-4.212809
55.837227,-4.213681
55.847349,-4.225471
55.846535,-4.225744
55.846820,-4.223923
55.846283,-4.224771
55.845528,-4.224808
55.845852,-4.225737
55.846381,-4.223323
55.846828,-4.226432
55.846873,-4.225955
55.847722,-4.224742
55.844138,-4.222636
55.843016,-4.225559
55.844675,-4.224280
55.837952,-4.214840
55.843558,-4.224871
55.844557,-4.223347
55.843856,-4.223339
55.845344,-4.225996
55.837676,-4.214202
55.844357,-4.225460
55.843065,-4.224332
55.841184,-4.217021
55.844894,-4.225570
55.843582,-4.225559
55.843055,-4.223884
55.844630,-4.223782
55.841677,-4.216570
55.845315,-4.221154
55.844516,-4.220102
55.845610,-4.222257
55.845358,-4.221779
55.841379,-4.216154
55.841204,-4.215920
55.839400,-4.212272
55.842153,-4.221101
55.843799,-4.220013
55.842035,-4.224145
55.840945,-4.220282
55.840417,-4.219661
55.840668,-4.218685
55.841169,-4.219320
55.841786,-4.224978
55.838235,-4.210608
55.842093,-4.224915
55.836660,-4.221203
55.836660,-4.221203
55.840125,-4.218398
55.840506,-4.211743
55.840725,-4.213561
55.837779,-4.220452
55.838003,-4.220449
55.839301,-4.221721
55.839971,-4.221456
55.838597,-4.220898
55.839250,-4.216080
55.841856,-4.223113
55.848522,-4.225714
55.843831,-4.219216
55.848269,-4.223303
55.848708,-4.223872
55.848979,-4.222337
55.844400,-4.219073
55.845909,-4.221140
55.840633,-4.214642
55.840013,-4.214638
55.838750,-4.213433
55.839083,-4.212908
55.838285,-4.213773
55.838960,-4.210777
55.838150,-4.209821
55.839150,-4.210181
55.838829,-4.210019
55.839373,-4.210753
55.840222,-4.211520
55.842312,-4.207757
55.839884,-4.210319
55.840025,-4.211013
55.839928,-4.211391
55.839685,-4.210930
55.840984,-4.207155
55.841130,-4.206045
55.840391,-4.208143
55.840189,-4.207876
55.840316,-4.209321
55.839241,-4.207104
55.838900,-4.207084
55.840747,-4.212332
55.840648,-4.212311
55.841069,-4.213437
55.839518,-4.207183
55.840909,-4.208300
55.846968,-4.222686
55.841206,-4.214275
55.840150,-4.204009
55.839607,-4.204745
55.844776,-4.222129
55.845334,-4.225069
55.839078,-4.203693
55.839067,-4.204315
55.838604,-4.206030
55.842017,-4.216174
55.847243,-4.224379
55.832137,-4.170501
55.832137,-4.170501
55.832137,-4.170501
55.832137,-4.170501
55.832137,-4.170501
55.832137,-4.170501
55.832137,-4.170501
55.832137,-4.170501
55.832137,-4.170501
55.832137,-4.170501
55.832137,-4.170501
55.848858,-4.288230
55.852971,-4.282560
55.847822,-4.288313
55.842377,-4.264944
55.842110,-4.265327
55.842203,-4.265636
55.851701,-4.287550
55.844339,-4.267262
55.844749,-4.265976
55.844540,-4.265596
55.850474,-4.286376
55.844859,-4.267788
55.845367,-4.267561
55.843810,-4.266193
55.850567,-4.287180
55.851909,-4.278296
55.844668,-4.266467
55.841979,-4.264154
55.841919,-4.264965
55.850374,-4.286897
55.848434,-4.286863
55.850561,-4.284128
55.852066,-4.283402
55.851695,-4.285473
55.852474,-4.285614
55.852363,-4.284346
55.852356,-4.286662
55.851419,-4.283891
55.851559,-4.283611
55.852278,-4.283110
55.851370,-4.282626
55.851609,-4.281394
55.852798,-4.283652
55.850625,-4.281128
55.845406,-4.274193
55.853247,-4.277879
55.848230,-4.276994
55.852306,-4.277744
55.852970,-4.277783
55.853006,-4.278280
55.852835,-4.279245
55.852978,-4.279317
55.853046,-4.279976
55.852621,-4.280622
55.851532,-4.280670
55.848501,-4.275955
55.847868,-4.279082
55.848513,-4.282091
55.848106,-4.278345
55.844912,-4.275139
55.845596,-4.275594
55.844793,-4.273343
55.846487,-4.274544
55.845283,-4.274521
55.845518,-4.274934
55.845695,-4.274625
55.845716,-4.272039
55.845965,-4.274130
55.844528,-4.272129
55.844440,-4.273482
55.845772,-4.271419
55.843856,-4.260301
55.843136,-4.261825
55.847184,-4.255766
55.847700,-4.256994
55.847282,-4.257753
55.846432,-4.258055
55.844449,-4.260815
55.841455,-4.265241
55.843233,-4.263364
55.846247,-4.273459
55.842666,-4.263906
55.842939,-4.263219
55.842596,-4.263311
55.841723,-4.263899
55.841566,-4.264130
55.841025,-4.264689
55.842690,-4.264562
55.846481,-4.256828
55.845421,-4.258284
55.842930,-4.264241
55.841100,-4.265971
55.840984,-4.265437
55.841787,-4.265756
55.842078,-4.266092
55.848902,-4.291172
55.851037,-4.285546
55.843717,-4.270277
55.843660,-4.267015
55.844430,-4.270127
55.844128,-4.273815
55.843979,-4.272608
55.844269,-4.274941
55.835897,-4.270811
55.836540,-4.269587
55.836841,-4.269828
55.836432,-4.270539
55.836262,-4.272956
55.836460,-4.272457
55.837109,-4.272335
55.836576,-4.271505
55.836896,-4.271237
55.837387,-4.273326
55.835368,-4.271722
55.835491,-4.272336
55.835947,-4.273481
55.836608,-4.275628
55.836184,-4.274725
55.835453,-4.273436
55.835017,-4.273714
55.835817,-4.275150
55.836059,-4.277113
55.835766,-4.275946
55.834515,-4.274084
55.835019,-4.274577
55.834990,-4.275661
55.835106,-4.276642
55.833922,-4.276014
55.835015,-4.277675
55.835375,-4.279133
55.834017,-4.279644
55.834627,-4.279712
55.834460,-4.280964
55.833812,-4.282459
55.833707,-4.281798
55.833599,-4.278901
55.833592,-4.280258
55.832233,-4.275037
55.833496,-4.277714
55.833031,-4.278549
55.832566,-4.279384
55.833155,-4.279610
55.833010,-4.280160
55.833106,-4.280773
55.833346,-4.280947
55.832422,-4.280845
55.832796,-4.281489
55.833205,-4.282248
55.833552,-4.282891
55.832750,-4.280624
55.833179,-4.276354
55.833379,-4.276733
55.833307,-4.277207
55.832934,-4.277457
55.832452,-4.277780
55.832540,-4.278823
55.831996,-4.278584
55.831949,-4.279220
55.832152,-4.280366
55.831675,-4.279428
55.832201,-4.279666
55.838658,-4.272186
55.839222,-4.272762
55.839539,-4.275080
55.839977,-4.275697
55.839972,-4.274003
55.839857,-4.273438
55.839503,-4.271165
55.839835,-4.271711
55.840342,-4.275415
55.839516,-4.272412
55.840720,-4.275852
55.840801,-4.274851
55.841063,-4.275297
55.841568,-4.275167
55.841333,-4.274770
55.841627,-4.273972
55.841175,-4.273626
55.841512,-4.273359
55.841415,-4.272762
55.841335,-4.272262
55.840665,-4.272527
55.840169,-4.270629
55.840130,-4.271329
55.840527,-4.273141
55.840494,-4.271079
55.840319,-4.272730
55.842253,-4.274584
55.842144,-4.273667
55.841865,-4.272277
55.841601,-4.270952
55.842003,-4.271103
55.842191,-4.272120
55.842412,-4.273315
55.842624,-4.274446
55.843515,-4.274386
55.843185,-4.273281
55.842053,-4.271330
55.843550,-4.272487
55.842808,-4.272795
55.843589,-4.271867
55.842575,-4.272239
55.843237,-4.273859
55.840851,-4.267298
55.839482,-4.266995
55.839501,-4.267380
55.838712,-4.267813
55.838922,-4.268576
55.838309,-4.268700
55.837793,-4.270826
55.838287,-4.269401
55.837534,-4.270284
55.837387,-4.270898
55.837032,-4.270701
55.837651,-4.268310
55.837247,-4.269277
55.837574,-4.269072
55.837330,-4.268627
55.837917,-4.268038
55.831030,-4.276420
55.830977,-4.278333
55.839077,-4.273792
55.839265,-4.274361
55.839608,-4.275739
55.840823,-4.277567
55.843476,-4.276492
55.843548,-4.275538
55.844126,-4.275364
55.843178,-4.275117
55.842806,-4.275319
55.842563,-4.275816
55.843795,-4.274834
55.841555,-4.276364
55.841172,-4.276214
55.841029,-4.276653
55.840358,-4.276949
55.842016,-4.276215
55.842893,-4.269143
55.841777,-4.269716
55.843137,-4.269556
55.842500,-4.270477
55.841473,-4.270146
55.841006,-4.270103
55.840133,-4.270148
55.840772,-4.270600
55.841214,-4.270530
55.841274,-4.271141
55.840939,-4.271776
55.839833,-4.265993
55.828093,-4.272927
55.829615,-4.280984
55.829828,-4.280661
55.829620,-4.279770
55.830238,-4.278880
55.830491,-4.277841
55.829909,-4.278702
55.829100,-4.279197
55.828878,-4.279567
55.828947,-4.280162
55.828624,-4.280159
55.829475,-4.279363
55.823443,-4.277940
55.827830,-4.273550
55.827098,-4.275216
55.828254,-4.273942
55.827888,-4.274783
55.828287,-4.275062
55.828375,-4.278548
55.829955,-4.276740
55.828865,-4.278768
55.829372,-4.275668
55.829231,-4.277448
55.828365,-4.275721
55.829004,-4.278569
55.829189,-4.276360
55.829985,-4.278019
55.829654,-4.278415
55.829422,-4.278801
55.829636,-4.277919
55.829215,-4.278357
55.824493,-4.276565
55.824915,-4.277084
55.826717,-4.272974
55.826149,-4.273053
55.826439,-4.275864
55.826319,-4.275027
55.827274,-4.272033
55.826925,-4.272412
55.826661,-4.274552
55.825405,-4.278310
55.824236,-4.277859
55.824511,-4.280446
55.826639,-4.278654
55.825585,-4.276325
55.831304,-4.280045
55.831432,-4.279445
55.825568,-4.282104
55.829870,-4.283729
55.829999,-4.284024
55.828124,-4.278549
55.827776,-4.277890
55.827296,-4.277591
55.827811,-4.278898
55.827357,-4.279654
55.830179,-4.284035
55.827510,-4.278657
55.826950,-4.279822
55.827173,-4.278430
55.827856,-4.279412
55.826594,-4.279593
55.825305,-4.281290
55.828148,-4.274782
55.828511,-4.277039
55.828243,-4.277902
55.824612,-4.282766
55.824268,-4.283896
55.824034,-4.281966
55.823957,-4.282696
55.823948,-4.283686
55.823455,-4.282140
55.824598,-4.284011
55.823187,-4.280608
55.823549,-4.280501
55.823185,-4.279266
55.822851,-4.279343
55.823611,-4.283410
55.822636,-4.278356
55.827660,-4.276430
55.827243,-4.284358
55.826887,-4.284624
55.826284,-4.285180
55.825834,-4.285217
55.824931,-4.284478
55.825368,-4.283657
55.825627,-4.284231
55.825904,-4.283880
55.826241,-4.283149
55.825381,-4.285382
55.826731,-4.282891
55.826959,-4.282680
55.826399,-4.283813
55.826626,-4.284162
55.825412,-4.282765
55.827208,-4.284276
55.827413,-4.283889
55.827301,-4.282700
55.827583,-4.282988
55.828005,-4.283013
55.828546,-4.281464
55.828392,-4.281008
55.828215,-4.281381
55.827937,-4.280838
55.827837,-4.281870
55.828130,-4.282094
55.827538,-4.282012
55.827249,-4.282107
55.826944,-4.282073
55.827353,-4.280372
55.827881,-4.281457
55.827375,-4.281108
55.827869,-4.280147
55.828262,-4.280266
55.827869,-4.284506
55.829864,-4.282595
55.829864,-4.282116
55.828401,-4.283946
55.827801,-4.286243
55.828006,-4.286318
55.828301,-4.285921
55.827526,-4.286546
55.827041,-4.286517
55.826861,-4.285549
55.827347,-4.286471
55.827141,-4.285501
55.826838,-4.285340
55.826592,-4.286507
55.826547,-4.285993
55.826023,-4.287096
55.825753,-4.287144
55.825808,-4.288073
55.826067,-4.288632
55.826860,-4.289013
55.826393,-4.288507
55.826564,-4.287974
55.827201,-4.288028
55.827062,-4.287285
55.827528,-4.287360
55.828023,-4.295533
55.828228,-4.293245
55.829389,-4.285426
55.827793,-4.294880
55.829878,-4.286684
55.830601,-4.286950
55.830656,-4.288342
55.831085,-4.289405
55.830416,-4.289158
55.830281,-4.288208
55.830008,-4.287873
55.829800,-4.288947
55.829612,-4.287946
55.829299,-4.287831
55.829140,-4.288684
55.828951,-4.287699
55.828364,-4.288830
55.827401,-4.292287
55.827924,-4.290242
55.827648,-4.290593
55.826911,-4.289623
55.828724,-4.286361
55.828003,-4.292290
55.829278,-4.284605
55.828633,-4.284519
55.828550,-4.286079
55.827804,-4.287983
55.832969,-4.284757
55.832733,-4.286340
55.828704,-4.289888
55.829397,-4.290280
55.830043,-4.290382
55.830409,-4.290467
55.831165,-4.290927
55.829425,-4.291703
55.828810,-4.291411
55.828533,-4.291331
55.828389,-4.292281
55.829487,-4.294134
55.830228,-4.292006
55.827715,-4.295674
55.829034,-4.292878
55.828387,-4.294820
55.828630,-4.293812
55.828844,-4.294431
55.828838,-4.293313
55.828241,-4.293007
55.830764,-4.281067
55.831154,-4.281872
55.831773,-4.284320
55.831031,-4.283638
55.831907,-4.282427
55.832172,-4.282666
55.831469,-4.282817
55.832598,-4.283474
55.832342,-4.283714
55.831986,-4.283023
55.832110,-4.284068
55.832454,-4.284424
55.833618,-4.284204
55.832017,-4.288630
55.831560,-4.289018
55.831402,-4.287827
55.831741,-4.286058
55.832003,-4.286441
55.831984,-4.287494
55.832328,-4.285406
55.831212,-4.288870
55.832279,-4.286617
55.830800,-4.280558
55.830980,-4.280569
55.831375,-4.281087
55.831566,-4.279980
55.832478,-4.281694
55.832998,-4.282252
55.833182,-4.282997
55.833679,-4.283330
55.832830,-4.283072
55.832025,-4.280917
55.831672,-4.282046
55.831969,-4.281521
55.832988,-4.283752
55.830196,-4.279740
55.830695,-4.279466
55.831176,-4.279223
55.830795,-4.279871
55.830321,-4.280754
55.829305,-4.281221
55.829335,-4.282053
55.829362,-4.282055
55.828590,-4.282952
55.827719,-4.283859
55.829600,-4.281813
55.833767,-4.289212
55.834016,-4.290791
55.832940,-4.291638
55.832026,-4.292958
55.833234,-4.293253
55.833158,-4.294398
55.831797,-4.295100
55.831297,-4.294911
55.830795,-4.294386
55.829746,-4.296656
55.833803,-4.291609
55.829746,-4.296656
55.830731,-4.295405
55.832904,-4.295501
55.829877,-4.295402
55.833031,-4.288673
55.831964,-4.291453
55.829350,-4.296697
55.828735,-4.297363
55.827429,-4.298468
55.834285,-4.295183
55.834235,-4.293519
55.834221,-4.291873
55.834110,-4.289152
55.835528,-4.292653
55.834829,-4.295407
55.836854,-4.301036
55.835501,-4.292124
55.834454,-4.286585
55.834548,-4.288778
55.834649,-4.292026
55.835578,-4.293806
55.835464,-4.294598
55.836841,-4.292123
55.837487,-4.293631
55.837810,-4.292212
55.836673,-4.291970
55.835558,-4.290547
55.837162,-4.292749
55.834841,-4.289930
55.835760,-4.289808
55.835912,-4.288427
55.834922,-4.288976
55.835291,-4.288471
55.834866,-4.287136
55.835871,-4.287754
55.834810,-4.285360
55.836682,-4.290533
55.837263,-4.302210
55.839071,-4.294475
55.838610,-4.295054
55.839773,-4.297742
55.839264,-4.298064
55.840176,-4.300274
55.838975,-4.292856
55.840036,-4.299068
55.840313,-4.302997
55.840034,-4.301591
55.839087,-4.304634
55.839420,-4.301762
55.839805,-4.303734
55.838697,-4.303413
55.838220,-4.302458
55.841504,-4.300863
55.841719,-4.301819
55.841501,-4.299569
55.841228,-4.298771
55.840176,-4.297383
55.840728,-4.302431
55.841373,-4.289068
55.840725,-4.297335
55.841742,-4.290000
55.840607,-4.290620
55.842876,-4.300545
55.841732,-4.291533
55.841205,-4.292300
55.841498,-4.295400
55.841704,-4.296866
55.841097,-4.296670
55.840867,-4.293063
55.840405,-4.293307
55.839949,-4.293664
55.839482,-4.294100
55.840271,-4.295184
55.839950,-4.296459
55.839746,-4.291496
55.841981,-4.298384
55.838859,-4.296155
55.839697,-4.295582
55.836933,-4.284271
55.836266,-4.284376
55.836655,-4.285660
55.837108,-4.286948
55.836669,-4.288775
55.837153,-4.288852
55.837249,-4.286126
55.838137,-4.285731
55.838579,-4.286124
55.838249,-4.283582
55.837248,-4.284737
55.838324,-4.274706
55.837277,-4.276385
55.838113,-4.275891
55.837034,-4.277393
55.836808,-4.277428
55.836649,-4.277754
55.836572,-4.279011
55.835995,-4.279600
55.835922,-4.280123
55.836449,-4.279851
55.836891,-4.279765
55.837114,-4.280800
55.837188,-4.282609
55.836937,-4.278250
55.843165,-4.296106
55.836492,-4.281865
55.842158,-4.296653
55.842630,-4.295435
55.842849,-4.297157
55.842429,-4.298011
55.842590,-4.299027
55.843254,-4.297117
55.838176,-4.277828
55.839364,-4.281107
55.838112,-4.281290
55.839147,-4.283123
55.838407,-4.281371
55.839668,-4.286045
55.840697,-4.288229
55.838968,-4.279215
55.840844,-4.286609
55.840448,-4.279861
55.840513,-4.282149
55.840130,-4.283915
55.839355,-4.279174
55.839238,-4.278241
55.839910,-4.279287
55.839287,-4.277046
55.839009,-4.277509
55.838811,-4.276539
55.838441,-4.275176
55.838480,-4.278899
55.838477,-4.276631
55.835422,-4.295394
55.835132,-4.297469
55.833063,-4.297091
55.835498,-4.298560
55.835698,-4.300840
55.836093,-4.299921
55.836303,-4.298752
55.836114,-4.296888
55.836848,-4.298943
55.837858,-4.300696
55.837396,-4.299455
55.836799,-4.296784
55.837120,-4.295957
55.837203,-4.294876
55.837677,-4.295958
55.837738,-4.297511
55.837593,-4.296592
55.838331,-4.298919
55.838804,-4.298164
55.838195,-4.295653
55.838263,-4.293932
55.837287,-4.312417
55.834538,-4.284993
55.844772,-4.296216
55.845895,-4.278838
55.844043,-4.299160
55.845273,-4.297795
55.845886,-4.297704
55.844526,-4.302176
55.844619,-4.302980
55.845239,-4.303912
55.844771,-4.304427
55.843531,-4.304913
55.843538,-4.299274
55.842645,-4.305643
55.842437,-4.307148
55.842779,-4.307600
55.843722,-4.306697
55.844325,-4.304273
55.843743,-4.305580
55.845454,-4.278397
55.845813,-4.277476
55.845412,-4.277740
55.844940,-4.302600
55.845124,-4.277803
55.845322,-4.302862
55.845749,-4.303079
55.845808,-4.305207
55.846513,-4.307885
55.847731,-4.306200
55.845371,-4.301172
55.846882,-4.308833
55.846765,-4.307404
55.847275,-4.306045
55.847353,-4.313846
55.846645,-4.305656
55.847491,-4.305578
55.846352,-4.303498
55.847479,-4.303341
55.847303,-4.302628
55.848528,-4.303004
55.848609,-4.304878
55.849896,-4.304826
55.847814,-4.308010
55.847424,-4.306741
55.847473,-4.307942
55.845717,-4.276815
55.845309,-4.276552
55.841824,-4.310131
55.844623,-4.278141
55.845207,-4.282536
55.845248,-4.285142
55.845641,-4.282402
55.845627,-4.281203
55.844910,-4.284483
55.843942,-4.282861
55.843388,-4.282685
55.843687,-4.280163
55.843785,-4.281143
55.844395,-4.282680
55.844879,-4.282756
55.844633,-4.281017
55.844877,-4.279961
55.844325,-4.278698
55.843803,-4.278253
55.844080,-4.280266
55.845290,-4.277078
55.844930,-4.280970
55.845805,-4.275942
55.841959,-4.285588
55.841479,-4.287732
55.842893,-4.288534
55.842930,-4.289447
55.842340,-4.291217
55.842823,-4.290830
55.843364,-4.290766
55.843883,-4.288960
55.843666,-4.288036
55.844325,-4.285967
55.843885,-4.286420
55.843182,-4.284622
55.843535,-4.286911
55.842944,-4.282898
55.844570,-4.287291
55.843542,-4.310089
55.844413,-4.276883
55.842631,-4.284733
55.845663,-4.291365
55.846665,-4.291599
55.845725,-4.290410
55.845219,-4.287696
55.845939,-4.285694
55.846150,-4.282080
55.846110,-4.281295
55.846072,-4.280462
55.846481,-4.287962
55.845223,-4.286498
55.846466,-4.290198
55.845842,-4.287525
55.846068,-4.289392
55.846150,-4.287895
55.845297,-4.304650
55.844906,-4.305873
55.845536,-4.306757
55.845884,-4.305947
55.845996,-4.306672
55.846109,-4.308819
55.845422,-4.309482
55.844729,-4.310047
55.844886,-4.308843
55.845581,-4.307750
55.844983,-4.307027
55.844473,-4.306406
55.843767,-4.307642
55.844513,-4.308150
55.844201,-4.308978
55.843603,-4.309677
55.843847,-4.311049
55.843692,-4.311184
55.843525,-4.312867
55.843752,-4.312258
55.841900,-4.311828
55.842613,-4.312174
55.842613,-4.312174
55.843066,-4.310045
55.842849,-4.310591
55.842954,-4.309303
55.841900,-4.311828
55.843258,-4.308411
55.842345,-4.310130
55.842005,-4.308656
55.842775,-4.311193
55.841390,-4.308380
55.840982,-4.309506
55.844246,-4.291169
55.844703,-4.291755
55.844303,-4.292962
55.845276,-4.292332
55.847059,-4.292166
55.844753,-4.289043
55.846835,-4.294038
55.845325,-4.294508
55.846455,-4.294175
55.844578,-4.295534
55.844040,-4.296924
55.843301,-4.295107
55.843848,-4.294197
55.846005,-4.293733
55.845959,-4.295695
55.848152,-4.300489
55.846407,-4.296281
55.841034,-4.283633
55.847098,-4.297775
55.841089,-4.281145
55.840358,-4.278913
55.840927,-4.285064
55.838386,-4.273767
55.839071,-4.275101
55.838986,-4.275831
55.842166,-4.276863
55.842667,-4.277467
55.841390,-4.279964
55.842006,-4.282125
55.841905,-4.278844
55.842459,-4.279020
55.842867,-4.278821
55.841599,-4.278379
55.843336,-4.278257
55.839410,-4.275744
55.842686,-4.280823
55.846672,-4.277190
55.846703,-4.277911
55.846715,-4.278727
55.846737,-4.279511
55.846918,-4.285224
55.846791,-4.276111
55.846304,-4.276194
55.845672,-4.281669
55.845087,-4.277848
55.843951,-4.310305
55.826458,-4.241569
55.827697,-4.240666
55.828312,-4.239951
55.829962,-4.246529
55.831458,-4.239446
55.832542,-4.239604
55.831388,-4.241789
55.831183,-4.240691
55.832507,-4.238564
55.832051,-4.240917
55.828512,-4.239308
55.828649,-4.238709
55.827871,-4.238968
55.826782,-4.240550
55.825452,-4.240521
55.825949,-4.238890
55.824674,-4.234873
55.828536,-4.238000
55.824957,-4.234634
55.824443,-4.235259
55.824380,-4.235223
55.825588,-4.238007
55.824008,-4.233956
55.827609,-4.245467
55.826930,-4.238355
55.827067,-4.239688
55.826453,-4.236428
55.826200,-4.237451
55.826080,-4.235656
55.825904,-4.235965
55.825061,-4.231398
55.826446,-4.239269
55.824309,-4.230765
55.825107,-4.230842
55.825709,-4.231851
55.826074,-4.230530
55.825275,-4.233965
55.825416,-4.230189
55.825358,-4.229420
55.827839,-4.234799
55.826844,-4.237121
55.827303,-4.236604
55.827502,-4.237031
55.828371,-4.232227
55.828245,-4.234231
55.828043,-4.233006
55.828044,-4.231442
55.827048,-4.232343
55.828494,-4.233367
55.827399,-4.230814
55.827352,-4.233430
55.826464,-4.232836
55.827715,-4.230768
55.832199,-4.237205
55.832528,-4.235467
55.829346,-4.235987
55.829458,-4.235227
55.829615,-4.234502
55.829704,-4.233086
55.829878,-4.232377
55.829479,-4.231604
55.829221,-4.232451
55.829765,-4.231221
55.829772,-4.233776
55.830065,-4.230999
55.829529,-4.230345
55.828735,-4.231002
55.828894,-4.232177
55.829041,-4.231004
55.831053,-4.235494
55.829735,-4.240273
55.829930,-4.237458
55.831494,-4.236430
55.831081,-4.237428
55.831363,-4.237253
55.830382,-4.237787
55.831641,-4.240239
55.829255,-4.248341
55.829192,-4.251275
55.828928,-4.250493
55.826756,-4.246408
55.829452,-4.250348
55.835025,-4.246342
55.837213,-4.248097
55.834576,-4.241398
55.834414,-4.245860
55.832451,-4.247056
55.833957,-4.247287
55.832224,-4.248145
55.834555,-4.248503
55.834748,-4.248259
55.835093,-4.248550
55.835469,-4.249147
55.835262,-4.245190
55.834249,-4.248996
55.833919,-4.247875
55.833334,-4.248896
55.832643,-4.248840
55.835190,-4.247693
55.836263,-4.249464
55.837385,-4.249992
55.838007,-4.250395
55.838693,-4.250754
55.839644,-4.253269
55.840756,-4.263683
55.840756,-4.263683
55.840756,-4.263683
55.840756,-4.263683
55.840756,-4.263683
55.840756,-4.263683
55.840756,-4.263683
55.840756,-4.263683
55.840756,-4.263683
55.840756,-4.263683
55.840756,-4.263683
55.841193,-4.263357
55.842470,-4.262377
55.842786,-4.261805
55.840390,-4.259637
55.840166,-4.260582
55.840019,-4.259296
55.839930,-4.258732
55.840171,-4.258362
55.839682,-4.257552
55.840000,-4.257378
55.840141,-4.260006
55.840352,-4.257782
55.840596,-4.257716
55.839748,-4.256900
55.839791,-4.257989
55.840772,-4.256960
55.841019,-4.262596
55.838101,-4.254122
55.837783,-4.254295
55.847993,-4.254775
55.838092,-4.253626
55.841327,-4.262455
55.844958,-4.256564
55.840980,-4.263696
55.841216,-4.256762
55.841141,-4.256901
55.840745,-4.259881
55.842133,-4.260665
55.841541,-4.259129
55.841197,-4.258294
55.841725,-4.260817
55.837117,-4.257291
55.837693,-4.257229
55.838494,-4.257179
55.839591,-4.258600
55.839155,-4.257377
55.839450,-4.257490
55.839452,-4.256883
55.837253,-4.258209
55.839412,-4.254182
55.839279,-4.253088
55.838861,-4.253335
55.838524,-4.251144
55.839156,-4.254902
55.838426,-4.253997
55.838604,-4.254598
55.838988,-4.251282
55.838711,-4.251714
55.837500,-4.255029
55.839189,-4.252572
55.837410,-4.251574
55.838021,-4.253095
55.838458,-4.252769
55.838186,-4.251923
55.837642,-4.252163
55.838039,-4.252553
55.836903,-4.250299
55.836984,-4.253275
55.838251,-4.251304
55.839153,-4.252091
55.838749,-4.252562
55.840756,-4.263683
55.840334,-4.263659
55.840202,-4.264482
55.839821,-4.260770
55.839036,-4.260932
55.839449,-4.261930
55.839476,-4.262411
55.839621,-4.263314
55.838797,-4.263154
55.839297,-4.260899
55.838671,-4.262220
55.838600,-4.261178
55.838325,-4.261466
55.837820,-4.261548
55.838852,-4.263589
55.837751,-4.260905
55.840264,-4.262584
55.838310,-4.260347
55.837817,-4.260270
55.838064,-4.259566
55.838125,-4.259154
55.840815,-4.262904
55.837668,-4.251222
55.837920,-4.251221
55.838829,-4.256560
55.838743,-4.255341
55.838620,-4.256180
55.838983,-4.256505
55.836713,-4.254792
55.837148,-4.254610
55.837445,-4.254084
55.837096,-4.254016
55.836296,-4.255023
55.836574,-4.254560
55.835795,-4.251417
55.836154,-4.251470
55.835947,-4.250005
55.836388,-4.250972
55.836339,-4.252678
55.837010,-4.259680
55.836859,-4.258618
55.836707,-4.257555
55.839932,-4.254228
55.839826,-4.256106
55.838903,-4.257922
55.838837,-4.257566
55.838543,-4.257438
55.838235,-4.257595
55.838204,-4.255837
55.837943,-4.257834
55.837924,-4.258344
55.837749,-4.259068
55.837654,-4.257913
55.836981,-4.257347
55.837344,-4.262063
55.837159,-4.260855
55.837878,-4.263787
55.837558,-4.263593
55.837864,-4.262126
55.837424,-4.260647
55.839708,-4.264932
55.838549,-4.265408
55.838197,-4.264509
55.838053,-4.265027
55.838108,-4.265478
55.838055,-4.267327
55.837913,-4.266265
55.838456,-4.264636
55.837740,-4.264929
55.838173,-4.263900
55.838304,-4.263621
55.834614,-4.256555
55.835755,-4.257036
55.835480,-4.256350
55.834677,-4.256064
55.834393,-4.255360
55.834189,-4.254247
55.833773,-4.251939
55.833502,-4.252003
55.833706,-4.253133
55.833910,-4.254263
55.834033,-4.255883
55.834233,-4.252812
55.833719,-4.254874
55.833205,-4.252034
55.832676,-4.252451
55.834114,-4.255376
55.833201,-4.253695
55.833463,-4.255099
55.831983,-4.249552
55.831048,-4.253969
55.832584,-4.261867
55.834161,-4.266047
55.834075,-4.265339
55.833493,-4.264746
55.830967,-4.258372
55.831194,-4.257315
55.830887,-4.256403
55.832773,-4.263315
55.831305,-4.256140
55.831875,-4.258392
55.831618,-4.258186
55.831149,-4.262694
55.831919,-4.261349
55.834576,-4.264474
55.834253,-4.264471
55.833677,-4.259120
55.832993,-4.257675
55.832917,-4.259890
55.832854,-4.261819
55.833875,-4.262533
55.835491,-4.264591
55.835168,-4.264556
55.835056,-4.263783
55.835257,-4.263140
55.835146,-4.262303
55.835330,-4.261116
55.834496,-4.261004
55.833707,-4.256998
55.834883,-4.260978
55.834405,-4.258619
55.835428,-4.261649
55.834231,-4.257315
55.833452,-4.256216
55.834635,-4.259814
55.835931,-4.260193
55.835737,-4.259016
55.835504,-4.259465
55.836332,-4.267211
55.835223,-4.259082
55.835006,-4.258670
55.835490,-4.257804
55.834890,-4.258168
55.835003,-4.257376
55.835062,-4.257124
55.834798,-4.255815
55.835256,-4.258285
55.834643,-4.254976
55.834497,-4.254089
55.835098,-4.255625
55.836689,-4.259550
55.836134,-4.259885
55.835244,-4.260392
55.834956,-4.259944
55.836526,-4.259109
55.835895,-4.258705
55.835678,-4.258294
55.836099,-4.259340
55.835877,-4.257762
55.836191,-4.257780
55.836432,-4.257858
55.836843,-4.263392
55.837206,-4.263700
55.837429,-4.265231
55.836970,-4.263814
55.835789,-4.263522
55.836905,-4.262932
55.835889,-4.263927
55.835818,-4.265824
55.835577,-4.266257
55.836045,-4.267673
55.836474,-4.267778
55.836401,-4.266864
55.836331,-4.266317
55.836692,-4.265715
55.836910,-4.265584
55.837207,-4.265601
55.837601,-4.265672
55.837141,-4.266731
55.837054,-4.267061
55.836793,-4.267078
55.836843,-4.268758
55.837074,-4.268404
55.837553,-4.266324
55.837327,-4.267828
55.837904,-4.267255
55.837385,-4.267129
55.835130,-4.267093
55.835222,-4.267961
55.835305,-4.268796
55.835687,-4.269042
55.834804,-4.265781
55.836005,-4.268869
55.836807,-4.267798
55.836713,-4.268479
55.835531,-4.268250
55.836749,-4.268992
55.835971,-4.270240
55.835533,-4.269624
55.835666,-4.270207
55.835657,-4.271180
55.835089,-4.271243
55.835128,-4.272076
55.834047,-4.267350
55.834217,-4.267375
55.833623,-4.269385
55.834381,-4.270164
55.834250,-4.270428
55.834183,-4.271174
55.834715,-4.270566
55.834765,-4.270314
55.835217,-4.270149
55.834656,-4.268423
55.834463,-4.266687
55.834935,-4.268375
55.834795,-4.266738
55.834024,-4.266119
55.834870,-4.265082
55.836279,-4.263774
55.836139,-4.263048
55.835919,-4.261837
55.835715,-4.260691
55.836151,-4.261435
55.835992,-4.264700
55.836379,-4.262726
55.836591,-4.263904
55.836851,-4.264399
55.836346,-4.256687
55.835973,-4.256426
55.835481,-4.255312
55.835244,-4.255042
55.835537,-4.254261
55.835765,-4.253571
55.835505,-4.251592
55.835586,-4.255957
55.834727,-4.251851
55.835120,-4.253965
55.834427,-4.252025
55.834020,-4.251698
55.833660,-4.249729
55.833985,-4.249652
55.834504,-4.250304
55.834634,-4.249577
55.835194,-4.249913
55.833817,-4.264669
55.833092,-4.249824
55.833750,-4.250245
55.832959,-4.250710
55.832822,-4.249888
55.833158,-4.255560
55.832860,-4.255128
55.833014,-4.254578
55.832674,-4.253999
55.832224,-4.253574
55.830650,-4.249236
55.830390,-4.250674
55.829808,-4.249059
55.830392,-4.249540
55.831455,-4.253865
55.830311,-4.255475
55.829406,-4.255806
55.828809,-4.258438
55.828981,-4.257426
55.828306,-4.258904
55.828577,-4.256397
55.836877,-4.262020
55.835621,-4.262874
55.833687,-4.263959
55.833707,-4.263321
55.834422,-4.263060
55.834722,-4.263396
55.835550,-4.262343
55.836697,-4.261563
55.836828,-4.260772
55.836410,-4.261051
55.836484,-4.260416
55.836381,-4.257232
55.835253,-4.265759
55.837687,-4.264878
55.836976,-4.264965
55.836076,-4.257167
55.836397,-4.265155
55.835963,-4.265289
55.837464,-4.264770
55.837304,-4.264201
55.837448,-4.264178
55.826562,-4.256999
55.827089,-4.256167
55.826713,-4.257582
55.826874,-4.258087
55.827405,-4.255148
55.827386,-4.258132
55.827497,-4.256957
55.827768,-4.255456
55.828010,-4.253522
55.827745,-4.252740
55.826971,-4.258220
55.828167,-4.252318
55.827533,-4.252057
55.827801,-4.251658
55.827295,-4.254295
55.826366,-4.266679
55.825230,-4.253186
55.825230,-4.253186
55.826633,-4.252628
55.825093,-4.256227
55.825850,-4.257085
55.826238,-4.257028
55.825230,-4.253186
55.826408,-4.256096
55.826751,-4.254056
55.826666,-4.254738
55.826756,-4.255254
55.826868,-4.255037
55.825973,-4.256773
55.827236,-4.253078
55.827037,-4.252667
55.827013,-4.253943
55.825230,-4.253186
55.825230,-4.253186
55.825230,-4.253186
55.825230,-4.253186
55.827202,-4.259814
55.827056,-4.259454
55.826835,-4.259729
55.826472,-4.260410
55.826375,-4.259335
55.827478,-4.259974
55.826251,-4.259759
55.826043,-4.260290
55.825843,-4.259448
55.825449,-4.258898
55.826564,-4.259809
55.825856,-4.258219
55.826161,-4.258269
55.826466,-4.258781
55.824906,-4.258116
55.825230,-4.253186
55.822795,-4.260469
55.825367,-4.257456
55.825167,-4.258083
55.825555,-4.259958
55.828177,-4.266401
55.824799,-4.259531
55.824531,-4.258462
55.824531,-4.258462
55.823679,-4.258827
55.824799,-4.259531
55.823244,-4.260000
55.823144,-4.260584
55.828020,-4.267142
55.827396,-4.266851
55.822530,-4.260709
55.823243,-4.258627
55.823785,-4.257971
55.824636,-4.261070
55.825247,-4.263485
55.824198,-4.263855
55.824007,-4.263476
55.824453,-4.262704
55.824790,-4.262468
55.824940,-4.262110
55.824907,-4.262922
55.823915,-4.262162
55.823755,-4.262999
55.823157,-4.263762
55.823079,-4.262161
55.823356,-4.262225
55.824334,-4.259855
55.825326,-4.265533
55.827174,-4.266231
55.826889,-4.266566
55.825610,-4.266220
55.825997,-4.265732
55.826481,-4.265792
55.826170,-4.265135
55.825486,-4.265191
55.826082,-4.266455
55.825056,-4.265086
55.825012,-4.264062
55.826899,-4.264555
55.826365,-4.263326
55.827328,-4.262280
55.827216,-4.264924
55.828602,-4.265292
55.827107,-4.261565
55.827780,-4.260151
55.826936,-4.261603
55.828413,-4.263381
55.828081,-4.259929
55.824298,-4.274478
55.826568,-4.266914
55.826095,-4.267238
55.825566,-4.267654
55.825145,-4.268556
55.825501,-4.268257
55.826523,-4.268876
55.825808,-4.269169
55.826459,-4.269894
55.826341,-4.267540
55.827148,-4.268130
55.826864,-4.268416
55.827278,-4.268888
55.827064,-4.269290
55.828589,-4.269427
55.826982,-4.268854
55.824705,-4.265608
55.824758,-4.266649
55.825188,-4.266227
55.824992,-4.268068
55.824687,-4.268050
55.823918,-4.266393
55.824022,-4.265617
55.824573,-4.264978
55.824505,-4.264240
55.823483,-4.264133
55.823535,-4.264726
55.823160,-4.266046
55.823721,-4.265839
55.824300,-4.268044
55.823763,-4.263542
55.824681,-4.268353
55.824124,-4.267379
55.824071,-4.269739
55.824358,-4.270793
55.824128,-4.271067
55.823902,-4.270176
55.823723,-4.269607
55.823370,-4.268277
55.822976,-4.266769
55.823678,-4.267209
55.823729,-4.268346
55.823953,-4.268870
55.823031,-4.267172
55.823952,-4.267928
55.825038,-4.269460
55.824534,-4.270995
55.824880,-4.270249
55.824645,-4.269325
55.824526,-4.269957
55.824228,-4.271504
55.823756,-4.272227
55.823632,-4.271613
55.823347,-4.270543
55.822848,-4.266411
55.822969,-4.268094
55.823593,-4.270365
55.823879,-4.271420
55.822757,-4.268417
55.827022,-4.271044
55.827006,-4.270484
55.826273,-4.270713
55.825623,-4.270420
55.825915,-4.269702
55.826500,-4.271573
55.826596,-4.272201
55.824648,-4.273077
55.823620,-4.274247
55.823195,-4.274860
55.822240,-4.275475
55.822825,-4.276372
55.826105,-4.272061
55.822993,-4.277036
55.824972,-4.273990
55.825669,-4.271796
55.822519,-4.275444
55.825010,-4.274902
55.825645,-4.274077
55.828972,-4.253466
55.828521,-4.252625
55.828486,-4.253549
55.828272,-4.254894
55.827927,-4.256583
55.827593,-4.259086
55.827637,-4.259616
55.826250,-4.257364
55.827825,-4.258190
55.826549,-4.258195
55.820536,-4.304191
55.820536,-4.304191
55.820686,-4.333415
55.820338,-4.334240
55.820525,-4.332447
55.820237,-4.331025
55.819148,-4.335829
55.821537,-4.298759
55.820044,-4.335532
55.822050,-4.329745
55.823776,-4.303952
55.822090,-4.319530
55.820602,-4.331223
55.821954,-4.330537
55.823752,-4.327180
55.817803,-4.331885
55.814032,-4.327398
55.814051,-4.327383
55.815799,-4.322364
55.819066,-4.334483
55.822110,-4.307014
55.820387,-4.297286
55.816225,-4.303553
55.821658,-4.331430
55.811296,-4.301826
55.818813,-4.333111
55.812213,-4.301848
55.811878,-4.303887
55.811851,-4.304859
55.810966,-4.303642
55.812337,-4.303835
55.813538,-4.304017
55.813066,-4.303319
55.813807,-4.302166
55.814880,-4.302421
55.816081,-4.302124
55.818942,-4.301016
55.818343,-4.299400
55.819398,-4.333545
55.818378,-4.302803
55.818628,-4.302897
55.819578,-4.333077
55.821693,-4.333858
55.818901,-4.304622
55.818717,-4.305840
55.818272,-4.304137
55.820873,-4.335422
55.820903,-4.334274
55.822155,-4.333184
55.822608,-4.332987
55.822283,-4.299681
55.810501,-4.300151
55.810842,-4.305917
55.811426,-4.306877
55.812020,-4.307806
55.813421,-4.306420
55.813925,-4.305429
55.814371,-4.304641
55.814699,-4.303447
55.815970,-4.302804
55.812880,-4.307490
55.822377,-4.293220
55.815330,-4.304778
55.815264,-4.303034
55.814889,-4.306731
55.815938,-4.307830
55.815167,-4.306300
55.822449,-4.293688
55.822765,-4.294105
55.825060,-4.295853
55.825389,-4.295601
55.825293,-4.295404
55.821698,-4.302153
55.821464,-4.301676
55.821351,-4.301462
55.821731,-4.301356
55.822504,-4.300875
55.822707,-4.300584
55.822909,-4.299382
55.823631,-4.299249
55.823166,-4.300052
55.823309,-4.298177
55.822174,-4.331269
55.819210,-4.303985
55.814001,-4.307157
55.814824,-4.307365
55.814154,-4.307613
55.814844,-4.308660
55.815187,-4.307642
55.815564,-4.309564
55.813658,-4.308190
55.819886,-4.302445
55.814769,-4.309310
55.815318,-4.308799
55.815780,-4.309561
55.816524,-4.309653
55.816119,-4.308272
55.817159,-4.307887
55.817133,-4.307390
55.817451,-4.304823
55.816828,-4.304467
55.816149,-4.304746
55.815710,-4.305630
55.815907,-4.306168
55.816704,-4.306311
55.817992,-4.303754
55.816852,-4.305618
55.818499,-4.306434
55.819252,-4.307947
55.819727,-4.306618
55.819268,-4.305202
55.820130,-4.304311
55.820421,-4.305047
55.821151,-4.302057
55.822605,-4.301695
55.820366,-4.300318
55.824725,-4.295993
55.825373,-4.298362
55.824752,-4.296474
55.824035,-4.296830
55.823319,-4.300540
55.822769,-4.299693
55.823463,-4.289437
55.824627,-4.294039
55.823601,-4.296007
55.823274,-4.294279
55.821456,-4.300686
55.821689,-4.299757
55.822944,-4.297053
55.827572,-4.295602
55.825890,-4.298121
55.826276,-4.297649
55.825859,-4.297337
55.828180,-4.293402
55.826707,-4.297643
55.826505,-4.296433
55.826310,-4.295815
55.825241,-4.293852
55.825042,-4.295389
55.824066,-4.292793
55.824956,-4.293755
55.824737,-4.292944
55.824233,-4.291525
55.824354,-4.295668
55.827534,-4.294801
55.827099,-4.294472
55.826580,-4.294825
55.827230,-4.295183
55.826168,-4.294290
55.826795,-4.295380
55.824657,-4.291455
55.824996,-4.289175
55.826145,-4.290728
55.824891,-4.291931
55.826145,-4.290728
55.826469,-4.291641
55.826822,-4.291981
55.825457,-4.291454
55.825457,-4.291454
55.825602,-4.290440
55.825602,-4.290440
55.825205,-4.290481
55.813141,-4.300738
55.815149,-4.301032
55.825357,-4.286179
55.825423,-4.285576
55.816979,-4.301235
55.825838,-4.285457
55.826061,-4.286045
55.825561,-4.286351
55.825339,-4.286673
55.825295,-4.287117
55.825412,-4.287619
55.825792,-4.289366
55.822956,-4.287715
55.825792,-4.289366
55.822273,-4.289670
55.821751,-4.291140
55.820968,-4.292148
55.819825,-4.295114
55.818873,-4.297500
55.810594,-4.298082
55.810177,-4.297770
55.810796,-4.299737
55.811134,-4.300922
55.811527,-4.299605
55.811567,-4.297931
55.813229,-4.294582
55.814763,-4.293778
55.814483,-4.292421
55.815432,-4.293131
55.815175,-4.291472
55.811574,-4.296591
55.816129,-4.294784
55.821239,-4.266381
55.824502,-4.285762
55.821534,-4.265999
55.821679,-4.268386
55.821906,-4.267777
55.821969,-4.265338
55.821424,-4.265162
55.815832,-4.290936
55.820835,-4.265400
55.814279,-4.293718
55.813571,-4.291665
55.817275,-4.289696
55.817634,-4.290228
55.815090,-4.290254
55.817940,-4.289687
55.818477,-4.288840
55.819776,-4.288597
55.820490,-4.288895
55.821165,-4.288839
55.821967,-4.288215
55.822183,-4.287222
55.819792,-4.287720
55.818794,-4.287774
55.820757,-4.287569
55.822434,-4.286295
55.823591,-4.285485
55.822079,-4.284630
55.821899,-4.283182
55.822607,-4.283288
55.821955,-4.282084
55.821688,-4.281462
55.820931,-4.281114
55.821280,-4.279251
55.821172,-4.278271
55.822115,-4.280273
55.822510,-4.280265
55.820596,-4.277343
55.821831,-4.277176
55.820611,-4.272682
55.821007,-4.273120
55.821373,-4.271785
55.819172,-4.269326
55.819736,-4.271865
55.819731,-4.270220
55.820570,-4.271004
55.820462,-4.270023
55.820487,-4.268668
55.821104,-4.270300
55.821256,-4.274715
55.821689,-4.269760
55.819620,-4.269416
55.820849,-4.268545
55.819325,-4.268808
55.820883,-4.274949
55.820708,-4.286832
55.820699,-4.285379
55.820157,-4.282601
55.819958,-4.280291
55.819845,-4.279550
55.819311,-4.275895
55.820591,-4.276656
55.820121,-4.274378
55.818891,-4.271417
55.820170,-4.278547
55.818358,-4.271545
55.817991,-4.269033
55.817895,-4.269379
55.817424,-4.269559
55.819844,-4.273787
55.818084,-4.271801
55.817819,-4.271993
55.818188,-4.273467
55.819335,-4.277525
55.815091,-4.274228
55.815299,-4.273187
55.814797,-4.271146
55.815023,-4.269659
55.815650,-4.269743
55.814806,-4.273094
55.815991,-4.271232
55.816443,-4.269167
55.816746,-4.268307
55.817538,-4.267778
55.815530,-4.271380
55.817097,-4.268774
55.816562,-4.270467
55.816635,-4.271397
55.816282,-4.270562
55.816337,-4.271459
55.817144,-4.270102
55.817301,-4.271372
55.816920,-4.270567
55.815997,-4.272365
55.816053,-4.273693
55.815761,-4.273948
55.815688,-4.273034
55.816030,-4.273022
55.818700,-4.287018
55.819726,-4.286966
55.820296,-4.285802
55.819235,-4.282883
55.819319,-4.279360
55.818446,-4.275509
55.816254,-4.295302
55.817852,-4.274134
55.817351,-4.272077
55.817243,-4.273029
55.817115,-4.274123
55.816885,-4.273423
55.816303,-4.274299
55.817600,-4.273193
55.815603,-4.274705
55.816752,-4.296529
55.816835,-4.297364
55.814866,-4.297424
55.816425,-4.273540
55.816196,-4.295970
55.817011,-4.299003
55.815816,-4.296123
55.818515,-4.278578
55.815091,-4.296910
55.817567,-4.276879
55.815452,-4.296373
55.817387,-4.280300
55.818451,-4.280123
55.817892,-4.280218
55.816639,-4.279426
55.816680,-4.277689
55.815795,-4.279904
55.817114,-4.299775
55.814857,-4.278588
55.814847,-4.277693
55.814655,-4.274458
55.814036,-4.274917
55.814015,-4.271675
55.814366,-4.271137
55.813472,-4.270909
55.814345,-4.269364
55.816919,-4.298167
55.816489,-4.294231
55.816866,-4.288506
55.817775,-4.287953
55.817087,-4.285822
55.817691,-4.287166
55.816664,-4.287744
55.815837,-4.284886
55.815922,-4.283215
55.817586,-4.286011
55.815319,-4.280339
55.817416,-4.281164
55.818810,-4.283033
55.819418,-4.286134
55.818660,-4.286265
55.817590,-4.298334
55.817274,-4.298396
55.815958,-4.286601
55.814484,-4.284663
55.814051,-4.283281
55.814513,-4.282622
55.814399,-4.281482
55.813594,-4.280286
55.813313,-4.278482
55.813300,-4.281641
55.814328,-4.279020
55.811419,-4.279823
55.812755,-4.276629
55.813711,-4.276414
55.813618,-4.273216
55.813199,-4.273016
55.812902,-4.284172
55.813687,-4.284968
55.813771,-4.290623
55.815191,-4.289174
55.813590,-4.286351
55.815324,-4.287825
55.814657,-4.286445
55.814436,-4.288204
55.813808,-4.288614
55.815387,-4.286839
55.813328,-4.287852
55.812283,-4.282667
55.812015,-4.283561
55.812516,-4.287533
55.812958,-4.288900
55.812770,-4.290309
55.812235,-4.297779
55.812101,-4.299176
55.812510,-4.300365
55.820186,-4.292150
55.812799,-4.298850
55.812329,-4.296588
55.813241,-4.297328
55.811656,-4.300842
55.813187,-4.299735
55.813931,-4.299380
55.814690,-4.300095
55.814259,-4.297675
55.814180,-4.296122
55.814272,-4.296495
55.815188,-4.294601
55.817202,-4.291671
55.817599,-4.291120
55.818592,-4.295727
55.817343,-4.294712
55.824293,-4.287346
55.824545,-4.286355
55.823261,-4.287732
55.818144,-4.297058
55.821807,-4.289579
55.821609,-4.289599
55.820967,-4.290296
55.820292,-4.289873
55.820029,-4.290464
55.819570,-4.290022
55.819344,-4.291031
55.818929,-4.290192
55.818278,-4.289898
55.818344,-4.291195
55.818174,-4.292095
55.818841,-4.293443
55.818895,-4.291515
55.818163,-4.290275
55.818100,-4.294134
55.818584,-4.294226
55.819475,-4.294614
55.816486,-4.290543
55.820422,-4.292515
55.819266,-4.292814
55.820185,-4.291272
55.817148,-4.260141
55.813198,-4.266249
55.816044,-4.260588
55.816097,-4.260128
55.814816,-4.259878
55.814424,-4.261148
55.814445,-4.260527
55.804732,-4.269172
55.814158,-4.260016
55.814388,-4.262152
55.814258,-4.264794
55.815034,-4.264153
55.815215,-4.262631
55.813972,-4.261793
55.815727,-4.262629
55.815234,-4.261578
55.815992,-4.261431
55.815142,-4.268070
55.816017,-4.262039
55.815921,-4.263358
55.815287,-4.264582
55.814989,-4.265124
55.816429,-4.262605
55.814132,-4.266287
55.810707,-4.272664
55.814821,-4.264507
55.815834,-4.264662
55.815457,-4.268056
55.816770,-4.267526
55.816823,-4.266076
55.816189,-4.266343
55.814614,-4.266459
55.815713,-4.268757
55.813697,-4.267938
55.813161,-4.268242
55.813819,-4.265694
55.813804,-4.266555
55.813634,-4.266960
55.812936,-4.267766
55.812398,-4.268197
55.813874,-4.266160
55.812202,-4.267627
55.811895,-4.267226
55.812782,-4.269305
55.812221,-4.269544
55.812046,-4.269741
55.811915,-4.270053
55.811505,-4.270348
55.811646,-4.269047
55.812325,-4.268736
55.800696,-4.276947
55.810015,-4.274586
55.811335,-4.275158
55.810392,-4.275103
55.810947,-4.278152
55.808906,-4.276261
55.812789,-4.271859
55.809931,-4.279625
55.809346,-4.279176
55.810030,-4.276678
55.810363,-4.278613
55.811489,-4.278455
55.812563,-4.275788
55.809906,-4.277580
55.812441,-4.275127
55.812455,-4.273372
55.812494,-4.271778
55.811799,-4.272903
55.810800,-4.279755
55.811537,-4.274420
55.812210,-4.274475
55.810833,-4.276070
55.815258,-4.266640
55.811110,-4.267388
55.811593,-4.267496
55.811865,-4.267847
55.811654,-4.269559
55.810712,-4.271914
55.810228,-4.271343
55.811151,-4.270008
55.811644,-4.271074
55.809614,-4.269089
55.809642,-4.272426
55.810576,-4.266591
55.800311,-4.274467
55.799849,-4.278525
55.811027,-4.269953
55.810473,-4.270224
55.810560,-4.270421
55.809863,-4.270651
55.809205,-4.271267
55.810364,-4.269803
55.810048,-4.268938
55.810497,-4.268486
55.810622,-4.267551
55.809659,-4.271022
55.799825,-4.275939
55.800953,-4.274760
55.813520,-4.261942
55.812981,-4.265342
55.811992,-4.266354
55.813489,-4.260679
55.813096,-4.263497
55.812484,-4.264547
55.811884,-4.264879
55.812883,-4.262400
55.813211,-4.264063
55.812620,-4.261523
55.813082,-4.260863
55.812115,-4.261126
55.811663,-4.261786
55.812659,-4.263312
55.811276,-4.261780
55.811623,-4.262965
55.811978,-4.263193
55.812250,-4.261629
55.811154,-4.264007
55.811556,-4.264158
55.811217,-4.265958
55.811523,-4.265449
55.803108,-4.266077
55.803206,-4.267136
55.802789,-4.268261
55.808757,-4.271656
55.808349,-4.270882
55.807689,-4.271610
55.807992,-4.270766
55.807276,-4.269160
55.807020,-4.269369
55.806582,-4.269742
55.806083,-4.269968
55.806333,-4.268148
55.805058,-4.269047
55.805450,-4.270203
55.806059,-4.271770
55.807640,-4.272309
55.816811,-4.262819
55.816313,-4.263525
55.803551,-4.268848
55.808705,-4.274462
55.809587,-4.273460
55.808821,-4.273096
55.808518,-4.273398
55.807830,-4.273182
55.807140,-4.273078
55.807146,-4.273749
55.805984,-4.272420
55.805865,-4.273036
55.805356,-4.271889
55.804093,-4.274097
55.803164,-4.273277
55.803856,-4.274754
55.805037,-4.275525
55.804862,-4.274749
55.806327,-4.274307
55.806750,-4.275210
55.807212,-4.274566
55.805724,-4.273825
55.804405,-4.270349
55.802573,-4.269748
55.801861,-4.270361
55.801881,-4.269293
55.802906,-4.270693
55.804200,-4.271694
55.804222,-4.270961
55.803345,-4.272266
55.802039,-4.270946
55.802813,-4.271868
55.806315,-4.267157
55.804109,-4.273205
55.801541,-4.273566
55.800860,-4.272951
55.802093,-4.272401
55.802380,-4.273854
55.803292,-4.274593
55.802564,-4.275109
55.802779,-4.275600
55.802680,-4.276600
55.803218,-4.276695
55.805105,-4.276231
55.802208,-4.277322
55.802867,-4.276212
55.801380,-4.276412
55.802252,-4.277899
55.801083,-4.268178
55.800718,-4.268475
55.800539,-4.271385
55.799747,-4.271435
55.800183,-4.268732
55.799754,-4.266664
55.799454,-4.268290
55.798970,-4.264353
55.799034,-4.266255
55.799089,-4.270551
55.799145,-4.271894
55.799650,-4.270344
55.799034,-4.272574
55.799401,-4.270697
55.796410,-4.273043
55.799948,-4.272212
55.798542,-4.270982
55.798425,-4.271453
55.798545,-4.270344
55.798766,-4.266639
55.798469,-4.266638
55.797585,-4.263443
55.797602,-4.263971
55.796972,-4.264030
55.798192,-4.267052
55.797512,-4.267364
55.798123,-4.262980
55.797135,-4.266895
55.797431,-4.271300
55.797802,-4.272119
55.798333,-4.272565
55.797806,-4.266551
55.799465,-4.274514
55.811748,-4.258631
55.810707,-4.260007
55.795583,-4.273011
55.811016,-4.258844
55.795955,-4.273830
55.799757,-4.273302
55.798576,-4.274972
55.812657,-4.259530
55.812870,-4.260180
55.812204,-4.260222
55.811563,-4.260360
55.821060,-4.260527
55.821462,-4.260631
55.821811,-4.260715
55.822187,-4.260816
55.824746,-4.261891
55.824039,-4.261770
55.823574,-4.261647
55.822751,-4.262398
55.822993,-4.260975
55.822482,-4.262334
55.823220,-4.264277
55.822164,-4.263529
55.822078,-4.263285
55.822973,-4.261533
55.822127,-4.262585
55.822176,-4.261885
55.821814,-4.262982
55.822321,-4.261335
55.821560,-4.262664
55.824260,-4.260953
55.823858,-4.260818
55.818392,-4.260931
55.818516,-4.261050
55.818898,-4.260801
55.819253,-4.260550
55.819643,-4.260365
55.819461,-4.260930
55.819097,-4.261228
55.819319,-4.261368
55.819262,-4.262020
55.819330,-4.262678
55.819554,-4.262276
55.819611,-4.261609
55.819637,-4.261147
55.819981,-4.261519
55.820241,-4.262060
55.820181,-4.260892
55.819932,-4.262202
55.820701,-4.260459
55.820317,-4.260373
55.820072,-4.259496
55.819579,-4.259931
55.819667,-4.259521
55.819378,-4.259600
55.819090,-4.259631
55.817670,-4.260602
55.817906,-4.260967
55.817586,-4.261731
55.813997,-4.267253
55.817585,-4.262305
55.817425,-4.262679
55.817265,-4.263053
55.817249,-4.264441
55.817959,-4.267355
55.818067,-4.265414
55.818028,-4.265077
55.818203,-4.264385
55.817844,-4.266790
55.818405,-4.265578
55.817860,-4.264460
55.817754,-4.263369
55.818875,-4.262029
55.817985,-4.264005
55.818215,-4.263699
55.818397,-4.264093
55.818573,-4.263799
55.818362,-4.263516
55.817867,-4.262593
55.819936,-4.247292
55.820375,-4.248834
55.820324,-4.247698
55.820194,-4.245487
55.820841,-4.245971
55.819719,-4.240479
55.820066,-4.240180
55.820329,-4.240051
55.819419,-4.235753
55.819116,-4.236597
55.819450,-4.241437
55.820465,-4.236563
55.821073,-4.244596
55.821909,-4.242601
55.821338,-4.240907
55.820978,-4.238987
55.821275,-4.237472
55.821959,-4.238389
55.821522,-4.243648
55.821659,-4.238068
55.820864,-4.235357
55.821684,-4.235723
55.820177,-4.234567
55.820538,-4.233518
55.821669,-4.234557
55.819725,-4.234749
55.821649,-4.245044
55.822782,-4.242539
55.822431,-4.242567
55.821772,-4.244716
55.823288,-4.238928
55.823007,-4.239088
55.823003,-4.243254
55.822905,-4.236320
55.822672,-4.236738
55.822261,-4.235149
55.822753,-4.234252
55.823558,-4.232989
55.824376,-4.229539
55.823274,-4.233292
55.824975,-4.243559
55.824995,-4.240479
55.824720,-4.240767
55.824068,-4.237089
55.823376,-4.235102
55.823669,-4.236779
55.824152,-4.239361
55.824358,-4.236962
55.824601,-4.241893
55.823264,-4.236325
55.823762,-4.239083
55.824228,-4.241648
55.823298,-4.247789
55.824041,-4.245948
55.825517,-4.245826
55.823574,-4.245426
55.825249,-4.245283
55.826320,-4.245186
55.825367,-4.244716
55.825271,-4.244071
55.824177,-4.244408
55.825587,-4.243467
55.826354,-4.243798
55.826008,-4.246493
55.825681,-4.247192
55.824808,-4.248244
55.826128,-4.248288
55.824445,-4.247967
55.825210,-4.248363
55.821552,-4.249876
55.822643,-4.249172
55.822243,-4.248463
55.821230,-4.248804
55.821196,-4.247732
55.822429,-4.247627
55.821251,-4.247129
55.821973,-4.246021
55.822681,-4.246604
55.824166,-4.246514
55.823696,-4.247142
55.822513,-4.254816
55.824060,-4.247865
55.823217,-4.254634
55.823076,-4.252502
55.823458,-4.250784
55.823392,-4.255410
55.823896,-4.254865
55.823614,-4.253092
55.824075,-4.250468
55.823704,-4.249649
55.823626,-4.249006
55.823734,-4.248964
55.822952,-4.249973
55.822904,-4.250656
55.822876,-4.251645
55.822319,-4.252155
55.822458,-4.253855
55.819060,-4.257331
55.822524,-4.250746
55.819372,-4.257971
55.819576,-4.256642
55.820918,-4.256496
55.822699,-4.258356
55.821750,-4.257662
55.821930,-4.257193
55.822443,-4.257127
55.822172,-4.256744
55.821718,-4.256479
55.821429,-4.253652
55.821109,-4.253905
55.820993,-4.251424
55.821527,-4.251247
55.821860,-4.254651
55.821332,-4.250581
55.822884,-4.257584
55.821636,-4.252627
55.824870,-4.256629
55.823174,-4.257984
55.823164,-4.258494
55.822673,-4.257827
55.823590,-4.257801
55.825029,-4.256782
55.824205,-4.254196
55.823049,-4.256923
55.819583,-4.255286
55.820593,-4.256110
55.820220,-4.252928
55.820643,-4.253383
55.812200,-4.270165
55.815225,-4.254778
55.813645,-4.253202
55.815443,-4.254168
55.816774,-4.254070
55.817249,-4.253187
55.815903,-4.252104
55.816953,-4.250728
55.815680,-4.251037
55.816403,-4.247855
55.815985,-4.252986
55.816160,-4.249325
55.813899,-4.252594
55.814448,-4.251046
55.814874,-4.247910
55.814618,-4.247656
55.814151,-4.250566
55.812492,-4.249433
55.813296,-4.251123
55.812998,-4.248297
55.813759,-4.247958
55.812701,-4.248280
55.812731,-4.246653
55.811420,-4.246610
55.812232,-4.246928
55.812691,-4.245885
55.811371,-4.245346
55.810509,-4.249749
55.810824,-4.246735
55.810903,-4.251256
55.810723,-4.252762
55.811205,-4.250970
55.810572,-4.246784
55.811395,-4.248970
55.811686,-4.252211
55.812035,-4.254242
55.812056,-4.252616
55.811337,-4.254074
55.811758,-4.248736
55.811855,-4.245885
55.812086,-4.249473
55.812377,-4.252762
55.812713,-4.252047
55.810460,-4.245038
55.808382,-4.252515
55.810141,-4.245291
55.809375,-4.248854
55.808281,-4.250642
55.808723,-4.252998
55.809243,-4.250618
55.809913,-4.248869
55.810153,-4.248564
55.810100,-4.251433
55.809505,-4.251543
55.810435,-4.252315
55.809812,-4.254385
55.815279,-4.227630
55.810676,-4.244045
55.815242,-4.241547
55.811062,-4.243589
55.812069,-4.242545
55.812463,-4.240669
55.811961,-4.239586
55.811402,-4.243129
55.811056,-4.238960
55.810913,-4.241378
55.810617,-4.241361
55.810570,-4.238980
55.810942,-4.237836
55.810601,-4.237306
55.811251,-4.237630
55.811553,-4.237313
55.812159,-4.239087
55.814096,-4.236852
55.812329,-4.243087
55.813088,-4.238933
55.810261,-4.243638
55.810275,-4.242346
55.809787,-4.242047
55.810276,-4.240367
55.809789,-4.237993
55.810289,-4.237160
55.810469,-4.235686
55.811473,-4.234802
55.811115,-4.234718
55.810602,-4.233779
55.811321,-4.232814
55.811976,-4.231352
55.812077,-4.229745
55.811293,-4.231887
55.811261,-4.230672
55.811684,-4.228622
55.812419,-4.229254
55.812039,-4.226902
55.814631,-4.227194
55.813172,-4.226360
55.813623,-4.227264
55.812742,-4.226815
55.812891,-4.227510
55.812783,-4.229498
55.812340,-4.231628
55.812382,-4.232301
55.813042,-4.230072
55.812442,-4.227468
55.813467,-4.228931
55.814186,-4.230441
55.814659,-4.230627
55.814390,-4.233070
55.814408,-4.235034
55.814239,-4.235950
55.813819,-4.228855
55.818293,-4.232400
55.817835,-4.230442
55.817185,-4.229096
55.816199,-4.227986
55.816763,-4.230093
55.817204,-4.231044
55.817547,-4.232948
55.816352,-4.231442
55.815746,-4.229157
55.816629,-4.231027
55.815314,-4.229212
55.817478,-4.233726
55.817153,-4.234840
55.817191,-4.234204
55.816091,-4.231954
55.815851,-4.232292
55.815106,-4.229775
55.814554,-4.229488
55.816328,-4.234219
55.816741,-4.235743
55.817130,-4.235589
55.818430,-4.234754
55.818246,-4.237473
55.815680,-4.232809
55.818601,-4.237254
55.817344,-4.238172
55.817623,-4.237629
55.817145,-4.239725
55.815723,-4.238845
55.814560,-4.238060
55.815129,-4.236400
55.814843,-4.235315
55.815359,-4.234642
55.815444,-4.235892
55.815484,-4.238113
55.816188,-4.236988
55.814653,-4.236884
55.816240,-4.238587
55.816643,-4.237653
55.816912,-4.237189
55.815901,-4.236429
55.819178,-4.247488
55.818866,-4.241436
55.818608,-4.243257
55.818922,-4.249213
55.817962,-4.248104
55.817570,-4.246453
55.817024,-4.247827
55.817790,-4.249148
55.818553,-4.251171
55.818470,-4.247367
55.817939,-4.252301
55.817552,-4.251832
55.818405,-4.250428
55.805061,-4.261547
55.816336,-4.258386
55.815424,-4.258094
55.816870,-4.258162
55.816000,-4.256611
55.814820,-4.257245
55.813565,-4.256581
55.813590,-4.258626
55.815718,-4.257760
55.814218,-4.258710
55.813626,-4.257654
55.814034,-4.255507
55.814055,-4.256323
55.814173,-4.257239
55.814942,-4.256454
55.815007,-4.255883
55.818124,-4.257883
55.817777,-4.256714
55.817060,-4.257119
55.816179,-4.257148
55.816435,-4.257370
55.818419,-4.252632
55.818775,-4.254281
55.819400,-4.253040
55.817599,-4.254676
55.818333,-4.254830
55.812200,-4.270165
55.812200,-4.270165
55.808037,-4.228541
55.808964,-4.223024
55.808288,-4.227582
55.807235,-4.221697
55.809171,-4.221520
55.809712,-4.221407
55.808701,-4.225642
55.807024,-4.224940
55.807911,-4.223092
55.809203,-4.222224
55.808152,-4.223696
55.808324,-4.225126
55.809066,-4.225312
55.810562,-4.217609
55.810760,-4.216120
55.811056,-4.217174
55.810481,-4.217126
55.808269,-4.228155
55.810309,-4.223197
55.811321,-4.216918
55.811404,-4.215806
55.811802,-4.216642
55.811885,-4.218530
55.811661,-4.218470
55.811805,-4.219483
55.811246,-4.218574
55.810741,-4.218194
55.809892,-4.216390
55.809807,-4.215635
55.810245,-4.214303
55.807605,-4.213180
55.809188,-4.213605
55.810074,-4.213288
55.809028,-4.216979
55.808253,-4.216616
55.808808,-4.215722
55.808386,-4.214230
55.807657,-4.213789
55.809446,-4.215216
55.807752,-4.215965
55.807443,-4.215660
55.808970,-4.214710
55.807903,-4.217043
55.807540,-4.219767
55.806839,-4.219280
55.806781,-4.218479
55.803583,-4.217914
55.804204,-4.221827
55.804486,-4.219641
55.804620,-4.215739
55.804733,-4.226389
55.804397,-4.217641
55.804110,-4.215614
55.803629,-4.217342
55.805062,-4.217647
55.804130,-4.216988
55.805511,-4.219652
55.806233,-4.218480
55.806485,-4.218941
55.806945,-4.215871
55.806997,-4.213991
55.802337,-4.221194
55.805792,-4.214545
55.805359,-4.214122
55.803793,-4.213714
55.803511,-4.218931
55.806375,-4.215073
55.803905,-4.214518
55.801956,-4.222385
55.802924,-4.220573
55.803103,-4.216594
55.803453,-4.215625
55.803193,-4.218578
55.804080,-4.219762
55.802356,-4.217653
55.801438,-4.220202
55.799721,-4.226725
55.799960,-4.226899
55.799062,-4.229352
55.813067,-4.217257
55.812644,-4.217281
55.811906,-4.224804
55.813754,-4.218541
55.811406,-4.224169
55.812498,-4.220911
55.812988,-4.216678
55.814195,-4.218039
55.813188,-4.220057
55.806244,-4.230784
55.807527,-4.231400
55.806928,-4.231701
55.806671,-4.231495
55.798799,-4.232433
55.799245,-4.230145
55.799710,-4.228783
55.798390,-4.236621
55.798430,-4.234470
55.797654,-4.247444
55.797966,-4.246106
55.797603,-4.248239
55.798298,-4.243636
55.796665,-4.248440
0.000000,0.000000
55.806669,-4.235101
55.807429,-4.233820
55.807235,-4.234575
55.807871,-4.234723
55.806098,-4.236345
55.804905,-4.235686
55.804306,-4.235524
55.804306,-4.235524
55.804073,-4.234538
55.804073,-4.234538
55.805791,-4.234939
55.804315,-4.233562
55.804315,-4.233562
55.804346,-4.232335
55.804875,-4.232413
55.806738,-4.237196
55.805366,-4.237564
55.805320,-4.236604
55.803465,-4.228902
55.803772,-4.228792
55.802634,-4.227131
55.802980,-4.226896
55.805424,-4.238301
55.804777,-4.238296
55.804574,-4.237120
55.807179,-4.242583
55.806920,-4.242489
55.807391,-4.242308
55.806859,-4.241448
55.806147,-4.239588
55.806668,-4.242043
55.806176,-4.242414
55.805180,-4.243298
55.804263,-4.243836
55.806532,-4.239626
55.806208,-4.240676
55.806944,-4.238213
55.806399,-4.238054
55.806125,-4.238310
55.807785,-4.233011
55.808245,-4.232910
55.808121,-4.233812
55.805263,-4.241707
55.808577,-4.233439
55.807991,-4.237970
55.808859,-4.231796
55.804951,-4.247977
55.806174,-4.241520
55.807761,-4.237302
55.808653,-4.236683
55.808569,-4.238354
55.809100,-4.240763
55.808604,-4.241341
55.808795,-4.239756
55.808499,-4.239196
55.808505,-4.242324
55.809408,-4.242584
55.809431,-4.238388
55.809074,-4.237250
55.809424,-4.234796
55.810644,-4.231004
55.810306,-4.231272
55.809993,-4.231222
55.808051,-4.240623
55.810093,-4.233622
55.798705,-4.241554
55.811115,-4.228813
55.798507,-4.240601
55.800481,-4.235353
55.802752,-4.231047
55.802986,-4.230997
55.803320,-4.231910
55.802976,-4.235528
55.799880,-4.232319
55.803001,-4.234668
55.802951,-4.232463
55.801979,-4.235966
55.802525,-4.233635
55.802180,-4.232834
55.803511,-4.227835
55.802626,-4.235476
55.802147,-4.232177
55.801438,-4.232616
55.802528,-4.230508
55.801524,-4.231871
55.801978,-4.233556
55.801004,-4.231282
55.801268,-4.229638
55.800411,-4.230770
55.801812,-4.234791
55.801639,-4.233425
55.799296,-4.240694
55.801877,-4.237667
55.801202,-4.235219
55.799357,-4.241783
55.798672,-4.236973
55.801490,-4.238187
55.800879,-4.238152
55.800796,-4.233345
55.800790,-4.238594
55.801085,-4.236233
55.801329,-4.239119
55.802194,-4.239967
55.803270,-4.240124
55.800518,-4.239711
55.805308,-4.233316
55.804720,-4.233522
55.804720,-4.235995
55.802965,-4.237618
55.804405,-4.238514
55.805131,-4.231694
55.803311,-4.241324
55.802391,-4.243441
55.803647,-4.241630
55.803434,-4.242926
55.803034,-4.242728
55.803971,-4.243053
55.802996,-4.241322
55.802681,-4.241830
55.802274,-4.240530
55.802399,-4.242548
55.800729,-4.242436
55.800120,-4.243278
55.802066,-4.241571
55.802414,-4.241687
55.801334,-4.239806
55.800327,-4.240833
55.800113,-4.241252
55.798723,-4.237630
55.800465,-4.247558
55.802270,-4.244663
55.801076,-4.244626
55.800661,-4.246660
55.800236,-4.247801
55.799385,-4.248581
55.798781,-4.249711
55.798015,-4.249826
55.797759,-4.251008
55.796909,-4.250305
55.799374,-4.250671
55.799297,-4.251432
55.798761,-4.251258
55.798148,-4.250409
55.799583,-4.249087
55.800990,-4.247333
55.801348,-4.246413
55.798420,-4.251222
55.800894,-4.248142
55.800817,-4.248440
55.800890,-4.249386
55.798654,-4.252687
55.808768,-4.245643
55.808492,-4.243026
55.809697,-4.243526
55.809237,-4.244569
55.808392,-4.245589
55.807877,-4.244251
55.807742,-4.246222
55.807220,-4.246735
55.807183,-4.245312
55.806823,-4.244861
55.807584,-4.245048
55.806296,-4.246187
55.805777,-4.248008
55.805870,-4.248796
55.806391,-4.247357
55.806939,-4.246894
55.808006,-4.247004
55.809237,-4.246053
55.799659,-4.238513
55.802035,-4.259935
55.800666,-4.255213
55.802827,-4.252545
55.802827,-4.252545
55.799113,-4.231988
55.807688,-4.231904
55.808615,-4.229404
55.810039,-4.225687
55.806868,-4.233517
55.809474,-4.228591
55.808119,-4.230445
55.810942,-4.226457
55.810088,-4.227445
55.810260,-4.229386
55.810515,-4.228667
55.808734,-4.230240
55.810913,-4.228035
55.800834,-4.237160
55.805745,-4.233995
55.806364,-4.228605
55.803849,-4.230025
55.803588,-4.230521
55.805462,-4.230803
55.805624,-4.228291
55.798958,-4.233096
55.803437,-4.229459
55.799414,-4.236169
55.804525,-4.227462
55.799279,-4.237693
55.799267,-4.232890
55.800060,-4.232792
55.799751,-4.232966
55.799494,-4.232265
55.799750,-4.231546
55.798831,-4.239088
55.807429,-4.294783
55.808757,-4.295356
55.809930,-4.295138
55.809565,-4.296840
55.810868,-4.294443
55.811632,-4.295429
55.812033,-4.293665
55.811243,-4.293635
55.812487,-4.292958
55.809887,-4.296955
55.812710,-4.293530
55.813084,-4.293711
55.812599,-4.291273
55.812164,-4.291965
55.783615,-4.311884
55.810816,-4.292908
55.809647,-4.292488
55.808611,-4.292108
55.797650,-4.300095
55.805577,-4.289520
55.809838,-4.287998
55.809511,-4.285298
55.809295,-4.285812
55.809646,-4.282880
55.810118,-4.284535
55.810479,-4.290254
55.810224,-4.285148
55.810065,-4.286447
55.810580,-4.286765
55.809576,-4.284216
55.810760,-4.287238
55.810537,-4.289093
55.811004,-4.290078
55.811147,-4.288682
55.811694,-4.290166
55.810954,-4.284999
55.810442,-4.282607
55.809566,-4.280880
55.810949,-4.282876
55.811676,-4.287771
55.812014,-4.286482
55.810622,-4.292210
55.811770,-4.290889
55.809914,-4.291626
55.809884,-4.289884
55.809246,-4.287453
55.808791,-4.285351
55.808656,-4.283923
55.809232,-4.281946
55.808660,-4.280763
55.808257,-4.283628
55.807532,-4.283442
55.807047,-4.280509
55.806793,-4.280670
55.806155,-4.281112
55.806912,-4.282480
55.807419,-4.284202
55.808432,-4.285809
55.805448,-4.279044
55.805862,-4.279499
55.804239,-4.280744
55.805664,-4.280939
55.804961,-4.281058
55.804690,-4.279207
55.806410,-4.293032
55.805683,-4.292510
55.805187,-4.292593
55.806541,-4.292736
55.806285,-4.291540
55.807598,-4.292431
55.807258,-4.289985
55.806893,-4.289294
55.808415,-4.290596
55.809632,-4.291322
55.807594,-4.291729
55.808926,-4.289174
55.807726,-4.288018
55.807421,-4.287027
55.807359,-4.285491
55.809308,-4.291351
55.809775,-4.293325
55.808154,-4.293501
55.805121,-4.294216
55.804236,-4.293909
55.803913,-4.294401
55.803750,-4.293513
55.802725,-4.293517
55.801770,-4.293142
55.799817,-4.291862
55.802894,-4.294548
55.800357,-4.292787
55.799873,-4.291243
55.801114,-4.292672
55.800599,-4.294238
55.801229,-4.293732
55.800965,-4.294897
55.806256,-4.287804
55.806337,-4.289229
55.804440,-4.292134
55.804128,-4.290568
55.803648,-4.291273
55.803201,-4.290178
55.803027,-4.288397
55.801691,-4.286324
55.802157,-4.287356
55.801413,-4.289179
55.801312,-4.286876
55.803250,-4.288011
55.802388,-4.290370
55.801977,-4.290728
55.800819,-4.290198
55.802201,-4.291715
55.802160,-4.289096
55.806640,-4.286965
55.802467,-4.279843
55.805469,-4.290934
55.799781,-4.289929
55.803824,-4.282762
55.798180,-4.287586
55.799741,-4.287757
55.800831,-4.288092
55.799954,-4.288360
55.799015,-4.284731
55.799271,-4.283054
55.798971,-4.283739
55.797623,-4.285176
55.798178,-4.286245
55.800056,-4.285286
55.799145,-4.287387
55.803890,-4.282112
55.802672,-4.286253
55.809356,-4.295535
55.798797,-4.285803
55.798136,-4.292848
55.797259,-4.292159
55.796950,-4.294246
55.797299,-4.293358
55.796449,-4.292207
55.796444,-4.291504
55.797924,-4.291193
55.797382,-4.289916
55.796202,-4.290038
55.797335,-4.289052
55.796691,-4.288886
55.795988,-4.288494
55.795784,-4.287876
55.794757,-4.290400
55.797724,-4.288899
55.794963,-4.289966
55.797904,-4.296584
55.796985,-4.294807
55.797073,-4.296791
55.796132,-4.297150
55.795394,-4.293852
55.796151,-4.292285
55.795723,-4.297876
55.794081,-4.294365
55.793185,-4.295636
55.793303,-4.292724
55.793824,-4.291303
55.792745,-4.296105
55.794856,-4.293788
55.793480,-4.293356
55.792402,-4.296197
55.795202,-4.297877
55.794796,-4.301315
55.794469,-4.299094
55.793173,-4.298715
55.793782,-4.301686
55.793040,-4.301467
55.791633,-4.303681
55.792443,-4.298353
55.793585,-4.297319
55.794061,-4.296406
55.792796,-4.302058
55.792408,-4.303567
55.793593,-4.304100
55.792435,-4.306408
55.791363,-4.308466
55.789753,-4.309998
55.791715,-4.306493
55.790086,-4.308534
55.789228,-4.307319
55.787855,-4.305276
55.787850,-4.306983
55.785968,-4.303825
55.785279,-4.301727
55.787735,-4.308332
55.788540,-4.308028
55.786029,-4.310129
55.786602,-4.306893
55.784434,-4.311805
55.784968,-4.309699
55.804785,-4.292425
55.786856,-4.310130
55.789038,-4.309780
55.785947,-4.309231
55.784000,-4.308095
55.785522,-4.307451
55.785355,-4.304889
55.784575,-4.306215
55.783797,-4.305021
55.783542,-4.308084
55.783023,-4.310350
55.782367,-4.304601
55.784786,-4.303117
55.783028,-4.305773
55.783012,-4.307111
55.784126,-4.303333
55.783328,-4.302712
55.781795,-4.303483
55.781831,-4.305893
55.801392,-4.295609
55.796636,-4.300019
55.797690,-4.301805
55.796672,-4.298554
55.798813,-4.295106
55.799583,-4.294306
55.798828,-4.292857
55.798743,-4.290650
55.798566,-4.297229
55.798996,-4.291048
55.799312,-4.292886
55.799330,-4.302045
55.802800,-4.295293
55.805664,-4.294951
55.804738,-4.294944
55.809682,-4.299704
55.801341,-4.302642
55.802517,-4.302217
55.802000,-4.301038
55.800813,-4.299149
55.802892,-4.303340
55.803996,-4.302448
55.804390,-4.301083
55.804876,-4.302947
55.804972,-4.304532
55.804670,-4.304818
55.805413,-4.306920
55.804185,-4.303401
55.804954,-4.306446
55.800315,-4.300300
55.795199,-4.302822
55.805565,-4.306004
55.801327,-4.298094
55.806815,-4.306461
55.806883,-4.304741
55.805158,-4.299405
55.806180,-4.305785
55.805702,-4.302533
55.805847,-4.305366
55.806274,-4.307482
55.806436,-4.308433
55.807028,-4.309936
55.805555,-4.307966
55.805385,-4.302674
55.805737,-4.309748
55.804839,-4.308275
55.804740,-4.310216
55.806060,-4.309289
55.803724,-4.308304
55.803492,-4.307269
55.804519,-4.307617
55.807319,-4.308326
55.802345,-4.307106
55.807905,-4.297684
55.808214,-4.311411
55.806288,-4.311504
55.805436,-4.312363
55.806583,-4.312096
55.806753,-4.312585
55.806713,-4.313780
55.808121,-4.312028
55.807840,-4.312618
55.806627,-4.315977
55.805122,-4.316191
55.806894,-4.313216
55.805730,-4.314918
55.806336,-4.315672
55.807288,-4.296562
55.801239,-4.320029
55.801069,-4.320450
55.801332,-4.319380
55.800563,-4.318186
55.801184,-4.317680
55.800664,-4.315687
55.801570,-4.314352
55.801562,-4.312868
55.800310,-4.311134
55.800910,-4.316946
55.800736,-4.309500
55.800481,-4.307777
55.801228,-4.306242
55.801416,-4.305806
55.801115,-4.308916
55.801446,-4.309957
55.803480,-4.310763
55.803091,-4.311841
55.802604,-4.312451
55.802981,-4.312952
55.803848,-4.313658
55.804418,-4.313947
55.804516,-4.312548
55.801443,-4.320599
55.802801,-4.313931
55.806718,-4.317307
55.795934,-4.302435
55.798504,-4.312974
55.798875,-4.312868
55.799393,-4.313026
55.799647,-4.310536
55.799915,-4.309675
55.799396,-4.309532
55.797001,-4.307348
55.795889,-4.303916
55.796391,-4.307312
55.800509,-4.312949
55.798613,-4.303854
55.794625,-4.302773
55.797807,-4.311847
55.792574,-4.311489
55.792739,-4.310335
55.791968,-4.309284
55.792182,-4.308419
55.792837,-4.309431
55.793386,-4.310341
55.793482,-4.308097
55.794248,-4.309435
55.794569,-4.311001
55.794033,-4.306550
55.794128,-4.305296
55.793081,-4.307451
55.794389,-4.303859
55.795297,-4.307200
55.794449,-4.307357
55.796158,-4.310122
55.793570,-4.305343
55.797018,-4.309806
55.811300,-4.307364
55.801075,-4.296707
55.801529,-4.297404
55.800109,-4.298852
55.799244,-4.298003
55.798993,-4.298930
55.798541,-4.298074
55.797716,-4.298488
55.799568,-4.297496
55.804039,-4.296275
55.802965,-4.296084
55.802898,-4.296766
55.804438,-4.298517
55.804733,-4.300066
55.803979,-4.299990
55.804076,-4.300570
55.802872,-4.299589
55.803417,-4.298824
55.803116,-4.298072
55.802394,-4.297263
55.801992,-4.297128
55.802192,-4.295608
55.802217,-4.300029
55.801665,-4.298784
55.810080,-4.300062
55.802234,-4.296201
55.809682,-4.299704
55.807714,-4.299221
55.807094,-4.298274
55.806636,-4.296779
55.806421,-4.294867
55.804510,-4.296095
55.805430,-4.298799
55.805568,-4.296716
55.806004,-4.295513
55.806445,-4.298380
55.805835,-4.299285
55.806774,-4.300490
55.806884,-4.299379
55.806249,-4.301145
55.805938,-4.297137
55.805979,-4.301656
55.806259,-4.303970
55.807355,-4.302072
55.807386,-4.302840
55.806860,-4.302138
55.809682,-4.299704
55.807732,-4.300179
55.809442,-4.300041
55.808073,-4.302146
55.810396,-4.307646
55.810860,-4.308807
55.810514,-4.308084
55.812034,-4.309946
55.810528,-4.313096
55.810861,-4.312095
55.806105,-4.320270
55.809179,-4.313112
55.811806,-4.312007
55.808602,-4.313668
55.807790,-4.314354
55.808089,-4.314196
55.807311,-4.315890
55.809432,-4.314005
55.807282,-4.316973
55.807900,-4.315669
55.802774,-4.315828
55.802009,-4.320139
55.801930,-4.315299
55.801948,-4.315795
55.802955,-4.319078
55.806739,-4.318122
55.805965,-4.319113
55.805669,-4.318633
55.804773,-4.318468
55.803502,-4.319126
55.801593,-4.322699
55.802344,-4.319057
55.802209,-4.315762
55.802850,-4.317508
55.803313,-4.318237
55.801806,-4.318068
55.805529,-4.317922
55.801367,-4.316079
55.801576,-4.316921
55.799870,-4.323984
55.799335,-4.324670
55.810158,-4.304536
55.809829,-4.300989
55.808892,-4.299673
55.810257,-4.303584
55.808401,-4.305725
55.808307,-4.305464
55.809750,-4.306155
55.798407,-4.318169
55.795877,-4.334084
55.795675,-4.334774
55.796519,-4.330533
55.796769,-4.329192
55.811522,-4.308032
55.795735,-4.330646
55.797419,-4.330491
55.796371,-4.331242
55.795058,-4.332249
55.795147,-4.332749
55.795679,-4.332653
55.798987,-4.323597
55.796619,-4.333331
55.803575,-4.333317
55.804479,-4.334025
55.804010,-4.332656
55.803166,-4.331680
55.804093,-4.331129
55.804166,-4.332059
55.805951,-4.334097
55.802860,-4.329332
55.806244,-4.333827
55.805573,-4.330851
55.805310,-4.330005
55.804853,-4.332755
55.805752,-4.329441
55.806365,-4.330292
55.803543,-4.328847
55.799292,-4.327907
55.799668,-4.328009
55.805128,-4.325399
55.808576,-4.326993
55.804746,-4.331775
55.805153,-4.331177
55.804661,-4.331068
55.808160,-4.327112
55.804613,-4.329294
55.805927,-4.328766
55.807308,-4.328928
55.806795,-4.328482
55.804973,-4.328326
55.808045,-4.327950
55.806478,-4.327649
55.807139,-4.327849
55.805469,-4.332026
55.805904,-4.332307
55.806143,-4.331603
55.805913,-4.331398
55.806597,-4.330864
55.808041,-4.330567
55.808938,-4.331116
55.808847,-4.330217
55.809337,-4.329991
55.807737,-4.332816
55.809963,-4.331081
55.809467,-4.329296
55.808831,-4.328700
55.808232,-4.328041
55.807730,-4.328937
55.807959,-4.329637
55.806384,-4.333070
55.807362,-4.323202
55.807343,-4.321860
55.807146,-4.322758
55.807854,-4.322385
55.810433,-4.322858
55.809215,-4.323105
55.809775,-4.322979
55.809079,-4.322251
55.808537,-4.323799
55.808180,-4.323681
55.809807,-4.323683
55.808845,-4.324647
55.809190,-4.325417
55.808910,-4.326438
55.808750,-4.327737
55.808442,-4.322165
55.809366,-4.326050
55.810610,-4.325406
55.811171,-4.324738
55.814773,-4.315758
55.813847,-4.315304
55.811429,-4.325343
55.811975,-4.325935
55.810874,-4.326188
55.812279,-4.326033
55.811374,-4.327271
55.809993,-4.327125
55.811851,-4.327731
55.812838,-4.325922
55.802538,-4.323553
55.812887,-4.325239
55.811129,-4.324113
55.809649,-4.327727
55.807357,-4.324893
55.799903,-4.326986
55.811962,-4.325216
55.816235,-4.315957
55.815645,-4.315746
55.802937,-4.322444
55.802661,-4.330358
55.814674,-4.315337
55.803167,-4.325968
55.812235,-4.314522
55.802434,-4.329977
55.813307,-4.315352
55.812617,-4.313348
55.802661,-4.327517
55.804070,-4.325224
55.813401,-4.314177
55.801682,-4.325576
55.814908,-4.316724
55.802112,-4.328027
55.816297,-4.314556
55.812086,-4.315758
55.811336,-4.313607
55.811867,-4.314979
55.811236,-4.315564
55.810877,-4.315080
55.810969,-4.313521
55.809807,-4.314586
55.809295,-4.316008
55.809233,-4.316946
55.809387,-4.319237
55.810242,-4.314420
55.809495,-4.317791
55.809776,-4.319132
55.809825,-4.319869
55.809830,-4.316742
55.808955,-4.318317
55.810156,-4.315660
55.810460,-4.317178
55.810252,-4.318171
55.810559,-4.315748
55.810753,-4.316860
55.810630,-4.318640
55.810360,-4.319151
55.810522,-4.320996
55.804420,-4.320521
55.809909,-4.321582
55.805733,-4.322371
55.808726,-4.315240
55.799143,-4.329126
55.808666,-4.316481
55.807923,-4.317299
55.808229,-4.317748
55.808509,-4.318642
55.808022,-4.318741
55.807146,-4.318449
55.806678,-4.320863
55.807272,-4.319877
55.807639,-4.320457
55.808026,-4.320401
55.808448,-4.319979
55.809185,-4.320454
55.808693,-4.321254
55.808315,-4.321312
55.809666,-4.321631
55.808751,-4.320093
55.813322,-4.323637
55.809996,-4.320326
55.806581,-4.319820
55.800342,-4.324188
55.799782,-4.325287
55.800527,-4.327230
55.800701,-4.328485
55.800955,-4.329346
55.801209,-4.328739
55.801470,-4.328691
55.801128,-4.326836
55.801806,-4.327099
55.801560,-4.329638
55.800539,-4.329928
55.801250,-4.323684
55.811989,-4.312800
55.813862,-4.321674
55.813862,-4.321674
55.814294,-4.320710
55.814294,-4.320710
55.814707,-4.319761
55.813862,-4.321674
55.814707,-4.319761
55.814707,-4.319761
55.814610,-4.319165
55.814156,-4.319904
55.814294,-4.320710
55.813730,-4.321059
55.813364,-4.321852
55.813005,-4.322820
55.811449,-4.329016
55.811264,-4.329803
55.810744,-4.329692
55.810377,-4.330133
55.801877,-4.333327
55.802002,-4.332887
55.802196,-4.332596
55.800808,-4.331874
55.800947,-4.333989
55.800573,-4.332403
55.803186,-4.325873
55.797908,-4.328877
55.797973,-4.328259
55.798156,-4.332370
55.796943,-4.332330
55.798860,-4.325583
55.797364,-4.329116
55.799321,-4.332551
55.797712,-4.332104
55.799094,-4.330320
55.798648,-4.328235
55.798511,-4.333077
55.809682,-4.299704
55.809682,-4.299704
55.809682,-4.299704
55.809682,-4.299704
55.809682,-4.299704
55.809682,-4.299704
55.809682,-4.299704
55.809682,-4.299704
55.809682,-4.299704
55.797697,-4.301917
55.797697,-4.301917
55.797697,-4.301917
55.797697,-4.301917
55.797697,-4.301917
55.797697,-4.301917
55.797697,-4.301917
55.797697,-4.301917
55.797697,-4.301917
55.797697,-4.301917
55.797697,-4.301917
55.797697,-4.301917
55.797697,-4.301917
55.797697,-4.301917
55.797697,-4.301917
55.797697,-4.301917
55.797697,-4.301917
55.797697,-4.301917
55.797697,-4.301917
55.797697,-4.301917
55.797697,-4.301917
55.797697,-4.301917
55.797697,-4.301917
55.797697,-4.301917
55.797697,-4.301917
55.809753,-4.299756
55.797697,-4.301917
55.839786,-4.238136
55.839216,-4.236857
55.842397,-4.239356
55.839938,-4.229280
55.838697,-4.237227
55.839344,-4.235220
55.838728,-4.238490
55.838508,-4.237743
55.838396,-4.236938
55.837845,-4.231668
55.838403,-4.236092
55.839005,-4.234114
55.837078,-4.240248
55.847409,-4.246913
55.847798,-4.246728
55.837322,-4.235726
55.838752,-4.231225
55.847846,-4.249558
55.838525,-4.233831
55.843237,-4.253381
55.839455,-4.233597
55.838953,-4.232514
55.837776,-4.243850
55.838628,-4.232591
55.844936,-4.252856
55.844799,-4.252513
55.848719,-4.246541
55.848953,-4.247002
55.840366,-4.244254
55.849086,-4.247074
55.838330,-4.235177
55.838717,-4.235120
55.839009,-4.234881
55.839138,-4.234729
55.839456,-4.234491
55.841532,-4.239482
55.841854,-4.237073
55.838446,-4.240630
55.841664,-4.238148
55.841253,-4.236495
55.841509,-4.235791
55.841559,-4.236497
55.841685,-4.237462
55.841268,-4.242118
55.841187,-4.241602
55.840249,-4.241804
55.847203,-4.248307
55.847202,-4.248898
55.843897,-4.243308
55.843687,-4.242513
55.843819,-4.241674
55.844340,-4.241193
55.840048,-4.240531
55.842093,-4.240712
55.842913,-4.242612
55.841945,-4.243930
55.840476,-4.239230
55.841921,-4.237843
55.842411,-4.243015
55.840140,-4.238412
55.839438,-4.238978
55.847090,-4.243700
55.839558,-4.240263
55.840389,-4.237579
55.839972,-4.236789
55.839735,-4.235961
55.847816,-4.242831
55.847096,-4.242390
55.847052,-4.241333
55.847481,-4.242460
55.846906,-4.240989
55.846448,-4.241905
55.846201,-4.240182
55.846067,-4.240637
55.844759,-4.241377
55.847601,-4.241812
55.845715,-4.240745
55.845675,-4.241446
55.845433,-4.240889
55.845216,-4.241499
55.845160,-4.240633
55.844571,-4.242820
55.844735,-4.242254
55.846013,-4.242120
55.846410,-4.243549
55.848317,-4.239952
55.845320,-4.242687
55.849516,-4.244718
55.850022,-4.244044
55.850386,-4.243826
55.850386,-4.243826
55.849530,-4.243441
55.851078,-4.245287
55.849530,-4.243441
55.849887,-4.242599
55.849887,-4.242599
55.849584,-4.243923
55.848874,-4.242445
55.848874,-4.242445
55.849063,-4.243414
55.849547,-4.242004
55.849025,-4.241047
55.847636,-4.237884
55.847983,-4.239054
55.847160,-4.239870
55.846529,-4.239977
55.847213,-4.239425
55.847824,-4.239908
55.848311,-4.239345
55.848103,-4.241873
55.848551,-4.249791
55.849484,-4.247464
55.849350,-4.248383
55.848858,-4.245767
55.849109,-4.249296
55.850078,-4.248888
55.848606,-4.245337
55.848229,-4.250187
55.847530,-4.248629
55.847609,-4.246254
55.848076,-4.246296
55.846410,-4.245497
55.846357,-4.244951
55.847505,-4.251487
55.847557,-4.253535
55.847255,-4.252367
55.846540,-4.250681
55.846317,-4.251578
55.847632,-4.250440
55.846182,-4.246650
55.846932,-4.247892
55.845695,-4.246255
55.847815,-4.251202
55.845886,-4.247129
55.845360,-4.246411
55.846192,-4.248568
55.845535,-4.248131
55.844966,-4.246820
55.845258,-4.247076
55.844810,-4.245996
55.845555,-4.245065
55.845640,-4.252705
55.845768,-4.251626
55.846050,-4.254358
55.845902,-4.253599
55.846279,-4.253637
55.850163,-4.250619
55.850400,-4.251910
55.842158,-4.248495
55.850710,-4.250682
55.841404,-4.248962
55.841820,-4.250264
55.846737,-4.247274
55.847191,-4.247523
55.846921,-4.247060
55.846898,-4.245350
55.840006,-4.246773
55.846784,-4.246158
55.847498,-4.245480
55.840140,-4.248777
55.847335,-4.244544
55.846915,-4.244424
55.847093,-4.245010
55.845191,-4.250699
55.848510,-4.243670
55.847784,-4.244554
55.847895,-4.243411
55.848287,-4.244583
55.845209,-4.244342
55.844740,-4.243916
55.841480,-4.243808
55.841633,-4.244264
55.840544,-4.245319
55.837383,-4.233366
55.836925,-4.235831
55.835431,-4.232951
55.851683,-4.246121
55.850281,-4.246599
55.849884,-4.247216
55.851361,-4.246550
55.851184,-4.247866
0.000000,0.000000
0.000000,0.000000
55.854156,-4.259781
55.853396,-4.260072
55.852880,-4.268047
55.852819,-4.266989
55.852819,-4.266989
55.852819,-4.266989
55.852819,-4.266989
55.854696,-4.260212
55.853014,-4.268614
55.853014,-4.268614
55.853191,-4.265349
55.853001,-4.267815
55.852935,-4.264599
55.853790,-4.269378
55.847745,-4.261885
55.852494,-4.264142
55.853881,-4.263504
55.853928,-4.262404
55.852739,-4.263054
55.852030,-4.264946
55.854235,-4.261815
55.853790,-4.269378
55.853331,-4.261155
55.854225,-4.260920
55.854225,-4.260920
55.854225,-4.260920
55.854225,-4.260920
55.852238,-4.260948
55.852094,-4.260940
55.851777,-4.261608
55.851559,-4.260733
55.854971,-4.263344
55.854696,-4.260212
55.852223,-4.261762
55.851482,-4.261495
55.853017,-4.262591
55.854939,-4.266553
55.852497,-4.261554
55.853856,-4.261921
55.854713,-4.265182
55.855210,-4.267448
55.853470,-4.263847
55.855193,-4.265434
55.852909,-4.259181
55.852194,-4.260402
55.855066,-4.268414
55.854416,-4.268105
55.848231,-4.261370
55.848927,-4.261171
55.848291,-4.264457
55.847353,-4.264163
55.846981,-4.262879
55.846369,-4.263882
55.846962,-4.268805
55.850862,-4.264926
55.851231,-4.264884
55.849872,-4.266466
55.853456,-4.268512
55.850038,-4.268169
55.853644,-4.268076
55.848647,-4.265133
55.850364,-4.269993
55.853841,-4.266649
55.853738,-4.264918
55.849442,-4.266393
55.849287,-4.268940
55.852291,-4.264897
55.853961,-4.272328
55.849541,-4.266878
55.855281,-4.274818
55.852323,-4.267056
55.853318,-4.269175
55.850172,-4.269215
55.849217,-4.269799
55.849219,-4.270693
55.849663,-4.270496
55.849726,-4.270979
55.853140,-4.270059
55.849541,-4.273684
55.849995,-4.275372
55.847621,-4.268140
55.852818,-4.272373
55.853868,-4.277819
55.853522,-4.278071
55.852777,-4.275598
55.852474,-4.275437
55.852920,-4.274648
55.849049,-4.259916
55.848299,-4.252763
55.848869,-4.259442
55.848970,-4.258841
55.850641,-4.253937
55.850610,-4.255629
55.850846,-4.255004
55.851157,-4.255229
55.850908,-4.255566
55.851121,-4.256665
55.847992,-4.251867
55.848104,-4.251618
55.849941,-4.254392
55.850177,-4.254741
55.849593,-4.250330
55.851422,-4.253519
55.851416,-4.254350
55.851501,-4.255601
55.852984,-4.253594
55.851516,-4.254739
55.847583,-4.259959
55.850961,-4.253189
55.851126,-4.251537
55.851226,-4.252949
55.852506,-4.258615
55.852584,-4.256319
55.853068,-4.255420
55.852782,-4.258247
55.853328,-4.254956
55.853896,-4.258743
55.853110,-4.258969
55.853553,-4.258356
55.853548,-4.258116
55.852789,-4.257848
55.853669,-4.257436
55.853665,-4.256685
55.852716,-4.256965
55.853052,-4.256298
55.854065,-4.257411
55.846547,-4.260090
55.852152,-4.256853
55.849700,-4.259187
55.849877,-4.258382
55.852052,-4.258381
55.847408,-4.258207
55.850493,-4.259057
55.851514,-4.252422
55.848374,-4.254557
55.848533,-4.256675
55.848914,-4.256489
55.849223,-4.256316
55.849449,-4.255738
55.846785,-4.259848
55.848324,-4.258740
55.849683,-4.256230
55.846841,-4.257791
55.849758,-4.257529
55.847596,-4.256301
55.849533,-4.254592
55.848573,-4.254505
55.850296,-4.256617
55.843510,-4.261990
55.843401,-4.262575
55.844604,-4.262118
55.844579,-4.261541
55.844510,-4.262368
55.844903,-4.261001
55.846677,-4.260817
55.846438,-4.258694
55.846310,-4.259773
55.845120,-4.261956
55.846400,-4.259283
55.852540,-4.251827
55.854403,-4.257606
55.853686,-4.254561
55.853794,-4.255494
55.851943,-4.248613
55.849282,-4.250648
55.847538,-4.252096
55.848390,-4.250772
55.847284,-4.251746
55.852224,-4.249460
55.840756,-4.263683
55.848820,-4.251308
55.853367,-4.299935
55.853433,-4.298309
55.853202,-4.297672
55.852939,-4.297321
55.852700,-4.297627
55.852505,-4.297919
55.852448,-4.297148
55.853195,-4.297065
55.852899,-4.295609
55.852994,-4.294385
55.852255,-4.297361
55.852291,-4.294487
55.852229,-4.295378
55.851890,-4.297163
55.852616,-4.295353
55.853103,-4.290956
55.856495,-4.284940
55.850291,-4.310090
55.855779,-4.292535
55.855618,-4.291024
55.851718,-4.297744
55.854973,-4.288989
55.851940,-4.295457
55.852332,-4.292748
55.852261,-4.291753
55.852598,-4.291054
55.852387,-4.290291
55.855495,-4.289419
55.852131,-4.293439
55.852463,-4.289097
55.856292,-4.288108
55.852535,-4.287663
55.852745,-4.289433
55.857855,-4.291044
55.856250,-4.289399
55.853542,-4.292452
55.853625,-4.296179
55.853282,-4.295296
55.852822,-4.288670
55.853996,-4.299892
55.853101,-4.289134
55.856928,-4.294968
55.858551,-4.294233
55.853619,-4.284451
55.854536,-4.285400
55.854160,-4.284867
55.853943,-4.282521
55.853516,-4.282240
55.854490,-4.279182
55.855251,-4.280808
55.855658,-4.278723
55.854419,-4.278139
55.853888,-4.291737
55.855903,-4.280016
55.856090,-4.281097
55.856287,-4.282131
55.856354,-4.283350
55.854170,-4.279483
55.855295,-4.282313
55.852668,-4.284379
55.853097,-4.284516
55.853624,-4.280825
55.853884,-4.281799
55.854104,-4.281076
55.853700,-4.280094
55.853809,-4.279541
55.853485,-4.279554
55.853348,-4.280649
55.853729,-4.285305
55.853102,-4.282280
55.851663,-4.294929
55.851459,-4.296675
55.851870,-4.292018
55.851769,-4.293082
55.851519,-4.291534
55.852001,-4.290252
55.852086,-4.288579
55.852185,-4.288122
55.851349,-4.294399
55.851372,-4.292212
55.851291,-4.291696
55.851175,-4.293143
55.851484,-4.289087
55.851278,-4.293405
55.851671,-4.293524
55.851052,-4.294893
55.850953,-4.296325
55.847101,-4.297104
55.850964,-4.297205
55.856940,-4.285637
55.847778,-4.295036
55.853256,-4.285596
55.851152,-4.297264
55.851495,-4.299089
55.851207,-4.301005
55.850807,-4.299336
55.850634,-4.299933
55.850156,-4.299106
55.850349,-4.297871
55.850221,-4.298471
55.849929,-4.300626
55.850798,-4.300774
55.850356,-4.301339
55.849972,-4.302674
55.850017,-4.299769
55.850399,-4.308179
55.850451,-4.302990
55.850536,-4.306606
55.850739,-4.304908
55.849895,-4.307239
55.849958,-4.303871
55.852652,-4.300180
55.852951,-4.299559
55.853296,-4.298924
55.853084,-4.298688
55.853174,-4.298214
55.852744,-4.299115
55.852003,-4.299343
55.852208,-4.298908
55.852559,-4.298401
55.852816,-4.298624
55.851863,-4.298616
55.852478,-4.298892
55.854674,-4.281861
55.852931,-4.287638
55.854666,-4.283714
55.855316,-4.285526
55.855772,-4.287566
55.854805,-4.286406
55.855070,-4.284728
55.849739,-4.306015
55.856187,-4.300980
55.850665,-4.310288
55.850154,-4.310705
55.851028,-4.311028
55.850844,-4.311289
55.850695,-4.309650
55.851275,-4.302192
55.860857,-4.303558
55.851660,-4.301815
55.861030,-4.305374
55.860293,-4.303908
55.859485,-4.302901
55.861276,-4.307594
55.859622,-4.305194
55.859487,-4.306641
55.860755,-4.305629
55.858753,-4.310784
55.856187,-4.300980
55.859304,-4.301532
55.861177,-4.308563
55.860465,-4.308153
55.860890,-4.308977
55.859815,-4.308338
55.860203,-4.307274
55.860017,-4.304259
55.859063,-4.304826
55.858607,-4.306636
55.859432,-4.304816
55.858466,-4.306005
55.858245,-4.303403
55.859224,-4.307264
55.857257,-4.306237
55.857267,-4.305678
55.857098,-4.305125
55.856262,-4.305139
55.855598,-4.305547
55.856835,-4.304774
55.855766,-4.306676
55.857649,-4.306915
55.855742,-4.312235
55.857470,-4.310676
55.855434,-4.310938
55.853259,-4.311880
55.855187,-4.311643
55.854823,-4.309480
55.854918,-4.312106
55.850936,-4.309233
55.850685,-4.307317
55.850724,-4.308102
55.851114,-4.307455
55.850971,-4.305960
55.863501,-4.309691
55.863768,-4.308876
55.863104,-4.308805
55.861956,-4.307282
55.862539,-4.308787
55.862394,-4.305982
55.863791,-4.310044
55.862182,-4.304803
55.853999,-4.311732
55.862749,-4.307170
55.856729,-4.301316
55.857602,-4.301751
55.858526,-4.299441
55.858664,-4.300679
55.857771,-4.299891
55.858309,-4.300914
55.859410,-4.301155
55.858727,-4.307874
55.858285,-4.307464
55.857324,-4.299769
55.857469,-4.305466
55.857760,-4.305292
55.857027,-4.303635
55.857998,-4.303596
55.858484,-4.304552
55.857161,-4.302252
55.857889,-4.304644
55.857609,-4.298492
55.856568,-4.299836
55.858923,-4.305584
55.856551,-4.302200
55.855020,-4.302333
55.855122,-4.305072
55.855978,-4.307791
55.855596,-4.307560
55.856001,-4.305156
55.854869,-4.308460
55.855930,-4.303681
55.856520,-4.303812
55.856207,-4.302771
55.855350,-4.302976
55.854996,-4.303642
55.854717,-4.303194
55.854099,-4.302071
55.854661,-4.301369
55.855219,-4.300380
55.854973,-4.299103
55.853352,-4.301180
55.854303,-4.304160
55.853362,-4.304025
55.854452,-4.294774
55.853372,-4.304936
55.852625,-4.304013
55.851998,-4.304359
55.851757,-4.304761
55.852341,-4.305290
55.850824,-4.303747
55.851055,-4.303872
55.851546,-4.302623
55.851546,-4.302623
55.854209,-4.304858
55.854653,-4.304692
55.853371,-4.305479
55.853245,-4.305951
55.853474,-4.306172
55.852546,-4.306293
55.854252,-4.305420
55.850696,-4.306727
55.851249,-4.306440
55.851247,-4.307031
55.852332,-4.305769
55.854398,-4.305348
55.861531,-4.309335
55.861504,-4.308374
55.861884,-4.309212
55.852593,-4.309539
55.851549,-4.310101
55.851307,-4.308648
55.851477,-4.307268
55.850419,-4.311903
55.856187,-4.300980
55.853140,-4.300528
55.852558,-4.301373
55.851789,-4.301136
55.854803,-4.300020
55.861722,-4.308707
55.862834,-4.310786
55.853497,-4.310696
55.853307,-4.313161
55.852496,-4.307089
55.862511,-4.315050
55.865105,-4.314262
55.853354,-4.318788
55.862609,-4.314625
55.863909,-4.314286
55.864411,-4.315771
55.864168,-4.316284
55.864079,-4.316710
55.864193,-4.317356
55.864833,-4.317250
55.864897,-4.316727
55.864250,-4.314307
55.850848,-4.317728
55.864637,-4.316216
55.864647,-4.315689
55.864888,-4.315272
55.864509,-4.316815
55.861937,-4.316886
55.863254,-4.314695
55.862953,-4.313990
55.862982,-4.314855
55.863390,-4.315598
55.863115,-4.315438
55.862855,-4.315854
55.863610,-4.315883
55.862596,-4.316254
55.863403,-4.316350
55.863045,-4.316281
55.862718,-4.315510
55.862376,-4.316465
55.862304,-4.320775
55.863267,-4.317860
55.862139,-4.319535
55.863427,-4.313619
55.863709,-4.315345
55.863792,-4.316677
55.864091,-4.317973
55.864285,-4.318672
55.864428,-4.318217
55.864378,-4.317575
55.864644,-4.317734
55.864678,-4.318328
55.864890,-4.318500
55.864983,-4.317867
55.857393,-4.321441
55.862529,-4.318839
55.863793,-4.317092
55.862440,-4.316916
55.863309,-4.317032
55.856787,-4.315461
55.861302,-4.311447
55.856526,-4.315461
55.860492,-4.311542
55.852476,-4.318176
55.853456,-4.317643
55.857975,-4.313454
55.861688,-4.313387
55.852034,-4.320163
55.857945,-4.318390
55.856227,-4.316546
55.854772,-4.317961
55.859252,-4.314377
55.862759,-4.312364
55.862545,-4.312735
55.863132,-4.313058
55.863085,-4.313662
55.862225,-4.318294
55.859079,-4.313536
55.862019,-4.320646
55.862074,-4.315328
55.859060,-4.316475
55.861895,-4.316244
55.859962,-4.320108
55.861510,-4.315694
55.861690,-4.314730
55.859540,-4.314826
55.860936,-4.319447
55.861362,-4.318322
55.861156,-4.317782
55.859586,-4.320997
55.859371,-4.321415
55.860561,-4.316932
55.859366,-4.318347
55.860350,-4.320962
55.860350,-4.320962
55.863130,-4.319850
55.863426,-4.320842
55.863410,-4.319339
55.862554,-4.317498
55.862584,-4.320201
55.861114,-4.320033
55.863247,-4.318434
55.860737,-4.324294
55.861539,-4.323191
55.861429,-4.323824
55.860199,-4.323734
55.859840,-4.322738
55.860112,-4.322642
55.857750,-4.322070
55.856806,-4.322077
55.856456,-4.321098
55.856328,-4.321713
55.855428,-4.323162
55.854731,-4.323456
55.854392,-4.322381
55.853791,-4.321338
55.854663,-4.322285
55.856189,-4.322840
55.855881,-4.321543
55.854470,-4.321059
55.854594,-4.320220
55.854551,-4.321543
55.854743,-4.320884
55.855820,-4.321939
55.859952,-4.317295
55.860471,-4.316000
55.858894,-4.324279
55.860246,-4.322187
55.860691,-4.321958
55.861134,-4.321792
55.859014,-4.322209
55.859305,-4.322051
55.859014,-4.322705
55.859449,-4.322507
55.858439,-4.321759
55.858233,-4.322163
55.858234,-4.323105
55.858615,-4.321482
55.859013,-4.321330
55.861885,-4.318225
55.857320,-4.322444
55.861530,-4.320378
55.861550,-4.322137
55.861985,-4.321939
55.860863,-4.321409
55.862056,-4.321064
55.863281,-4.311852
55.863560,-4.311852
55.863617,-4.312623
55.863313,-4.311598
55.860385,-4.322930
55.861255,-4.322567
55.860927,-4.323250
55.859814,-4.323168
55.859379,-4.323350
55.857936,-4.324558
55.860792,-4.322763
55.859664,-4.324949
55.857884,-4.325929
55.857904,-4.325339
55.859894,-4.323700
55.857047,-4.324073
55.863799,-4.329143
55.861848,-4.329186
55.862414,-4.329188
55.863008,-4.329192
55.861273,-4.329200
55.861239,-4.331004
55.861028,-4.331231
55.861167,-4.331479
55.860973,-4.332202
55.860405,-4.329452
55.861031,-4.330080
55.860699,-4.328654
55.860682,-4.326240
55.860246,-4.327876
55.859418,-4.327938
55.860657,-4.329898
55.859382,-4.327489
55.858130,-4.328117
55.857064,-4.328373
55.859135,-4.328672
55.858423,-4.329716
55.858317,-4.329119
55.856295,-4.330532
55.855460,-4.330050
55.860354,-4.326476
55.876276,-4.363464
55.876028,-4.365112
55.856658,-4.329419
55.876028,-4.365112
55.873998,-4.358530
55.866370,-4.335754
55.852605,-4.329864
55.854523,-4.329659
55.853062,-4.329971
55.853356,-4.328167
55.854014,-4.329516
55.853386,-4.328952
55.855122,-4.331740
55.854500,-4.332326
55.854554,-4.332808
55.854565,-4.333624
55.854406,-4.328741
55.855252,-4.332962
55.853713,-4.338286
55.853533,-4.332619
55.853528,-4.330989
55.855736,-4.348155
55.854637,-4.349686
55.856837,-4.338442
55.857370,-4.338330
55.857610,-4.337530
55.855532,-4.331461
55.855901,-4.334295
55.855444,-4.334651
55.855362,-4.335653
55.857424,-4.336416
55.854614,-4.335784
55.856641,-4.336960
55.853192,-4.332551
55.855109,-4.334807
55.853109,-4.326059
55.869401,-4.358251
55.859672,-4.350502
55.860352,-4.353483
55.855758,-4.331874
55.856053,-4.331924
55.864598,-4.348594
55.856602,-4.349837
55.853194,-4.334820
55.863021,-4.331798
55.861711,-4.332151
55.854218,-4.335329
55.854851,-4.335111
55.854848,-4.337667
55.855522,-4.337644
55.855880,-4.337266
55.860097,-4.346628
55.859824,-4.346787
55.860315,-4.346977
55.855550,-4.339052
55.855992,-4.338935
55.855397,-4.339490
55.856172,-4.339856
55.859331,-4.345288
55.856293,-4.341557
55.857139,-4.341496
55.856599,-4.342470
55.855840,-4.342664
55.858817,-4.344458
55.858614,-4.343327
55.858268,-4.343066
55.858570,-4.341359
55.857992,-4.340109
55.858140,-4.340821
55.857771,-4.340400
55.857333,-4.340741
55.854875,-4.338116
55.854737,-4.339259
55.864636,-4.331942
55.858002,-4.341484
55.864074,-4.333123
55.864049,-4.333985
55.864342,-4.334658
55.861454,-4.336210
55.859832,-4.336944
55.857927,-4.338811
55.859371,-4.339921
55.859524,-4.340361
55.859822,-4.336049
55.860222,-4.336264
55.861121,-4.335807
55.860772,-4.334747
55.860148,-4.334981
55.860721,-4.333194
55.860900,-4.334148
55.862399,-4.334285
55.862234,-4.334915
55.862475,-4.334977
55.862399,-4.344673
55.862175,-4.333761
55.856318,-4.333154
55.857987,-4.333286
55.856930,-4.334021
55.856394,-4.334341
55.856759,-4.335018
55.856383,-4.335379
55.857350,-4.334622
55.858301,-4.334231
55.858720,-4.334912
55.859172,-4.334779
55.858648,-4.336330
55.856956,-4.335972
55.857907,-4.335598
55.857380,-4.335886
55.858360,-4.337767
55.858362,-4.337207
55.858356,-4.335162
55.858660,-4.338088
55.858914,-4.337017
55.859136,-4.336199
55.859490,-4.335070
55.859916,-4.334424
55.859528,-4.334001
55.862440,-4.332578
55.862642,-4.331903
55.864266,-4.333902
55.864024,-4.332018
55.863168,-4.331183
55.862399,-4.331409
55.864146,-4.332201
55.862960,-4.330739
55.862608,-4.330830
55.861040,-4.332957
55.861775,-4.335431
55.861803,-4.333962
55.861797,-4.329535
55.861395,-4.329894
55.861401,-4.331908
55.861416,-4.333028
55.862539,-4.333063
55.862122,-4.333214
55.863578,-4.332774
55.863957,-4.332669
55.863819,-4.320051
55.861119,-4.333522
55.864271,-4.327046
55.864450,-4.327057
55.864493,-4.327635
55.864292,-4.327798
55.864315,-4.328519
55.864617,-4.328697
55.864646,-4.333317
55.864644,-4.332966
55.863835,-4.330600
55.863660,-4.330797
55.863344,-4.330411
55.863060,-4.330234
55.862979,-4.329734
55.864084,-4.330727
55.862259,-4.329802
55.863380,-4.329454
55.863662,-4.329742
55.863916,-4.330109
55.862484,-4.330263
55.864061,-4.329543
55.865878,-4.331841
55.865425,-4.332533
55.870531,-4.362620
55.864767,-4.352440
55.868666,-4.349703
55.862534,-4.349860
55.860679,-4.352353
55.864509,-4.350906
55.867088,-4.346666
55.867204,-4.347201
55.860699,-4.352274
55.865731,-4.338657
55.863975,-4.343090
55.865805,-4.357378
55.861147,-4.348098
55.864940,-4.336771
55.862641,-4.338104
55.864157,-4.349110
55.865061,-4.348366
55.859320,-4.326494
55.858467,-4.326907
55.866670,-4.346913
55.857781,-4.327057
55.856771,-4.327269
55.856809,-4.326648
55.856737,-4.325701
55.858762,-4.327004
55.860385,-4.339518
55.854505,-4.323538
55.854769,-4.324273
55.855567,-4.323921
55.855731,-4.323340
55.856400,-4.323587
55.854711,-4.324972
55.854975,-4.324780
55.856397,-4.324194
55.855608,-4.324610
55.856591,-4.324909
55.854880,-4.326005
55.855500,-4.325547
55.855614,-4.326161
55.855853,-4.327805
55.855285,-4.326940
55.856355,-4.325470
55.855040,-4.327533
55.855530,-4.328249
55.855251,-4.329223
55.854701,-4.328839
55.854499,-4.326685
55.853992,-4.324003
55.853892,-4.325051
55.854147,-4.325817
55.852951,-4.324915
55.860170,-4.344699
55.860409,-4.345816
55.860011,-4.344514
55.864128,-4.320325
55.864128,-4.320325
55.860679,-4.345337
55.856187,-4.300980
55.856187,-4.300980
55.856187,-4.300980
55.856187,-4.300980
55.856187,-4.300980
55.856187,-4.300980
55.856187,-4.300980
55.856187,-4.300980
55.847010,-4.331542
55.847422,-4.332078
55.848066,-4.330838
55.848389,-4.332759
55.847871,-4.331657
55.847449,-4.331153
55.848167,-4.329310
55.848036,-4.328152
55.848281,-4.326601
55.848580,-4.327881
55.849105,-4.328664
55.847534,-4.329017
55.848644,-4.330202
55.848872,-4.330040
55.849782,-4.328496
55.849825,-4.326230
55.848606,-4.328426
55.849290,-4.326981
55.848805,-4.325994
55.848676,-4.325187
55.849487,-4.325571
55.850234,-4.327884
55.849547,-4.331422
55.851117,-4.328720
55.850266,-4.325713
55.850414,-4.326457
55.850967,-4.331443
55.847576,-4.325856
55.847721,-4.324395
55.848107,-4.323907
55.847946,-4.325303
55.848282,-4.325132
55.848659,-4.324180
55.849899,-4.324238
55.849806,-4.322970
55.849217,-4.323238
55.848696,-4.322712
55.847929,-4.322874
55.849709,-4.324785
55.848250,-4.322526
55.849163,-4.322245
55.848146,-4.323302
55.849637,-4.320947
55.849344,-4.320754
55.849122,-4.320165
55.849019,-4.320830
55.848778,-4.321215
55.848964,-4.318542
55.848256,-4.320817
55.848521,-4.321519
55.846535,-4.328622
55.848234,-4.317684
55.846198,-4.329816
55.845533,-4.328881
55.845138,-4.329768
55.844787,-4.328389
55.844976,-4.327921
55.844512,-4.327271
55.844301,-4.329399
55.845685,-4.327980
55.846654,-4.326632
55.846041,-4.328608
55.845719,-4.326656
55.845006,-4.326310
55.846991,-4.325454
55.846119,-4.324012
55.844334,-4.326669
55.842339,-4.327141
55.842231,-4.328572
55.842969,-4.331364
55.845797,-4.325830
55.842077,-4.331486
55.842015,-4.329997
55.843363,-4.329550
55.844211,-4.330783
55.842692,-4.329861
55.842587,-4.325942
55.841851,-4.323023
55.841345,-4.322226
55.841353,-4.320373
55.841121,-4.318858
55.839673,-4.318405
55.842062,-4.325144
55.840330,-4.319290
55.839200,-4.319670
55.839095,-4.319999
55.840298,-4.320534
55.840394,-4.318288
55.838883,-4.321216
55.840222,-4.321712
55.841210,-4.323623
55.842008,-4.326594
55.839600,-4.322297
55.840234,-4.322974
55.840316,-4.326701
55.839527,-4.326606
55.840074,-4.325744
55.839218,-4.318234
55.840421,-4.316852
55.840094,-4.314213
55.840844,-4.310648
55.839600,-4.323703
55.839272,-4.329178
55.839459,-4.330211
55.838903,-4.329188
55.839344,-4.328192
55.839974,-4.328166
55.839354,-4.325333
55.838889,-4.326599
55.838318,-4.328737
55.837799,-4.328179
55.838028,-4.329822
55.837853,-4.326745
55.838621,-4.324635
55.838229,-4.324931
55.838726,-4.322389
55.837576,-4.325227
55.837486,-4.328065
55.838447,-4.321957
55.838104,-4.321553
55.837349,-4.324383
55.837403,-4.329162
55.838207,-4.323236
55.838284,-4.329582
55.843814,-4.331861
55.843176,-4.332302
55.841818,-4.332844
55.841663,-4.332483
55.842723,-4.332004
55.840493,-4.333963
55.840872,-4.332452
55.841732,-4.331178
55.840807,-4.333071
55.841253,-4.330862
55.841659,-4.329848
55.840818,-4.330101
55.840301,-4.330837
55.841105,-4.331555
55.840293,-4.333136
55.839766,-4.332498
55.839757,-4.334414
55.839470,-4.333885
55.839361,-4.332074
55.840429,-4.329774
55.841486,-4.328991
55.841144,-4.328571
55.839920,-4.329616
55.838733,-4.331541
55.838670,-4.330084
55.837912,-4.331205
55.837417,-4.331255
55.838762,-4.332821
55.839198,-4.331186
55.838910,-4.334491
55.837960,-4.332469
55.836165,-4.333751
55.835462,-4.332895
55.834877,-4.332029
55.833916,-4.331508
55.836390,-4.335665
55.835898,-4.331276
55.834998,-4.330360
55.836306,-4.332498
55.834771,-4.334275
55.835540,-4.328795
55.835536,-4.331366
55.834964,-4.329814
55.834825,-4.332409
55.845124,-4.333394
55.845520,-4.332379
55.845481,-4.332057
55.845800,-4.331373
55.845648,-4.330837
55.846235,-4.332118
55.846920,-4.333469
55.848354,-4.333683
55.847769,-4.333249
55.846592,-4.332251
55.846330,-4.330431
55.846738,-4.331206
55.847077,-4.329453
55.847104,-4.326116
55.846905,-4.327605
55.847078,-4.332712
55.846646,-4.329411
55.846062,-4.333657
55.845744,-4.333367
55.839290,-4.335328
55.838268,-4.333781
55.837425,-4.332262
55.836738,-4.328643
55.836450,-4.328706
55.838664,-4.335147
55.832501,-4.329827
55.846513,-4.358573
55.846221,-4.360201
55.846562,-4.360222
55.847970,-4.360403
55.848219,-4.361441
55.848716,-4.361790
55.848756,-4.360627
55.848029,-4.359672
55.848766,-4.358710
55.848721,-4.357301
55.849840,-4.359862
55.849047,-4.361379
55.849981,-4.360477
55.850184,-4.359739
55.849673,-4.357822
55.850612,-4.360867
55.849286,-4.358789
55.850820,-4.359410
55.851147,-4.359701
55.850763,-4.357233
55.849854,-4.357258
55.851395,-4.361761
55.849590,-4.340994
55.846164,-4.343903
55.847751,-4.345069
55.847321,-4.346385
55.847333,-4.347632
55.847945,-4.350401
55.848146,-4.349790
55.848346,-4.343539
55.848844,-4.340502
55.849729,-4.343127
55.850688,-4.341843
55.851513,-4.341493
55.852018,-4.340453
55.851220,-4.337034
55.850842,-4.340830
55.849567,-4.341712
55.848889,-4.343828
55.849626,-4.343792
55.849180,-4.344596
55.849615,-4.345325
55.848542,-4.345037
55.848950,-4.345812
55.849127,-4.347357
55.848417,-4.344039
55.848522,-4.346074
55.848778,-4.347735
55.848169,-4.345733
55.848028,-4.344686
55.849624,-4.345789
55.850364,-4.345179
55.849844,-4.339907
55.848822,-4.351093
55.849615,-4.353313
55.850452,-4.353268
55.851010,-4.353238
55.851694,-4.353199
55.852955,-4.352125
55.849268,-4.352190
55.849967,-4.351849
55.849623,-4.350582
55.849903,-4.350040
55.852444,-4.352973
55.850941,-4.351205
55.850641,-4.349493
55.851306,-4.349981
55.851195,-4.348248
55.850338,-4.351712
55.851192,-4.346986
55.849327,-4.350069
55.848807,-4.349510
55.849774,-4.349233
55.849561,-4.347718
55.850302,-4.348402
55.850789,-4.346898
55.850798,-4.344550
55.850003,-4.344310
55.850686,-4.343377
55.849897,-4.346572
55.850083,-4.342941
55.849468,-4.353976
55.849412,-4.355506
55.850113,-4.354094
55.849812,-4.355243
55.849645,-4.356015
55.850716,-4.354514
55.850544,-4.356437
55.850888,-4.355388
55.851469,-4.354129
55.851816,-4.354341
55.852323,-4.355986
55.852683,-4.359730
55.851823,-4.356770
55.853005,-4.357481
55.851434,-4.355980
55.853462,-4.359905
55.853642,-4.357520
55.853835,-4.359640
55.852458,-4.363040
55.853448,-4.363436
55.852696,-4.361872
55.851819,-4.358847
55.853740,-4.364125
55.853932,-4.363018
55.853793,-4.361843
55.854712,-4.363145
55.854518,-4.361056
55.854039,-4.356042
55.853857,-4.354305
55.853740,-4.352892
55.852914,-4.353785
55.852774,-4.354959
55.854261,-4.358516
55.846585,-4.336916
55.846585,-4.336916
55.852768,-4.354367
55.852960,-4.344776
55.851059,-4.342664
55.851503,-4.343889
55.851628,-4.345351
55.851783,-4.351799
55.852308,-4.351623
55.851924,-4.348212
55.851796,-4.346415
55.852565,-4.348027
55.851635,-4.348722
55.852867,-4.347742
55.852844,-4.349914
55.853082,-4.351078
55.852217,-4.347895
55.853503,-4.350720
55.853135,-4.347359
55.851902,-4.344632
55.851693,-4.342415
55.852241,-4.343374
55.852241,-4.343374
55.852338,-4.342038
55.852338,-4.342038
55.846132,-4.362001
55.846416,-4.363600
55.846400,-4.364461
55.846293,-4.366292
55.847077,-4.360573
55.847035,-4.361321
55.845961,-4.363892
55.846994,-4.362069
55.846962,-4.362818
55.846907,-4.364716
55.846848,-4.365431
55.846843,-4.366166
55.846811,-4.366899
55.847634,-4.361501
55.847393,-4.366103
55.847709,-4.366490
55.848830,-4.365200
55.849931,-4.364964
55.850779,-4.364823
55.849663,-4.363941
55.847860,-4.363320
55.847783,-4.364513
55.849192,-4.363193
55.848650,-4.363815
55.851203,-4.363299
55.851032,-4.362410
55.848555,-4.364544
55.850711,-4.361800
55.848679,-4.362315
55.850945,-4.366927
55.850105,-4.367147
55.848085,-4.368909
55.848321,-4.366447
55.848648,-4.366276
55.848993,-4.367479
55.848909,-4.368129
55.849116,-4.366240
55.847093,-4.354567
55.848415,-4.353560
55.848626,-4.354739
55.848672,-4.356116
55.848303,-4.355183
55.848350,-4.357902
55.847003,-4.355504
55.846116,-4.356792
55.846790,-4.358175
55.847266,-4.356814
55.847704,-4.358805
55.847117,-4.357987
55.846929,-4.344333
55.846694,-4.345309
55.847064,-4.346194
55.846960,-4.347865
55.847138,-4.349378
55.847673,-4.351039
55.847629,-4.352842
55.846860,-4.353131
55.846687,-4.351347
55.846706,-4.350358
55.846724,-4.348953
55.846316,-4.348178
55.846212,-4.345152
55.846609,-4.338962
55.846836,-4.339790
55.848260,-4.342863
55.847678,-4.342253
55.846200,-4.345806
55.847250,-4.338314
55.847585,-4.339612
55.847714,-4.339907
55.848100,-4.340873
55.848244,-4.341840
55.846348,-4.343196
55.843787,-4.336109
55.842308,-4.335892
55.842348,-4.338067
55.841127,-4.338920
55.839782,-4.337354
55.840549,-4.341425
55.841159,-4.342436
55.840905,-4.341159
55.842576,-4.338816
55.840659,-4.339898
55.840509,-4.336918
55.842323,-4.337011
55.845111,-4.343504
55.844426,-4.344102
55.843642,-4.344646
55.843733,-4.345546
55.844293,-4.344925
55.844325,-4.346061
55.844893,-4.344562
55.843914,-4.343592
55.845139,-4.344880
55.844878,-4.346749
55.844993,-4.347826
55.844907,-4.345745
55.843641,-4.346147
55.844019,-4.347049
55.842661,-4.345705
55.841720,-4.344147
55.842807,-4.345107
55.843626,-4.343144
55.844052,-4.342466
55.844163,-4.341834
55.843327,-4.340937
55.842811,-4.340635
55.841283,-4.340191
55.842172,-4.339718
55.842184,-4.340996
55.842814,-4.341402
55.843277,-4.339768
55.841913,-4.342465
55.841513,-4.342729
55.842846,-4.343049
55.843289,-4.342436
55.841438,-4.341479
55.842914,-4.342286
55.842531,-4.342135
55.841930,-4.343473
55.842860,-4.344216
55.842245,-4.344418
55.844405,-4.347535
55.843892,-4.348511
55.844775,-4.349331
55.844351,-4.349449
55.844663,-4.350953
55.845139,-4.342021
55.843746,-4.347208
55.842568,-4.346786
55.841619,-4.346601
55.841152,-4.344688
55.845024,-4.349969
55.841635,-4.348119
55.842566,-4.347377
55.843314,-4.348220
55.842606,-4.349040
55.842076,-4.349024
55.842177,-4.349845
55.842852,-4.349822
55.843244,-4.350932
55.843297,-4.351925
55.843517,-4.352162
55.843653,-4.349742
55.841494,-4.350762
55.841813,-4.350079
55.841801,-4.345510
55.843048,-4.352693
55.841229,-4.346753
55.845115,-4.351795
55.843906,-4.351067
55.844613,-4.352196
55.845135,-4.352611
55.844008,-4.353262
55.844571,-4.353456
55.843763,-4.353854
55.844601,-4.355151
55.845722,-4.353382
55.842277,-4.354930
55.845671,-4.354641
55.845147,-4.355296
55.845245,-4.353896
55.844260,-4.356073
55.843547,-4.356700
55.843659,-4.357905
55.844372,-4.357246
55.841762,-4.356033
55.842641,-4.356614
55.842296,-4.357248
55.843040,-4.357820
55.842386,-4.358180
55.842684,-4.359044
55.842844,-4.360060
55.841880,-4.356903
55.844547,-4.365467
55.844181,-4.367218
55.841850,-4.365479
55.844840,-4.366603
55.844461,-4.366181
55.843696,-4.369074
55.844618,-4.368778
55.843986,-4.365657
55.842586,-4.369309
55.843638,-4.365060
55.843198,-4.367366
55.842938,-4.365928
55.842449,-4.368486
55.843229,-4.364844
55.840302,-4.365161
55.842383,-4.365352
55.841187,-4.367244
55.840685,-4.364881
55.840241,-4.369710
55.840667,-4.365774
55.840069,-4.366026
55.841000,-4.363910
55.840739,-4.368606
55.840538,-4.366885
55.839491,-4.367140
55.839929,-4.369100
55.839198,-4.366915
55.840018,-4.367300
55.840612,-4.367704
55.842140,-4.363037
55.845571,-4.357047
55.845155,-4.357197
55.845073,-4.358199
55.844422,-4.357951
55.843487,-4.362160
55.843013,-4.363457
55.843469,-4.363564
55.844731,-4.356325
55.843884,-4.362551
55.844004,-4.359572
55.844751,-4.360000
55.844280,-4.362527
55.843655,-4.359950
55.844959,-4.360843
55.844258,-4.360881
55.845120,-4.359048
55.845393,-4.359783
55.845193,-4.362727
55.845132,-4.364017
55.843966,-4.363914
55.844788,-4.364603
55.845107,-4.365789
55.845540,-4.366166
55.845737,-4.362025
55.846204,-4.336110
55.843999,-4.364539
55.845278,-4.338035
55.845658,-4.336509
55.845835,-4.335705
55.845907,-4.334734
55.840667,-4.346096
55.840682,-4.344340
55.840383,-4.344466
55.840134,-4.343413
55.839660,-4.340908
55.840178,-4.342010
55.840979,-4.345252
55.839975,-4.339011
55.838920,-4.340592
55.839273,-4.337148
55.846052,-4.355878
55.845902,-4.358089
55.846107,-4.354411
55.845440,-4.342294
55.844528,-4.342958
55.845356,-4.344350
55.846199,-4.351941
55.845693,-4.352086
55.845608,-4.350883
55.845997,-4.350315
55.845473,-4.349485
55.845902,-4.348201
55.845273,-4.345846
55.845687,-4.345839
55.845932,-4.340998
55.846244,-4.338269
55.845696,-4.344402
55.841439,-4.366332
55.847643,-4.368978
55.847401,-4.370354
55.848497,-4.369909
55.849265,-4.369205
55.849495,-4.369858
55.850097,-4.369399
55.850760,-4.368577
55.850814,-4.369523
55.850859,-4.370916
55.849604,-4.371239
55.847918,-4.370561
55.849999,-4.368003
55.849341,-4.373188
55.849100,-4.373604
55.850367,-4.372675
55.849554,-4.371971
55.848651,-4.371724
55.850257,-4.371374
55.851009,-4.372491
55.851078,-4.374460
55.851685,-4.376095
55.851800,-4.378051
55.851821,-4.373723
55.851401,-4.372642
55.857002,-4.365569
55.855853,-4.365979
55.858626,-4.362920
55.857680,-4.359746
55.856100,-4.369462
55.851868,-4.379206
55.853538,-4.379244
55.855359,-4.379899
55.860895,-4.369242
55.856200,-4.379631
55.853841,-4.378480
55.854783,-4.378553
55.855521,-4.378502
55.854957,-4.376550
55.854698,-4.377845
55.853875,-4.376708
55.853262,-4.377262
55.852540,-4.376019
55.852947,-4.377738
55.853217,-4.374511
55.852314,-4.375191
55.852271,-4.377377
55.863120,-4.366181
55.856895,-4.378586
55.852984,-4.373043
55.852576,-4.373257
55.852888,-4.372414
55.862379,-4.370116
55.853739,-4.374910
55.853743,-4.371922
55.853406,-4.373084
55.854114,-4.372696
55.854099,-4.374900
55.854934,-4.372586
55.855486,-4.374729
55.855187,-4.371579
55.855777,-4.374555
55.854751,-4.369971
55.855135,-4.374788
55.854301,-4.370934
55.854454,-4.368610
55.853576,-4.366559
55.853623,-4.365987
55.855436,-4.370827
55.854546,-4.367082
55.855071,-4.367353
55.854777,-4.365370
55.866159,-4.371241
55.853099,-4.375958
55.852049,-4.373529
55.852306,-4.376069
55.852016,-4.372472
55.863914,-4.363641
55.865315,-4.367482
55.859429,-4.373468
55.861857,-4.367319
55.853445,-4.365002
55.862284,-4.361959
55.853093,-4.373481
55.860148,-4.370204
55.852382,-4.366023
55.853305,-4.367118
55.853002,-4.367947
55.853114,-4.369120
55.852312,-4.368767
55.851970,-4.365024
55.851346,-4.367590
55.851783,-4.368240
55.851783,-4.365891
55.851528,-4.364645
55.852361,-4.368083
55.851522,-4.366355
55.851141,-4.366060
55.857745,-4.364768
55.861336,-4.361262
55.862262,-4.380369
55.858209,-4.366825
55.863114,-4.363208
55.858587,-4.372873
55.860425,-4.378227
55.860247,-4.367892
55.858980,-4.363660
55.862233,-4.373943
55.855281,-4.356405
55.859109,-4.367248
55.861298,-4.380454
55.855267,-4.361821
55.861563,-4.371888
55.857441,-4.371221
55.863633,-4.368482
55.862774,-4.366864
55.863380,-4.367588
55.862817,-4.369743
55.861460,-4.366975
55.854521,-4.355719
55.856211,-4.368813
55.862581,-4.372701
55.856704,-4.372151
55.858464,-4.375039
55.855441,-4.363525
55.856315,-4.355013
55.858075,-4.364436
55.859506,-4.363884
55.857282,-4.362199
55.857237,-4.364066
55.856755,-4.357357
55.857598,-4.357008
55.859256,-4.360033
55.859890,-4.364946
55.858611,-4.357597
55.859653,-4.359003
55.858265,-4.366701
55.859437,-4.364215
55.861958,-4.380734
55.856752,-4.373880
55.858087,-4.378260
55.868313,-4.366274
55.858348,-4.376838
55.858190,-4.363580
55.860807,-4.382134
55.856752,-4.373880
55.856752,-4.373880
55.856752,-4.373880
55.866085,-4.365722
55.862869,-4.359565
55.856997,-4.380287
55.856752,-4.373880
55.856752,-4.373880
55.856752,-4.373880
55.862854,-4.374812
55.856752,-4.373880
55.860910,-4.368460
55.863167,-4.379082
55.856752,-4.373880
55.856752,-4.373880
55.856752,-4.373880
55.856752,-4.373880
55.856752,-4.373880
55.856752,-4.373880
55.856752,-4.373880
55.825509,-4.348249
55.824768,-4.346528
55.826421,-4.348480
55.826099,-4.349785
55.825186,-4.351471
55.825534,-4.353008
55.825515,-4.351698
55.829164,-4.350737
55.828975,-4.353552
55.826851,-4.349974
55.827894,-4.350852
55.829442,-4.352654
55.829435,-4.352078
55.826779,-4.350912
55.831146,-4.352820
55.831485,-4.353448
55.830943,-4.352169
55.829510,-4.351444
55.828715,-4.350246
55.827730,-4.350043
55.826852,-4.348505
55.831276,-4.337083
55.825771,-4.347690
55.824983,-4.345200
55.825528,-4.345360
55.826031,-4.344432
55.825987,-4.343440
55.826339,-4.343844
55.827015,-4.343725
55.826884,-4.342105
55.828415,-4.340999
55.829369,-4.340945
55.828333,-4.341521
55.827543,-4.341490
55.827010,-4.342559
55.827463,-4.343305
55.828019,-4.345718
55.828497,-4.346114
55.828998,-4.345298
55.828681,-4.343522
55.830359,-4.340861
55.827612,-4.344911
55.829153,-4.344700
55.828093,-4.344237
55.830162,-4.340322
55.829957,-4.339303
55.830721,-4.338854
55.831319,-4.339034
55.830678,-4.337303
55.830129,-4.336424
55.830140,-4.338644
55.824689,-4.344112
55.829966,-4.336973
55.825405,-4.342830
55.826498,-4.341155
55.828311,-4.339843
55.828898,-4.338298
55.828394,-4.339289
55.828235,-4.338178
55.827850,-4.337149
55.827251,-4.339844
55.826828,-4.338924
55.825996,-4.338682
55.827391,-4.339070
55.825086,-4.339761
55.824408,-4.337613
55.825420,-4.340149
55.826058,-4.339229
55.826372,-4.340669
55.826011,-4.341701
55.825233,-4.342421
55.824639,-4.342002
55.825228,-4.341255
55.824833,-4.340337
55.824429,-4.339802
55.824189,-4.339197
55.824068,-4.339908
55.824335,-4.340499
55.824321,-4.342174
55.824750,-4.339023
55.824972,-4.347163
55.824885,-4.343262
55.827274,-4.347589
55.827446,-4.347056
55.827924,-4.347899
55.828669,-4.348423
55.828721,-4.348985
55.828716,-4.346430
55.829728,-4.346635
55.830252,-4.347880
55.830352,-4.346896
55.829724,-4.345900
55.831372,-4.346670
55.830520,-4.346060
55.831919,-4.345314
55.831343,-4.347706
55.831989,-4.346803
55.832024,-4.347827
55.832584,-4.347206
55.832521,-4.345302
55.830879,-4.345650
55.833134,-4.346633
55.833123,-4.347670
55.834196,-4.347495
55.834824,-4.348491
55.834973,-4.350097
55.833647,-4.348500
55.832863,-4.348117
55.831242,-4.350159
55.831218,-4.349535
55.829405,-4.347542
55.832090,-4.339607
55.831287,-4.348262
55.832604,-4.339989
55.832719,-4.341050
55.835040,-4.340487
55.834168,-4.339508
55.834876,-4.339647
55.835345,-4.342406
55.836037,-4.346137
55.835704,-4.346165
55.835397,-4.345779
55.835048,-4.342883
55.834678,-4.341535
55.834914,-4.340927
55.833597,-4.341662
55.835109,-4.345793
55.834668,-4.343004
55.833506,-4.346447
55.832670,-4.343634
55.833726,-4.340536
55.834217,-4.343121
55.832412,-4.342054
55.832228,-4.340877
55.833385,-4.358385
55.834557,-4.359638
55.840273,-4.360096
55.834957,-4.362185
55.835636,-4.360550
55.834881,-4.360536
55.835469,-4.359885
55.836012,-4.359231
55.837257,-4.358045
55.838554,-4.358363
55.839365,-4.357757
55.839530,-4.359476
55.837114,-4.356135
55.839297,-4.358967
55.836915,-4.356635
55.836028,-4.358370
55.835468,-4.358975
55.835130,-4.358331
55.834867,-4.359385
55.833871,-4.355540
55.832980,-4.351893
55.832980,-4.351893
55.833657,-4.351263
55.832606,-4.354985
55.832893,-4.355018
55.832229,-4.357293
55.830879,-4.355056
55.830882,-4.353459
55.830213,-4.355095
55.829813,-4.354401
55.833406,-4.356837
55.830736,-4.356389
55.832005,-4.361464
55.832155,-4.359269
55.832313,-4.361834
55.832515,-4.359243
55.832758,-4.358762
55.832891,-4.360288
55.832570,-4.361083
55.833575,-4.360696
55.833955,-4.360081
55.833160,-4.354651
55.833974,-4.360960
55.831233,-4.353943
55.833335,-4.360059
55.836423,-4.341017
55.837186,-4.343379
55.836366,-4.341637
55.835845,-4.342564
55.837018,-4.343752
55.836410,-4.345920
55.835452,-4.348577
55.838613,-4.351994
55.839298,-4.350965
55.839979,-4.350575
55.838906,-4.352618
55.836474,-4.354787
55.836282,-4.350735
55.836959,-4.353411
55.838617,-4.355508
55.835783,-4.352845
55.835739,-4.351389
55.837122,-4.354267
55.835979,-4.351100
55.837249,-4.346673
55.837634,-4.342543
55.838290,-4.343493
55.839662,-4.347888
55.839005,-4.347929
55.838582,-4.346082
55.838218,-4.344910
55.839184,-4.347013
55.839706,-4.349344
55.839442,-4.349999
55.838074,-4.343959
55.837410,-4.342993
55.838699,-4.357349
55.837821,-4.357184
55.838125,-4.355414
55.837970,-4.355037
55.839076,-4.355008
55.839420,-4.354901
55.838934,-4.353530
55.837397,-4.354460
55.837457,-4.356013
55.838775,-4.356683
55.839751,-4.355928
55.839393,-4.352568
55.839799,-4.352481
55.839822,-4.354095
55.839836,-4.355246
55.824095,-4.346487
55.824018,-4.347249
55.821779,-4.342133
55.821779,-4.342133
55.823817,-4.348833
55.823405,-4.349703
55.822945,-4.351176
55.820023,-4.350760
55.821506,-4.353579
55.820548,-4.352931
55.820677,-4.350895
55.821264,-4.350260
55.821300,-4.352146
55.820872,-4.350061
55.821703,-4.350350
55.822005,-4.351470
55.822824,-4.348119
55.822555,-4.349029
55.823542,-4.348146
55.823462,-4.349052
55.822658,-4.350200
55.822766,-4.350654
55.820381,-4.354150
55.819925,-4.353516
55.820838,-4.357961
55.819141,-4.354123
55.818864,-4.353069
55.821331,-4.350967
55.820545,-4.357784
55.820201,-4.355560
55.819621,-4.353913
55.818994,-4.351911
55.818865,-4.352590
55.818100,-4.352176
55.818727,-4.351336
55.820549,-4.349594
55.821072,-4.349482
55.821401,-4.348752
55.822751,-4.347684
55.818071,-4.346620
55.821914,-4.348687
55.817595,-4.359744
55.817767,-4.359228
55.818220,-4.361841
55.822829,-4.349269
55.822188,-4.349901
55.816273,-4.360255
55.822739,-4.346438
55.816855,-4.358039
55.821600,-4.344437
55.823218,-4.344870
55.821083,-4.344678
55.820301,-4.345157
55.819849,-4.345769
55.819133,-4.345614
55.818975,-4.346818
55.818881,-4.347514
55.819304,-4.348402
55.820239,-4.347452
55.820014,-4.346976
55.820552,-4.346577
55.821393,-4.346341
55.821241,-4.345805
55.820513,-4.345825
55.821361,-4.347041
55.819478,-4.347295
55.821540,-4.347579
55.821480,-4.345069
55.819086,-4.353242
55.818576,-4.354999
55.820127,-4.357088
55.819156,-4.358945
55.819662,-4.357858
55.819398,-4.358513
55.817128,-4.355534
55.818036,-4.357824
55.817116,-4.357082
55.817530,-4.355191
55.818802,-4.359131
55.820240,-4.360080
55.815694,-4.341161
55.818480,-4.350619
55.819215,-4.349290
55.820396,-4.348659
55.820171,-4.348199
55.818289,-4.350240
55.816859,-4.350761
55.816309,-4.350408
55.816162,-4.348691
55.816447,-4.346937
55.816809,-4.348699
55.815903,-4.351437
55.816481,-4.348902
55.815627,-4.352219
55.815461,-4.351522
55.815574,-4.349853
55.815662,-4.348039
55.817571,-4.351123
55.815507,-4.352850
55.815473,-4.353215
55.812724,-4.354119
55.813687,-4.353570
55.812563,-4.356886
55.812840,-4.351348
55.815242,-4.339426
55.815579,-4.339191
55.817638,-4.350010
55.818480,-4.349214
55.818506,-4.347380
55.818054,-4.346076
55.818091,-4.347467
55.817622,-4.348460
55.816959,-4.339864
55.816092,-4.339621
55.815357,-4.339034
55.817400,-4.345031
55.814632,-4.340315
55.816114,-4.340819
55.816674,-4.344460
55.816453,-4.344734
55.816024,-4.342250
55.815448,-4.341849
55.815947,-4.345837
55.815012,-4.343035
55.812281,-4.340110
55.813092,-4.340462
55.815069,-4.345705
55.814702,-4.343240
55.815219,-4.342521
55.816163,-4.345339
55.817342,-4.348555
55.814524,-4.344586
55.812863,-4.339267
55.814853,-4.344271
55.818129,-4.345442
55.818053,-4.344735
55.816941,-4.341763
55.814550,-4.338012
55.816208,-4.362246
55.816569,-4.361247
55.815239,-4.360272
55.817233,-4.351454
55.816018,-4.352929
55.815354,-4.355682
55.816179,-4.353465
55.816528,-4.353965
55.816130,-4.356942
55.815471,-4.358514
55.815070,-4.357836
55.814996,-4.360305
55.814605,-4.360042
55.814324,-4.357870
55.814505,-4.359190
55.814161,-4.359792
55.813382,-4.356824
55.817713,-4.356894
55.814700,-4.357462
55.815726,-4.358769
55.817221,-4.356274
55.816372,-4.357436
55.817249,-4.354344
55.816909,-4.354291
55.817527,-4.352972
55.818311,-4.353801
55.817851,-4.354859
55.812755,-4.344001
55.813087,-4.344053
55.813367,-4.342075
55.812408,-4.344284
55.813383,-4.345044
55.814119,-4.344610
55.813369,-4.346225
55.813858,-4.345536
55.813563,-4.342629
55.814134,-4.340988
55.813064,-4.341929
55.813953,-4.340594
55.833135,-4.362075
55.819169,-4.363910
55.806718,-4.354682
55.815097,-4.365308
55.818277,-4.366347
55.815576,-4.361474
55.818755,-4.366248
55.815266,-4.366371
55.814680,-4.364596
55.815955,-4.363716
55.815518,-4.364455
55.816246,-4.363510
55.809911,-4.360189
55.824682,-4.368396
55.827363,-4.374291
55.814004,-4.365640
55.815714,-4.364116
55.814430,-4.363575
55.815118,-4.363298
55.806606,-4.350685
55.806223,-4.358498
55.807979,-4.342788
55.823766,-4.358058
55.825487,-4.363911
55.806694,-4.342280
55.807170,-4.343250
55.829090,-4.365854
55.819495,-4.365622
55.814363,-4.360506
55.812835,-4.359105
55.813025,-4.362293
55.804966,-4.352773
55.812636,-4.361950
55.814667,-4.361530
55.829185,-4.364614
55.813253,-4.360758
55.819763,-4.364793
55.829663,-4.368731
55.822505,-4.369429
55.821827,-4.362619
55.822068,-4.363655
55.822259,-4.362581
55.822562,-4.361322
55.822737,-4.362482
55.823969,-4.362461
55.823166,-4.361215
55.822998,-4.360135
55.823375,-4.360190
55.824151,-4.360924
55.823499,-4.361188
55.823272,-4.362706
55.824822,-4.362960
55.824068,-4.362930
55.823667,-4.360415
55.822639,-4.362939
55.823848,-4.363619
55.822482,-4.363616
55.821305,-4.366850
55.823042,-4.363922
55.822655,-4.364888
55.822387,-4.365271
55.821592,-4.366899
55.821055,-4.368176
55.823376,-4.367119
55.823220,-4.365896
55.821922,-4.367015
55.823884,-4.355176
55.823655,-4.356822
55.822610,-4.365859
55.829118,-4.356434
55.799892,-4.344552
55.822015,-4.364083
55.822065,-4.368908
55.824096,-4.356322
55.821765,-4.368650
55.821555,-4.370665
55.821480,-4.368042
55.825257,-4.359522
55.824979,-4.359936
55.824172,-4.358929
55.824668,-4.361163
55.824394,-4.359502
55.824812,-4.362081
55.824300,-4.358314
55.825574,-4.359397
55.826053,-4.360640
55.826493,-4.362566
55.825870,-4.362209
55.824492,-4.360018
55.827358,-4.361948
55.827107,-4.361438
55.827469,-4.360374
55.828603,-4.361257
55.825763,-4.359840
55.828302,-4.360568
55.829426,-4.359599
55.829924,-4.360299
55.830331,-4.359733
55.829916,-4.358415
55.825078,-4.357611
55.826901,-4.357673
55.825806,-4.356681
55.825311,-4.356699
55.825907,-4.358412
55.827290,-4.358495
55.828084,-4.356899
55.828539,-4.358986
55.827418,-4.357896
55.827870,-4.359169
55.810234,-4.340482
55.809761,-4.343119
55.808951,-4.343661
55.808645,-4.344169
55.807678,-4.343951
55.829306,-4.362066
55.807445,-4.341575
55.807718,-4.340906
55.820989,-4.368794
55.821086,-4.369359
55.821191,-4.369972
55.824968,-4.369850
55.825799,-4.368719
55.827286,-4.373632
55.827121,-4.370077
55.827953,-4.369808
55.797651,-4.342391
55.808648,-4.342110
55.827708,-4.370400
55.808024,-4.341834
55.797487,-4.344392
55.809761,-4.341268
55.807129,-4.340248
55.805058,-4.354996
55.809276,-4.341717
55.809174,-4.340466
55.828262,-4.364047
55.804158,-4.354160
55.809021,-4.360183
55.804758,-4.346760
55.829061,-4.357501
55.809407,-4.359297
55.800494,-4.339850
55.808517,-4.356019
55.808298,-4.351984
55.808558,-4.340238
55.826967,-4.364559
55.826533,-4.365603
55.824588,-4.365341
55.823935,-4.364231
55.828546,-4.364687
55.807704,-4.362306
55.809165,-4.361596
55.808933,-4.363370
55.809675,-4.361276
55.825953,-4.364945
55.809737,-4.365062
55.810683,-4.365407
55.810330,-4.364109
55.810289,-4.363436
55.809011,-4.363997
55.808333,-4.364690
55.808690,-4.358711
55.811584,-4.363419
55.828268,-4.367480
55.827252,-4.367451
55.827823,-4.368140
55.828900,-4.366832
55.811459,-4.359612
55.805350,-4.352891
55.810644,-4.340203
55.810731,-4.338900
55.810566,-4.337693
55.810134,-4.335832
55.809263,-4.335780
55.823222,-4.358792
55.809051,-4.346907
55.828026,-4.366013
55.809067,-4.338050
55.799676,-4.341779
55.826460,-4.363778
55.799004,-4.341675
55.814370,-4.366700
55.797533,-4.345767
55.815908,-4.366602
55.800053,-4.343684
55.815424,-4.367498
55.814597,-4.368901
55.814155,-4.368969
55.810725,-4.334526
55.807115,-4.352248
55.810302,-4.336927
55.813124,-4.368380
55.813081,-4.366414
55.805859,-4.353098
55.798058,-4.343644
55.809809,-4.336339
55.813390,-4.367151
55.811414,-4.350688
55.809563,-4.337010
55.806530,-4.352324
55.810444,-4.344086
55.800837,-4.336982
55.809694,-4.345222
55.806186,-4.354330
55.810167,-4.346846
55.798968,-4.337429
55.800505,-4.337872
55.807469,-4.349237
55.800087,-4.337623
55.810319,-4.348723
55.804742,-4.340966
55.802861,-4.339210
55.808391,-4.346181
55.805385,-4.350627
55.807056,-4.352978
55.810478,-4.351238
55.808672,-4.349310
55.800011,-4.339294
55.809462,-4.350778
55.831188,-4.368903
55.830212,-4.369163
55.800733,-4.337710
55.799550,-4.339905
55.811057,-4.352901
55.800114,-4.341885
55.810546,-4.349550
55.830974,-4.365569
55.831728,-4.364641
55.831065,-4.364536
55.830124,-4.363968
55.832402,-4.367460
55.833085,-4.367023
55.810677,-4.347403
55.831647,-4.367015
55.810643,-4.355764
55.807445,-4.351007
55.830907,-4.366683
55.830696,-4.366430
55.832904,-4.369854
55.805863,-4.355236
55.834747,-4.372186
55.830905,-4.362610
55.819509,-4.370955
55.818588,-4.364689
55.817915,-4.364138
55.817880,-4.371111
55.816805,-4.374175
55.816952,-4.380968
55.799299,-4.343145
55.819294,-4.372794
55.813325,-4.375192
55.829045,-4.363983
55.835333,-4.366473
55.835410,-4.362021
55.835941,-4.365264
55.832982,-4.363008
55.798498,-4.341772
55.835038,-4.370607
55.834215,-4.369008
55.834062,-4.370404
55.803525,-4.349654
55.803548,-4.348442
55.806926,-4.354614
55.803138,-4.347811
55.823165,-4.368767
55.823395,-4.367999
55.802046,-4.349469
55.811079,-4.343278
55.802424,-4.350832
55.802636,-4.351036
55.811359,-4.343710
55.802256,-4.343131
55.802335,-4.344189
55.811541,-4.358612
55.834265,-4.370113
55.805655,-4.359516
55.805682,-4.360907
55.806518,-4.363718
55.805417,-4.363492
55.805000,-4.359908
55.806426,-4.337477
55.807792,-4.338452
55.809409,-4.339459
55.801861,-4.344559
55.803790,-4.344707
55.798594,-4.342911
55.802643,-4.346409
55.802898,-4.343887
55.802619,-4.345770
55.802016,-4.346770
55.807098,-4.338554
55.802057,-4.345576
55.805123,-4.356341
55.806314,-4.358902
55.807003,-4.358114
55.806466,-4.338708
55.806464,-4.356709
55.807175,-4.357103
55.807126,-4.359685
55.804571,-4.356531
55.803541,-4.346463
55.803076,-4.346355
55.797460,-4.340162
55.807021,-4.361402
55.806996,-4.355656
55.800715,-4.344793
55.800944,-4.347392
55.805704,-4.356934
55.801328,-4.346569
55.797490,-4.340451
55.801236,-4.348080
55.800534,-4.346282
55.797013,-4.338109
55.797327,-4.337697
55.801482,-4.350265
55.809759,-4.338506
55.797803,-4.339114
55.796950,-4.338600
55.802964,-4.361093
55.804739,-4.362254
55.803945,-4.361519
55.804766,-4.360883
55.803108,-4.356394
55.803667,-4.359125
55.803597,-4.359951
55.809595,-4.356978
55.807933,-4.358378
55.809206,-4.354321
55.808792,-4.355270
55.807969,-4.356465
55.832875,-4.363928
55.810078,-4.362242
55.810338,-4.361380
55.810364,-4.360025
55.800112,-4.344374
55.824197,-4.347292
55.824197,-4.347292
55.824197,-4.347292
55.824197,-4.347292
55.824197,-4.347292
55.821992,-4.332296
55.821992,-4.332296
55.821992,-4.332296
55.874947,-4.224093
55.874947,-4.224093
55.874947,-4.224093
55.874947,-4.224093
55.821992,-4.332296
55.874947,-4.224093
55.821992,-4.332296
55.821992,-4.332296
55.821992,-4.332296
55.821992,-4.332296
55.931814,-4.485996
55.932768,-4.492158
55.932101,-4.477545
55.930357,-4.480684
55.930778,-4.481639
55.931114,-4.486368
55.929713,-4.476976
55.921808,-4.443947
55.921473,-4.442693
55.921224,-4.441669
55.930692,-4.484564
55.923304,-4.444617
55.922647,-4.444672
55.921645,-4.445809
55.921917,-4.446130
55.920753,-4.444088
55.917439,-4.451226
55.931470,-4.491034
55.931447,-4.488599
55.931474,-4.488600
55.931732,-4.494493
55.931747,-4.497728
55.917680,-4.451737
55.931137,-4.496344
55.931415,-4.493704
55.931495,-4.499537
55.931221,-4.494876
55.917511,-4.451662
55.922021,-4.456253
55.922179,-4.455095
55.921747,-4.455115
55.920975,-4.455066
55.920800,-4.454367
55.921483,-4.449865
55.921222,-4.449464
55.921103,-4.450001
55.921286,-4.450316
55.920973,-4.450681
55.921775,-4.452844
55.920528,-4.452269
55.921038,-4.452365
55.920518,-4.454989
55.919568,-4.454417
55.921388,-4.452403
55.917932,-4.449032
55.917533,-4.449647
55.917095,-4.449075
55.917035,-4.447135
55.917116,-4.445764
55.916594,-4.444002
55.916726,-4.445947
55.916818,-4.448098
55.916503,-4.448590
55.917097,-4.443570
55.917837,-4.444737
55.917191,-4.444696
55.917152,-4.443958
55.917743,-4.445419
55.917806,-4.448592
55.918637,-4.448388
55.918291,-4.448127
55.919459,-4.457643
55.918072,-4.446960
55.920340,-4.454450
55.919759,-4.453853
55.920468,-4.453034
55.919806,-4.452848
55.920627,-4.454068
55.919085,-4.453874
55.925405,-4.453794
55.929580,-4.456235
55.929729,-4.453747
55.919493,-4.446010
55.923984,-4.442963
55.918829,-4.446864
55.918714,-4.445848
55.919851,-4.451058
55.918720,-4.452795
55.918547,-4.451088
55.918238,-4.451724
55.925270,-4.459180
55.924810,-4.460191
55.924007,-4.457643
55.924563,-4.457679
55.924139,-4.458644
55.924665,-4.459334
55.925661,-4.458500
55.925386,-4.462357
55.926311,-4.462416
55.925884,-4.463525
55.926041,-4.464255
55.925468,-4.459625
55.925652,-4.464375
55.926358,-4.468614
55.928184,-4.472092
55.926300,-4.463391
55.928076,-4.472998
55.925601,-4.460146
55.919832,-4.448400
55.920448,-4.447702
55.920909,-4.449380
55.920196,-4.450407
55.920063,-4.449439
55.918787,-4.449854
55.919433,-4.451256
55.923834,-4.456368
55.923452,-4.456600
55.925036,-4.456060
55.919133,-4.449620
55.924567,-4.455678
55.924574,-4.455326
55.924612,-4.454784
55.923922,-4.454677
55.925250,-4.457514
55.924415,-4.452499
55.926807,-4.459614
55.925813,-4.457197
55.925929,-4.459062
55.926747,-4.464893
55.926526,-4.465599
55.927253,-4.464749
55.927164,-4.468729
55.927831,-4.469972
55.933173,-4.465781
55.927790,-4.464431
55.927517,-4.464557
55.922061,-4.447484
55.923328,-4.446571
55.928624,-4.470343
55.922085,-4.448542
55.921279,-4.447483
55.921274,-4.446378
55.917416,-4.441958
55.917652,-4.442324
55.918529,-4.443388
55.918485,-4.444282
55.903583,-4.401378
55.903583,-4.401378
55.903583,-4.401378
55.903583,-4.401378
55.903583,-4.401378
55.903583,-4.401378
55.903583,-4.401378
55.908377,-4.327256
55.906942,-4.326178
55.905831,-4.325487
55.904284,-4.324579
55.903046,-4.323529
55.900986,-4.322686
55.901883,-4.324195
55.902538,-4.324730
55.902802,-4.326458
55.903153,-4.325455
55.902051,-4.322893
55.903254,-4.324405
55.904109,-4.325800
55.904972,-4.325788
55.905137,-4.327509
55.904072,-4.327238
55.905390,-4.329317
55.906801,-4.329801
55.908369,-4.329095
55.907437,-4.328943
55.907488,-4.327202
55.906008,-4.321850
55.910403,-4.328001
55.906611,-4.326542
55.906392,-4.329089
55.906874,-4.327854
55.905786,-4.327388
55.906704,-4.324483
55.906504,-4.327463
55.906539,-4.318938
55.907005,-4.323285
55.906843,-4.319004
55.907472,-4.321393
55.907660,-4.323325
55.907397,-4.324909
55.908309,-4.323235
55.908422,-4.321066
55.908932,-4.320248
55.907770,-4.319395
55.907237,-4.317635
55.907920,-4.317164
55.908459,-4.319116
55.908953,-4.321978
55.911764,-4.333987
55.913196,-4.334746
55.913616,-4.337731
55.912999,-4.339454
55.912466,-4.336766
55.912261,-4.334801
55.911962,-4.337264
55.912374,-4.339737
55.911965,-4.339504
55.912301,-4.340725
55.911428,-4.341760
55.912504,-4.341873
55.912447,-4.342478
55.913909,-4.341238
55.912652,-4.344490
55.911889,-4.346781
55.912335,-4.344119
55.912308,-4.343173
55.912092,-4.345577
55.913351,-4.342724
55.911819,-4.345272
55.911537,-4.346375
55.911610,-4.343531
55.911236,-4.346133
55.910688,-4.342852
55.909459,-4.345546
55.910613,-4.344431
55.909526,-4.348142
55.909929,-4.346854
55.904651,-4.333208
55.897352,-4.320005
55.899080,-4.321276
55.909186,-4.347641
55.899725,-4.322818
55.901177,-4.326840
55.902795,-4.330649
55.904478,-4.333806
55.898109,-4.320850
55.905321,-4.332976
55.906637,-4.333695
55.907433,-4.333471
55.908668,-4.333257
55.906761,-4.331943
55.905338,-4.331617
55.904305,-4.331587
55.902868,-4.329597
55.903292,-4.329559
55.908644,-4.332600
55.901115,-4.324885
55.908545,-4.346338
55.908153,-4.346171
55.909420,-4.344743
55.909717,-4.343305
55.909511,-4.343773
55.909447,-4.342873
55.908745,-4.343854
55.908674,-4.342858
55.907536,-4.345046
55.907952,-4.344927
55.907173,-4.347632
55.908174,-4.348396
55.907769,-4.346964
55.907296,-4.341607
55.907185,-4.342720
55.907122,-4.344636
55.907913,-4.347932
55.907891,-4.341995
55.910304,-4.343164
55.910100,-4.342096
55.909412,-4.341414
55.907457,-4.343553
55.908609,-4.341126
55.907831,-4.340887
55.906585,-4.340748
55.911019,-4.331094
55.910552,-4.335819
55.911069,-4.327977
55.911089,-4.339723
55.911195,-4.336977
55.908985,-4.336444
55.908521,-4.336257
55.908151,-4.337754
55.908467,-4.339117
55.909597,-4.337329
55.910664,-4.337458
55.910191,-4.338741
55.908943,-4.340074
55.910163,-4.340196
55.907827,-4.339703
55.908894,-4.338871
55.907197,-4.339233
55.907769,-4.337987
55.907063,-4.336825
55.907944,-4.336382
55.905591,-4.335328
55.907921,-4.335660
55.906825,-4.335659
55.908890,-4.335767
55.911751,-4.330386
55.912228,-4.332751
55.911964,-4.331503
55.913662,-4.333893
55.914348,-4.335183
55.915313,-4.334521
55.911254,-4.326708
55.912473,-4.329773
55.899615,-4.325803
55.900204,-4.326990
55.899134,-4.320351
55.898635,-4.319602
55.899159,-4.319953
55.900133,-4.320747
55.909808,-4.325709
55.910244,-4.322167
55.898975,-4.318742
55.907236,-4.315315
55.909229,-4.325451
55.909573,-4.323871
55.907569,-4.314823
55.905576,-4.340351
55.904961,-4.341034
55.905274,-4.340637
55.905857,-4.340240
55.906350,-4.346014
55.910357,-4.331855
55.909974,-4.331688
55.906030,-4.344395
55.909918,-4.330852
55.910290,-4.329706
55.898050,-4.318703
55.909925,-4.330485
55.909881,-4.329938
55.910551,-4.329690
55.909996,-4.334329
55.910279,-4.333626
55.919513,-4.320561
55.919172,-4.317691
55.918834,-4.320344
55.920204,-4.313960
55.918303,-4.316583
55.918863,-4.310183
55.919591,-4.310210
55.920650,-4.310273
55.918021,-4.309077
55.917224,-4.308933
55.918068,-4.309928
55.917239,-4.310534
55.917299,-4.306889
55.918491,-4.308464
55.920524,-4.307433
55.917196,-4.308019
55.920204,-4.309606
55.920564,-4.308155
55.921121,-4.307228
55.921522,-4.307876
55.921252,-4.308853
55.921002,-4.309270
55.918150,-4.319423
55.920537,-4.311979
55.917552,-4.311561
55.919408,-4.310839
55.919976,-4.313146
55.918420,-4.312749
55.921757,-4.305889
55.918733,-4.311407
55.920140,-4.319270
55.917410,-4.323908
55.916928,-4.326120
55.917756,-4.326057
55.917652,-4.327731
55.915758,-4.328546
55.916518,-4.329264
55.915638,-4.324458
55.916762,-4.323965
55.916545,-4.322128
55.913194,-4.321559
55.916140,-4.328809
55.911593,-4.323048
55.912264,-4.322720
55.913125,-4.322339
55.913973,-4.322694
55.915431,-4.321613
55.913086,-4.322977
55.914425,-4.323985
55.913571,-4.323982
55.914248,-4.325255
55.915201,-4.324752
55.915354,-4.323289
55.914676,-4.322096
55.918104,-4.322381
55.917197,-4.322327
55.916985,-4.314984
55.915977,-4.312636
55.915946,-4.311434
55.915136,-4.311033
55.914407,-4.309630
55.916278,-4.319119
55.914104,-4.310956
55.914222,-4.312307
55.915120,-4.312345
55.915644,-4.314616
55.916367,-4.316292
55.915855,-4.316741
55.915653,-4.316009
55.914793,-4.315862
55.915072,-4.318711
55.913349,-4.311903
55.913866,-4.314030
55.914303,-4.318489
55.914849,-4.320538
55.914762,-4.314180
55.920108,-4.328087
55.910821,-4.322522
55.910327,-4.322988
55.910935,-4.323184
55.910190,-4.319780
55.910483,-4.319477
55.910905,-4.318094
55.910323,-4.315083
55.910023,-4.316217
55.909560,-4.317438
55.909206,-4.314281
55.908382,-4.314600
55.908597,-4.313188
55.907907,-4.313579
55.907303,-4.314135
55.909136,-4.316069
55.907649,-4.313452
55.908396,-4.312440
55.909353,-4.312209
55.910179,-4.311282
55.907602,-4.314505
55.909749,-4.312633
55.910318,-4.312507
55.910930,-4.311967
55.911035,-4.309717
55.911339,-4.311735
55.912193,-4.312202
55.911368,-4.313513
55.910722,-4.313939
55.910070,-4.313708
55.909766,-4.315066
55.909330,-4.313424
55.911582,-4.317895
55.911342,-4.314424
55.911999,-4.313935
55.912119,-4.318039
55.912417,-4.317944
55.911652,-4.321819
55.912567,-4.320482
55.913693,-4.320853
55.913895,-4.318209
55.913476,-4.314231
55.913030,-4.311644
55.914163,-4.315904
55.913018,-4.315628
55.912682,-4.313896
55.912836,-4.318161
55.912419,-4.315496
55.909856,-4.310783
55.910758,-4.309621
55.911075,-4.306615
55.920254,-4.329872
55.910934,-4.304575
55.910486,-4.307364
55.911602,-4.303942
55.912712,-4.304648
55.911963,-4.305292
55.912779,-4.305852
55.912117,-4.307125
55.911683,-4.308236
55.912658,-4.307029
55.913629,-4.306559
55.915920,-4.307095
55.914875,-4.306265
55.916655,-4.306675
55.916821,-4.309373
55.916478,-4.309929
55.915145,-4.307657
55.914079,-4.307466
55.914363,-4.308619
55.917181,-4.307410
55.915135,-4.309609
55.914052,-4.309897
55.913959,-4.308147
55.913565,-4.311404
55.913327,-4.308285
55.913583,-4.306636
55.913950,-4.304274
55.919293,-4.321764
55.919770,-4.322689
55.920426,-4.323128
55.920150,-4.325881
55.912924,-4.310582
55.919483,-4.322143
55.914621,-4.304458
55.913299,-4.325070
55.910744,-4.324213
55.920257,-4.323982
55.911317,-4.323415
55.911175,-4.324255
55.912046,-4.323843
55.910905,-4.325695
55.911232,-4.325026
55.912095,-4.325510
55.915341,-4.327785
55.912759,-4.327486
55.914142,-4.327521
55.916938,-4.330777
55.916039,-4.332708
55.912177,-4.326875
55.914404,-4.329361
55.915365,-4.331771
55.918187,-4.329380
55.917992,-4.330201
55.915426,-4.329486
55.917417,-4.330182
55.912875,-4.325589
55.912780,-4.328736
55.913566,-4.328495
55.918130,-4.323391
55.918420,-4.322288
55.918954,-4.322592
55.918617,-4.324700
55.919425,-4.326189
55.920279,-4.331874
55.919684,-4.332943
55.918580,-4.322858
55.919634,-4.333212
55.919665,-4.332510
55.918629,-4.330751
55.918213,-4.333239
55.919328,-4.331801
55.918098,-4.331711
55.926170,-4.301573
55.921451,-4.316915
55.918175,-4.320529
55.908310,-4.302163
55.917337,-4.320639
55.914745,-4.326981
55.919513,-4.320561
55.926824,-4.336990
55.926086,-4.336577
55.925002,-4.335888
55.927429,-4.335426
55.927413,-4.330542
55.927671,-4.331198
55.928447,-4.339537
55.929853,-4.340262
55.931232,-4.341034
55.932785,-4.341608
55.928795,-4.338277
55.927641,-4.337487
55.930834,-4.333581
55.930621,-4.332944
55.925396,-4.337384
55.931329,-4.339695
55.927667,-4.346998
55.922405,-4.333042
55.923641,-4.330412
55.923036,-4.328182
55.923979,-4.330608
55.923981,-4.333842
55.925835,-4.329407
55.924664,-4.333370
55.925451,-4.333097
55.924506,-4.334593
55.923983,-4.336067
55.923764,-4.334389
55.926012,-4.333820
55.925273,-4.332030
55.925795,-4.332974
55.925896,-4.335189
55.926660,-4.335187
55.925304,-4.334209
55.927543,-4.327476
55.926905,-4.330816
55.927068,-4.334059
55.925286,-4.328990
55.925217,-4.330234
55.926343,-4.331054
55.931354,-4.310782
55.930742,-4.317038
55.926776,-4.314272
55.925799,-4.315574
55.924617,-4.316768
55.926026,-4.317845
55.925772,-4.317509
55.929677,-4.316334
55.924909,-4.318002
55.923587,-4.321396
55.924026,-4.318606
55.923738,-4.317676
55.924477,-4.319481
55.922996,-4.317904
55.921210,-4.319718
55.922645,-4.318875
55.921506,-4.318311
55.930828,-4.314865
55.930067,-4.315637
55.931214,-4.315849
55.931460,-4.313734
55.927732,-4.312215
55.928434,-4.314066
55.928213,-4.314838
55.930604,-4.310962
55.930241,-4.316880
55.929663,-4.311770
55.929101,-4.316844
55.929728,-4.316961
55.928214,-4.316663
55.928840,-4.319742
55.929925,-4.310745
55.929277,-4.319400
55.929277,-4.321785
55.929003,-4.323481
55.929038,-4.311093
55.929248,-4.312370
55.928887,-4.312412
55.928887,-4.312412
55.929331,-4.323213
55.929635,-4.321902
55.929893,-4.323471
55.930094,-4.324699
55.930369,-4.321098
55.930044,-4.319750
55.930408,-4.322333
55.930916,-4.322571
55.929830,-4.320585
55.930231,-4.318416
55.930984,-4.319454
55.927745,-4.336277
55.931442,-4.338981
55.928516,-4.337348
55.929413,-4.337882
55.929938,-4.338186
55.932833,-4.340010
55.932865,-4.338811
55.931732,-4.337910
55.932592,-4.335688
55.931078,-4.335901
55.930316,-4.336704
55.930762,-4.335962
55.930161,-4.333989
55.930120,-4.332850
55.930004,-4.336605
55.930385,-4.338757
55.929531,-4.335456
55.929392,-4.336648
55.928644,-4.336283
55.929067,-4.335780
55.930194,-4.335128
55.928611,-4.334680
55.929474,-4.333756
55.929063,-4.334067
55.928981,-4.332733
55.930517,-4.325141
55.928693,-4.332716
55.928194,-4.332014
55.928999,-4.329885
55.928689,-4.330090
55.929670,-4.332423
55.929936,-4.330213
55.930894,-4.332288
55.931352,-4.334237
55.931705,-4.332209
55.929212,-4.329513
55.931946,-4.334176
55.928822,-4.333989
55.929455,-4.328551
55.931006,-4.327828
55.931221,-4.333060
55.929982,-4.327799
55.930300,-4.328074
55.930719,-4.331109
55.923068,-4.325543
55.928423,-4.321798
55.928262,-4.318907
55.928578,-4.318845
55.927200,-4.317579
55.927683,-4.315766
55.925805,-4.321929
55.925361,-4.320238
55.928619,-4.321441
55.924912,-4.320211
55.924713,-4.325049
55.923451,-4.324798
55.923451,-4.323805
55.927072,-4.320052
55.925017,-4.326588
55.925912,-4.325329
55.926054,-4.326362
55.924533,-4.326992
55.927026,-4.326293
55.926683,-4.327361
55.922341,-4.318345
55.920990,-4.328972
55.920889,-4.326693
55.922084,-4.330078
55.922370,-4.324429
55.922541,-4.324919
55.922811,-4.322471
55.923225,-4.320559
55.922643,-4.319483
55.921931,-4.326259
55.921659,-4.320657
55.922223,-4.320771
55.922152,-4.322175
55.922482,-4.323267
55.922004,-4.323367
55.921468,-4.322214
55.921519,-4.323354
55.921964,-4.324533
55.921553,-4.324412
55.921309,-4.321612
55.921892,-4.321167
55.920693,-4.320423
55.920908,-4.322389
55.919690,-4.334512
55.919812,-4.333735
55.920256,-4.334066
55.921277,-4.334719
55.920939,-4.334507
55.920900,-4.333240
55.922285,-4.336509
55.922233,-4.335497
55.922903,-4.337602
55.923606,-4.337469
55.924344,-4.338842
55.922190,-4.333494
55.925434,-4.342973
55.928044,-4.341338
55.921548,-4.332239
55.920394,-4.333418
55.925727,-4.340798
55.929114,-4.343708
55.928585,-4.344108
55.927768,-4.344539
55.936204,-4.336210
55.934504,-4.344321
55.927878,-4.343969
55.924803,-4.337877
55.919887,-4.332619
55.920204,-4.333006
55.919920,-4.333277
55.926751,-4.341276
55.922382,-4.332353
55.923336,-4.335115
55.922139,-4.332866
55.917784,-4.333101
55.917235,-4.336477
55.916788,-4.336370
55.918125,-4.341204
55.918374,-4.344628
55.915366,-4.346399
55.917846,-4.347829
55.916440,-4.340926
55.916841,-4.332612
55.916742,-4.343969
55.918102,-4.342867
55.915230,-4.336500
55.917328,-4.345301
55.917763,-4.345583
55.918622,-4.345795
55.918745,-4.345450
55.920931,-4.342045
55.922734,-4.343178
55.923711,-4.360269
55.923444,-4.346935
55.920869,-4.347195
55.920602,-4.345643
55.919841,-4.345020
55.920361,-4.347917
55.919666,-4.348531
55.921185,-4.344253
55.919298,-4.341899
55.928218,-4.349689
55.920432,-4.342783
55.918639,-4.351030
55.926067,-4.353609
55.925945,-4.356723
55.925664,-4.350223
55.925941,-4.348463
55.925458,-4.352083
55.924694,-4.351124
55.925166,-4.353714
55.924300,-4.352509
55.924578,-4.354383
55.924756,-4.354970
55.923690,-4.356634
55.925117,-4.352543
55.924347,-4.358979
55.923964,-4.359692
55.925339,-4.358799
55.925305,-4.357757
55.923422,-4.355161
55.925259,-4.356841
55.925358,-4.354990
55.925517,-4.352775
55.924964,-4.358632
55.924841,-4.357104
55.924898,-4.356003
55.926464,-4.352592
55.926397,-4.353741
55.926334,-4.354713
55.926549,-4.357528
55.926653,-4.356334
55.926482,-4.355891
55.926600,-4.348310
55.921329,-4.350408
55.922107,-4.344485
55.921939,-4.349053
55.922202,-4.348444
55.923205,-4.351915
55.922857,-4.352742
55.922528,-4.352098
55.921536,-4.352742
55.921816,-4.354567
55.921804,-4.354215
55.922676,-4.353739
55.922888,-4.357226
55.921846,-4.350168
55.923078,-4.356693
55.922956,-4.354637
55.923814,-4.352064
55.924985,-4.350950
55.922832,-4.354517
55.924171,-4.350324
55.924139,-4.351059
55.923633,-4.351188
55.923236,-4.350332
55.926394,-4.351532
55.927174,-4.351675
55.928357,-4.353235
55.929139,-4.354644
55.929205,-4.356345
55.928402,-4.357961
55.927786,-4.356803
55.928454,-4.356603
55.928626,-4.352355
55.929363,-4.357955
55.929842,-4.359265
55.930162,-4.358948
55.929666,-4.356244
55.929417,-4.353716
55.928165,-4.354841
55.927395,-4.355162
55.927848,-4.358247
55.927371,-4.354056
55.927178,-4.352844
55.928047,-4.353457
55.923772,-4.341496
55.924861,-4.340970
55.923956,-4.343204
55.922797,-4.340813
55.922856,-4.339104
55.922208,-4.339145
55.921852,-4.340884
55.922349,-4.341699
55.921950,-4.338057
55.921568,-4.338322
55.921148,-4.340538
55.930592,-4.345382
55.929513,-4.347302
55.920880,-4.337625
55.925961,-4.345518
55.925773,-4.346900
55.925218,-4.345361
55.924848,-4.342602
55.930144,-4.344346
55.923831,-4.340331
55.924779,-4.344342
55.923739,-4.344216
55.924279,-4.346073
55.924022,-4.348667
55.924526,-4.347705
55.925059,-4.347113
55.924620,-4.348447
55.925214,-4.348387
55.925400,-4.349486
55.918425,-4.335828
55.919556,-4.336376
55.919797,-4.339736
55.920452,-4.339840
55.920389,-4.337467
55.931762,-4.367403
55.918749,-4.338633
55.927972,-4.350827
55.918477,-4.339208
55.933537,-4.345976
55.927515,-4.349790
55.924206,-4.360683
55.926677,-4.370535
55.933081,-4.351985
55.934238,-4.344562
55.926338,-4.350696
55.932267,-4.346124
55.931978,-4.344345
55.932736,-4.361106
55.931571,-4.344000
55.931523,-4.344638
55.931496,-4.346541
55.931433,-4.347962
55.932253,-4.345482
55.930973,-4.348991
55.930489,-4.349378
55.929885,-4.350414
55.929194,-4.350837
55.930457,-4.351538
55.930869,-4.352523
55.931081,-4.353673
55.931166,-4.354414
55.931359,-4.356027
55.934716,-4.351556
55.935049,-4.349670
55.935760,-4.351507
55.932529,-4.350302
55.931489,-4.358629
55.931572,-4.357129
55.933187,-4.357771
55.934431,-4.353300
55.932102,-4.351989
55.933797,-4.352637
55.931160,-4.358465
55.935121,-4.346344
55.935016,-4.354216
55.935010,-4.357338
55.932172,-4.355820
55.932120,-4.355257
55.932826,-4.343692
55.933901,-4.356133
55.934442,-4.356518
55.932167,-4.353723
55.936585,-4.358650
55.932053,-4.352643
55.932697,-4.349032
55.929214,-4.348372
55.936030,-4.358072
55.931567,-4.342799
55.932965,-4.346310
55.919513,-4.320561
55.919513,-4.320561
55.919513,-4.320561
55.919513,-4.320561
55.919513,-4.320561
55.919513,-4.320561
55.932821,-4.314968
55.939133,-4.311005
55.939551,-4.311703
55.940567,-4.311651
55.941437,-4.312264
55.940142,-4.307014
55.940691,-4.310794
55.940921,-4.306228
55.939678,-4.308748
55.940477,-4.309772
55.939659,-4.310268
55.940576,-4.308321
55.936068,-4.301904
55.941208,-4.306725
55.940823,-4.317656
55.940345,-4.317739
55.940531,-4.318391
55.939615,-4.318352
55.939080,-4.318096
55.940053,-4.318474
55.940182,-4.318754
55.937069,-4.317512
55.937504,-4.318770
55.937121,-4.318107
55.937074,-4.319657
55.937096,-4.323694
55.937282,-4.327676
55.937670,-4.326659
55.937938,-4.321983
55.938188,-4.319676
55.938900,-4.322425
55.938345,-4.322792
55.938452,-4.324224
55.937456,-4.321794
55.937929,-4.324833
55.938908,-4.325804
55.938552,-4.326103
55.938251,-4.326806
55.939060,-4.323443
55.939049,-4.326917
55.938635,-4.327885
55.939004,-4.328324
55.938014,-4.327944
55.938465,-4.328788
55.936967,-4.304744
55.938027,-4.299010
55.936587,-4.294794
55.934340,-4.288032
55.931558,-4.271795
55.926438,-4.286206
55.937240,-4.301702
55.931787,-4.274482
55.932553,-4.269484
55.932527,-4.267001
55.932111,-4.266192
55.928882,-4.283324
55.934410,-4.268231
55.936333,-4.277022
55.939945,-4.272670
55.946988,-4.281075
55.946372,-4.282832
55.937101,-4.282591
55.953189,-4.274808
55.938560,-4.300803
55.939041,-4.312521
55.934198,-4.314858
55.939160,-4.310479
55.939241,-4.309074
55.939015,-4.306707
55.938975,-4.307905
55.938109,-4.308542
55.938049,-4.307434
55.937929,-4.309508
55.938578,-4.308442
55.938395,-4.311025
55.938282,-4.311771
55.936798,-4.314725
55.931994,-4.315944
55.936649,-4.317390
55.936815,-4.316664
55.936274,-4.314854
55.935683,-4.317157
55.935369,-4.316177
55.935242,-4.317178
55.933250,-4.317027
55.932683,-4.316065
55.935779,-4.316314
55.933401,-4.317597
55.933237,-4.318163
55.935222,-4.317753
55.935345,-4.318401
55.936724,-4.318195
55.936676,-4.318801
55.935873,-4.318993
55.935889,-4.317649
55.935828,-4.299344
55.936640,-4.320256
55.935238,-4.319756
55.936270,-4.320314
55.935213,-4.321099
55.936472,-4.324873
55.937259,-4.327002
55.936090,-4.327012
55.935822,-4.324530
55.935467,-4.321931
55.936508,-4.322009
55.933829,-4.322073
55.935086,-4.323526
55.933776,-4.325817
55.939748,-4.315574
55.933372,-4.324848
55.933317,-4.323948
55.934374,-4.323627
55.933528,-4.320854
55.934243,-4.321554
55.934604,-4.320022
55.933284,-4.319495
55.934636,-4.318807
55.933593,-4.323100
55.934351,-4.317237
55.936456,-4.303737
55.932349,-4.320480
55.935937,-4.298806
55.941042,-4.317461
55.941380,-4.318153
55.940661,-4.319103
55.941541,-4.320117
55.941437,-4.319422
55.939097,-4.318657
55.941943,-4.318796
55.941437,-4.319422
55.942174,-4.318922
55.937746,-4.302020
55.935860,-4.314893
55.936272,-4.313045
55.937027,-4.300568
55.939608,-4.320610
55.938919,-4.319976
55.935602,-4.300820
55.936692,-4.298323
55.939842,-4.312937
55.937972,-4.318254
55.940455,-4.319555
55.940906,-4.323762
55.943147,-4.340184
55.939113,-4.332526
55.939113,-4.332526
55.949599,-4.364263
55.942728,-4.326241
55.942938,-4.328448
55.943851,-4.328167
55.944871,-4.327459
55.944569,-4.328242
55.943403,-4.326682
55.943136,-4.327019
55.943743,-4.325838
55.944722,-4.325832
55.945223,-4.327416
55.945037,-4.328206
55.944054,-4.326977
55.943513,-4.328931
55.943159,-4.329630
55.944737,-4.328860
55.945802,-4.329116
55.946484,-4.331079
55.946601,-4.332015
55.946288,-4.331436
55.945589,-4.330385
55.945267,-4.331262
55.945942,-4.331223
55.946298,-4.332333
55.945748,-4.332909
55.946753,-4.332489
55.946091,-4.330479
55.946854,-4.332879
55.945885,-4.333270
55.945580,-4.334164
55.945383,-4.331798
55.945949,-4.334154
55.947266,-4.334394
55.946436,-4.335481
55.945288,-4.333458
55.944565,-4.332261
55.944618,-4.331368
55.944378,-4.332154
55.944934,-4.330810
55.944969,-4.329883
55.944405,-4.330714
55.944898,-4.332249
55.943923,-4.330109
55.943379,-4.330829
55.944133,-4.331322
55.943651,-4.332094
55.943013,-4.331159
55.942792,-4.331914
55.942744,-4.328741
55.942461,-4.328996
55.942599,-4.327403
55.942299,-4.326600
55.947257,-4.338622
55.947624,-4.339204
55.942313,-4.327786
55.959672,-4.363435
55.968416,-4.363007
55.951516,-4.356162
55.952373,-4.349871
55.954992,-4.347803
55.954763,-4.348013
55.956102,-4.344266
55.943046,-4.349290
55.947755,-4.346468
55.951255,-4.358053
55.946159,-4.327793
55.955282,-4.349102
55.938970,-4.335816
55.947755,-4.346468
55.946880,-4.334339
55.942104,-4.336934
55.943243,-4.339437
55.942144,-4.337641
55.947284,-4.333402
55.947574,-4.334268
55.944864,-4.324047
55.946242,-4.324354
55.946968,-4.326384
55.945787,-4.325592
55.945497,-4.325735
55.945929,-4.327154
55.946352,-4.326138
55.947191,-4.325516
55.946284,-4.324997
55.948152,-4.328425
55.948482,-4.328525
55.949010,-4.330078
55.948985,-4.328058
55.949772,-4.330156
55.949916,-4.329219
55.950387,-4.328575
55.950685,-4.328465
55.948753,-4.327019
55.947771,-4.324301
55.948659,-4.325828
55.948357,-4.324657
55.950445,-4.326432
55.948373,-4.325731
55.947961,-4.323752
55.945579,-4.323321
55.949157,-4.323744
55.949420,-4.326947
55.942319,-4.339813
55.941034,-4.336004
55.940097,-4.337549
55.942070,-4.325401
55.941306,-4.327293
55.941738,-4.327303
55.940004,-4.328704
55.941556,-4.328349
55.941465,-4.328888
55.940082,-4.329317
55.939871,-4.328120
55.940567,-4.329811
55.939966,-4.331632
55.940862,-4.332759
55.940521,-4.331762
55.941001,-4.330606
55.941492,-4.332669
55.941749,-4.332428
55.943485,-4.334711
55.943830,-4.335020
55.943628,-4.333806
55.942868,-4.334065
55.942567,-4.335264
55.941771,-4.330300
55.942388,-4.329968
55.941718,-4.329752
55.939712,-4.331297
55.942314,-4.331501
55.940146,-4.333997
55.941336,-4.334293
55.937008,-4.331246
55.937900,-4.331588
55.941534,-4.339974
55.940901,-4.337326
55.941427,-4.336140
55.941350,-4.338266
55.941430,-4.335019
55.942391,-4.335542
55.943598,-4.335406
55.944979,-4.334592
55.942893,-4.342218
55.941756,-4.345769
55.941344,-4.342861
55.944437,-4.346075
55.945499,-4.343192
55.942707,-4.344449
55.943936,-4.345052
55.946978,-4.348599
55.946498,-4.340770
55.945067,-4.336103
55.946766,-4.336574
55.944025,-4.343199
55.946222,-4.339184
55.946264,-4.349757
55.946456,-4.338237
55.945351,-4.338218
55.945367,-4.337339
55.947639,-4.337924
55.947677,-4.340681
55.947611,-4.351216
55.943015,-4.346694
55.942227,-4.346502
55.945846,-4.344815
55.946943,-4.341438
55.941684,-4.321551
55.942079,-4.320645
55.943653,-4.322469
55.943599,-4.322994
55.940966,-4.320114
55.943463,-4.323963
55.944186,-4.324711
55.943219,-4.325502
55.942721,-4.324255
55.942429,-4.324013
55.942143,-4.324893
55.941467,-4.322611
55.941263,-4.322919
55.940548,-4.320810
55.939917,-4.321877
55.940249,-4.322393
55.939683,-4.323320
55.939644,-4.324919
55.939329,-4.329192
55.939558,-4.326628
55.941771,-4.316463
55.942464,-4.316425
55.942705,-4.316007
55.943580,-4.315370
55.944086,-4.315705
55.944059,-4.314310
55.944389,-4.312984
55.945850,-4.313215
55.942579,-4.313645
55.946953,-4.312833
55.946320,-4.311161
55.945047,-4.311470
55.945944,-4.312484
55.945434,-4.313815
55.948624,-4.311923
55.947144,-4.313661
55.949415,-4.312883
55.948078,-4.316135
55.947678,-4.314894
55.944612,-4.312101
55.957312,-4.313050
55.950724,-4.309694
55.942240,-4.314954
55.942168,-4.315446
55.941516,-4.312829
55.941641,-4.311891
55.941924,-4.312180
55.943433,-4.313616
55.943363,-4.313051
55.942629,-4.311950
55.943422,-4.312334
55.943346,-4.310632
55.943535,-4.310595
55.943470,-4.311184
55.942142,-4.311537
55.941979,-4.310166
55.944756,-4.311164
55.941608,-4.308879
55.942612,-4.309963
55.942393,-4.308701
55.942209,-4.307025
55.942468,-4.313830
55.964592,-4.310152
55.972200,-4.328972
55.965594,-4.340417
55.956495,-4.332034
55.945120,-4.314741
55.946665,-4.308091
55.947071,-4.309909
55.946228,-4.307408
55.947062,-4.308002
55.948566,-4.308780
55.947776,-4.307324
55.946652,-4.304454
55.948025,-4.295390
55.944379,-4.304896
55.944443,-4.305764
55.943082,-4.308886
55.947361,-4.306883
55.943449,-4.308460
55.944531,-4.306843
55.945133,-4.306862
55.944794,-4.308140
55.942799,-4.307172
55.945590,-4.307418
55.945888,-4.307356
55.945939,-4.302186
55.961108,-4.285431
55.953379,-4.294586
55.951375,-4.289262
55.955935,-4.292462
55.961343,-4.295010
55.963086,-4.308989
55.949956,-4.319931
55.949254,-4.320979
55.946529,-4.320095
55.951754,-4.318469
55.950851,-4.315852
55.949705,-4.316585
55.950799,-4.315257
55.950190,-4.317062
55.948622,-4.317305
55.948586,-4.316326
55.948248,-4.319044
55.949050,-4.319365
55.947636,-4.317630
55.947423,-4.316545
55.949287,-4.315375
55.946988,-4.317656
55.946768,-4.318844
55.945602,-4.319671
55.944500,-4.318532
55.946438,-4.317319
55.945573,-4.318820
55.944207,-4.317890
55.945285,-4.317458
55.942839,-4.317504
55.942227,-4.317579
55.944916,-4.317916
55.942019,-4.316670
55.943377,-4.318993
55.947646,-4.319953
55.945838,-4.318116
55.943104,-4.320595
55.944035,-4.319401
55.940455,-4.319555
55.940455,-4.319555
55.940455,-4.319555
55.940455,-4.319555
55.940455,-4.319555
55.940455,-4.319555
55.940455,-4.319555
55.940455,-4.319555
55.940455,-4.319555
55.940455,-4.319555
55.940455,-4.319555
55.940455,-4.319555
55.940455,-4.319555
55.940455,-4.319555
55.940455,-4.319555
55.940455,-4.319555
56.069191,-4.435195
56.060617,-4.425578
56.083752,-4.490475
56.083183,-4.504374
56.088956,-4.506035
56.092442,-4.547774
56.098647,-4.552799
56.100126,-4.561243
56.065782,-4.443945
56.083118,-4.514673
56.157431,-4.641106
56.077673,-4.466940
56.073145,-4.496813
56.120784,-4.591609
56.064675,-4.449932
56.065078,-4.451821
56.071037,-4.337907
56.065007,-4.454451
56.041178,-4.447847
56.066582,-4.448462
56.051168,-4.423925
56.043491,-4.444943
56.063917,-4.452342
56.065013,-4.446933
56.065638,-4.452097
56.066006,-4.453518
56.065881,-4.451663
56.066130,-4.452209
56.064465,-4.450561
56.067333,-4.450036
56.068618,-4.449620
56.068226,-4.450318
56.066890,-4.449735
56.066631,-4.455518
56.067420,-4.455617
56.069129,-4.448302
56.046225,-4.447573
56.068926,-4.452210
56.069022,-4.454160
56.047549,-4.430169
56.067074,-4.451771
56.067486,-4.454111
56.067470,-4.452182
56.067797,-4.454291
56.067664,-4.453286
56.064173,-4.438991
56.068341,-4.454020
56.068394,-4.451807
56.068605,-4.451161
56.076332,-4.450350
56.078247,-4.457993
56.043134,-4.446655
56.043413,-4.446158
56.043996,-4.445296
56.045430,-4.445949
56.053249,-4.460016
56.054996,-4.452610
56.041896,-4.443349
56.042904,-4.440539
56.044050,-4.438491
56.042367,-4.438610
56.043925,-4.437552
56.039972,-4.438362
56.041573,-4.446957
56.043039,-4.452317
56.040069,-4.454761
56.044118,-4.460430
56.039240,-4.473766
56.065552,-4.464977
56.063696,-4.461179
56.068119,-4.479087
56.066606,-4.473864
56.075908,-4.489953
56.080638,-4.497812
56.072853,-4.472031
56.081171,-4.497252
56.080601,-4.501844
56.081807,-4.528233
56.073282,-4.468090
56.073447,-4.470189
56.083752,-4.537684
56.087345,-4.563850
56.087566,-4.593701
56.104003,-4.606580
56.081197,-4.629631
56.042521,-4.611470
56.063783,-4.364843
56.059388,-4.363449
56.067525,-4.353857
56.058082,-4.338601
56.060779,-4.300308
56.059894,-4.232069
56.069556,-4.243954
56.056999,-4.336945
56.078110,-4.231660
56.089162,-4.229792
56.060777,-4.301898
56.064925,-4.227235
56.071736,-4.332294
56.074893,-4.394577
56.072256,-4.410000
56.057921,-4.417811
56.052248,-4.404544
56.060194,-4.389232
56.058488,-4.397061
56.062745,-4.380506
56.081462,-4.411684
56.069724,-4.327963
56.064787,-4.397115
56.073604,-4.335701
56.072595,-4.333952
56.073156,-4.331817
56.072836,-4.331203
56.072220,-4.334749
56.071687,-4.334894
56.071921,-4.333478
56.070985,-4.335414
56.070602,-4.334314
56.070986,-4.332040
56.070542,-4.332720
56.071025,-4.328571
56.071377,-4.334184
56.070830,-4.328897
56.070500,-4.331143
56.070520,-4.329585
56.070118,-4.333289
56.071539,-4.330386
56.069547,-4.333045
56.068705,-4.331982
56.068832,-4.329066
56.070227,-4.322723
56.069453,-4.319479
56.068456,-4.298291
56.070280,-4.279425
56.076117,-4.255729
56.069796,-4.331277
56.069768,-4.325635
56.070519,-4.326805
56.073730,-4.374772
56.074991,-4.344060
56.073229,-4.333187
56.081553,-4.336937
56.079941,-4.331391
56.099125,-4.330140
56.079403,-4.362489
56.097967,-4.324394
56.116597,-4.341524
56.115195,-4.361820
56.076984,-4.373365
56.067397,-4.339342
56.069759,-4.339871
56.069054,-4.338671
56.068504,-4.340212
56.065186,-4.339834
56.064898,-4.340283
56.067115,-4.336674
56.066203,-4.335944
56.054370,-4.341427
56.068151,-4.344609
56.058992,-4.325645
56.058458,-4.352855
56.074431,-4.376615
56.074125,-4.377142
56.074469,-4.377453
56.080147,-4.376196
56.084841,-4.366712
56.086095,-4.361275
56.079332,-4.382060
56.098116,-4.361963
56.073824,-4.340711
56.073085,-4.341277
56.073235,-4.339519
56.074364,-4.335940
56.075228,-4.331573
56.072405,-4.335435
56.071563,-4.335738
56.071318,-4.337314
56.070943,-4.337179
56.070540,-4.336158
56.069865,-4.334751
56.069249,-4.337397
56.069225,-4.336801
56.068983,-4.334377
56.071050,-4.336253
56.068332,-4.335526
56.068062,-4.336024
56.067361,-4.335548
56.068022,-4.334833
56.069540,-4.335824
56.067842,-4.332460
56.068265,-4.336663
56.068437,-4.334713
56.067684,-4.330362
56.065078,-4.451821
56.052723,-4.222580
56.052842,-4.221993
56.052547,-4.224401
56.053672,-4.225799
56.054312,-4.227153
56.048947,-4.208168
56.048754,-4.141614
56.045591,-4.192289
56.026608,-4.167990
56.052429,-4.222917
56.050720,-4.195438
56.012540,-4.192083
56.054752,-4.224705
56.055743,-4.224071
56.056849,-4.225548
56.058970,-4.225510
56.056125,-4.221796
56.059949,-4.223542
56.061063,-4.252312
56.057942,-4.224198
56.058755,-4.223490
56.059451,-4.226260
56.011700,-4.396054
55.985526,-4.301863
55.986448,-4.299657
55.987766,-4.289218
55.985735,-4.370044
55.984242,-4.278108
55.977952,-4.298815
55.999930,-4.342061
55.991103,-4.326503
55.988444,-4.328780
55.987812,-4.337512
55.983840,-4.302596
55.984258,-4.337249
55.986690,-4.352547
55.985995,-4.362557
55.987505,-4.372830
55.992824,-4.341936
55.985389,-4.384693
55.982675,-4.366987
55.988638,-4.322827
55.993410,-4.376592
55.987619,-4.317283
55.985133,-4.305110
55.985910,-4.305364
55.985276,-4.301784
56.046813,-4.374739
56.047124,-4.375400
55.988077,-4.310576
55.990160,-4.318349
55.987481,-4.312641
55.987364,-4.301138
55.987642,-4.307889
55.987619,-4.308641
55.988201,-4.308772
55.989524,-4.319689
55.988489,-4.308709
55.988306,-4.305058
55.987977,-4.305343
55.987621,-4.307118
55.986515,-4.305208
55.983171,-4.306676
55.983117,-4.307667
55.982490,-4.308030
55.983689,-4.308775
55.984188,-4.308019
55.984497,-4.308358
55.984575,-4.309469
55.984062,-4.309968
55.987255,-4.305541
55.984025,-4.309052
55.987786,-4.303087
56.046078,-4.375111
56.038212,-4.397955
55.984145,-4.310341
56.040625,-4.386175
55.984145,-4.310341
55.983239,-4.305462
55.985392,-4.308043
55.985376,-4.307449
55.984409,-4.306814
55.984168,-4.305774
55.981808,-4.302651
55.983556,-4.306282
55.981800,-4.305007
55.981900,-4.307835
55.981317,-4.309195
55.978856,-4.306723
55.980231,-4.307238
55.973965,-4.307313
55.977389,-4.308271
55.981318,-4.310140
55.976415,-4.310842
55.977465,-4.311401
55.978487,-4.312055
55.982489,-4.304215
55.978145,-4.313013
55.988787,-4.322034
55.988217,-4.322754
55.987959,-4.323540
55.987607,-4.323615
55.987605,-4.322300
55.989122,-4.324299
55.988657,-4.318932
55.988201,-4.320268
55.987838,-4.317103
55.987748,-4.317547
55.987549,-4.317615
55.987425,-4.314209
55.986710,-4.311104
55.986431,-4.312097
55.986121,-4.311854
55.986828,-4.314894
55.987145,-4.320974
55.986411,-4.308825
55.987288,-4.319090
56.021340,-4.372532
56.014935,-4.363026
56.021633,-4.364767
56.028790,-4.368832
56.037783,-4.365740
56.033409,-4.371202
56.028617,-4.379672
56.022563,-4.391592
56.017081,-4.389712
56.028704,-4.380769
56.039650,-4.379404
56.045737,-4.372312
56.039120,-4.367282
56.040692,-4.367298
56.040976,-4.365148
56.043292,-4.371825
56.043579,-4.373272
56.043775,-4.372433
56.045164,-4.371715
56.045042,-4.372430
56.046100,-4.371612
56.046600,-4.368544
56.021759,-4.420363
56.046163,-4.369753
56.045902,-4.373993
56.046504,-4.378172
56.045530,-4.376972
56.046604,-4.369716
56.045430,-4.378427
56.044525,-4.379239
56.043469,-4.379896
56.041693,-4.382035
56.041116,-4.380779
56.041101,-4.383395
56.038472,-4.393395
56.040683,-4.383161
56.043228,-4.371420
56.029963,-4.383511
56.033595,-4.387170
56.022267,-4.372493
56.042648,-4.367483
56.041498,-4.360893
56.051164,-4.360167
56.047468,-4.371536
56.058082,-4.372011
56.043142,-4.376842
56.042895,-4.379829
56.042665,-4.379172
56.034824,-4.393779
56.032501,-4.401421
56.034079,-4.420011
56.027944,-4.415695
56.020742,-4.426366
56.009642,-4.396985
56.037945,-4.397392
56.039396,-4.382327
56.041373,-4.379093
56.034695,-4.404141
56.017599,-4.408373
56.039824,-4.398263
56.036766,-4.363960
56.036523,-4.363479
56.036067,-4.365715
56.041792,-4.368040
56.043601,-4.370271
56.041830,-4.367015
56.042144,-4.372204
56.041685,-4.369398
56.043154,-4.370163
56.041692,-4.370458
56.040976,-4.368889
56.042194,-4.369108
56.039311,-4.369012
56.042323,-4.370802
56.039992,-4.370499
56.039364,-4.369995
56.040592,-4.372029
56.040664,-4.375324
56.041171,-4.374151
56.040389,-4.368083
56.041110,-4.378740
56.041890,-4.374645
56.040445,-4.368487
56.040290,-4.377003
56.044209,-4.371336
56.041712,-4.373639
56.040218,-4.373242
56.039825,-4.367534
56.022267,-4.372493
56.022267,-4.372493
55.901448,-4.204238
55.909391,-4.194801
55.905752,-4.197299
55.908571,-4.196931
55.902872,-4.198512
55.904394,-4.199350
55.902372,-4.203843
55.901692,-4.203164
55.901121,-4.202428
55.902833,-4.203725
55.904945,-4.220707
55.902953,-4.205044
55.903491,-4.205602
55.904192,-4.206602
55.903624,-4.206697
55.902757,-4.202409
55.904255,-4.205101
55.903548,-4.203925
55.904545,-4.204462
55.905417,-4.204447
55.905148,-4.205936
55.906244,-4.204942
55.905845,-4.207160
55.895581,-4.228585
55.905282,-4.207480
55.905179,-4.202162
55.909014,-4.195756
55.902781,-4.199051
55.901225,-4.199139
55.906368,-4.212549
55.904931,-4.206964
55.907204,-4.213013
55.907405,-4.211856
55.907043,-4.211003
55.909924,-4.195631
55.907541,-4.210792
55.907167,-4.209587
55.907659,-4.209711
55.907322,-4.208491
55.907912,-4.208173
55.907354,-4.207197
55.906429,-4.206665
55.906092,-4.205894
55.906524,-4.205374
55.907078,-4.206526
55.907675,-4.206304
55.907612,-4.204844
55.908265,-4.206001
55.908729,-4.208668
55.907134,-4.205425
55.909584,-4.208636
55.909288,-4.207115
55.910047,-4.207366
55.909604,-4.206029
55.908084,-4.207095
55.909179,-4.209685
55.908430,-4.209850
55.908772,-4.210814
55.908184,-4.210540
55.908186,-4.212397
55.909642,-4.205407
55.910460,-4.205374
55.910923,-4.204136
55.909911,-4.204447
55.910097,-4.201561
55.906493,-4.204093
55.905844,-4.203176
55.905630,-4.201580
55.904619,-4.202834
55.910197,-4.203007
55.906674,-4.202999
55.905356,-4.215867
55.906375,-4.216629
55.905930,-4.215436
55.906863,-4.201986
55.905523,-4.214533
55.904841,-4.213502
55.905079,-4.212268
55.908998,-4.203227
55.901005,-4.196343
55.901044,-4.195161
55.899983,-4.197229
55.900785,-4.197130
55.900159,-4.195431
55.900256,-4.195005
55.900585,-4.193695
55.900940,-4.192948
55.901363,-4.194955
55.901362,-4.212568
55.909050,-4.201838
55.902830,-4.226313
55.913854,-4.188444
55.899328,-4.195160
55.899553,-4.194117
55.899618,-4.192505
55.902898,-4.197026
55.905121,-4.195376
55.905690,-4.195232
55.906203,-4.194141
55.907346,-4.194061
55.901470,-4.192450
55.902145,-4.194407
55.907637,-4.193902
55.906457,-4.194027
55.907652,-4.195039
55.904694,-4.194104
55.904758,-4.193563
55.903226,-4.194261
55.904594,-4.195682
55.906561,-4.195233
55.899156,-4.199773
55.905457,-4.213233
55.906084,-4.213877
55.906531,-4.214990
55.906781,-4.214572
55.906061,-4.212132
55.906648,-4.210981
55.906856,-4.209425
55.906996,-4.208121
55.906272,-4.208896
55.905853,-4.208680
55.905125,-4.208703
55.906518,-4.209694
55.904509,-4.209483
55.905041,-4.210362
55.905840,-4.210951
55.905901,-4.209531
55.906344,-4.207860
55.906261,-4.210015
55.905361,-4.211580
55.908829,-4.204097
55.910628,-4.194983
55.900758,-4.198600
55.900541,-4.203723
55.900504,-4.205800
55.897599,-4.208930
55.897705,-4.206505
55.897660,-4.204007
55.899708,-4.201564
55.898695,-4.202898
55.898803,-4.200377
55.898069,-4.208237
55.898458,-4.204580
55.899232,-4.204017
55.898492,-4.203687
55.899118,-4.205386
55.898217,-4.203495
55.899675,-4.204394
55.899744,-4.206093
55.899070,-4.206583
55.899577,-4.207843
55.902027,-4.206047
55.901713,-4.205517
55.902656,-4.207058
55.902140,-4.207253
55.901537,-4.206803
55.897861,-4.217311
55.901368,-4.198203
55.902320,-4.198225
55.902628,-4.198098
55.903643,-4.198092
55.901194,-4.206383
55.899163,-4.218873
55.900046,-4.212781
55.899675,-4.217878
55.899704,-4.216312
55.903315,-4.199369
55.899083,-4.216341
55.899037,-4.217922
55.899362,-4.216821
55.899503,-4.215485
55.899582,-4.215074
55.898848,-4.215400
55.898563,-4.214280
55.898243,-4.215589
55.897961,-4.212262
55.898086,-4.209822
55.899033,-4.209604
55.898535,-4.210807
55.899553,-4.210225
55.899570,-4.208755
55.897657,-4.213204
55.898758,-4.208404
55.898781,-4.206630
55.898201,-4.206421
55.900215,-4.215862
55.899054,-4.208949
55.906377,-4.196998
55.898297,-4.212057
55.907542,-4.196680
55.908592,-4.197764
55.904521,-4.224251
55.903775,-4.223264
55.903829,-4.222787
55.903956,-4.221738
55.904182,-4.221127
55.904039,-4.217616
55.904037,-4.214256
55.904524,-4.218107
55.908197,-4.197261
55.911068,-4.195008
55.902702,-4.217507
55.902458,-4.219045
55.903117,-4.217403
55.902783,-4.218968
55.901981,-4.222121
55.902690,-4.222642
55.903097,-4.224009
55.902403,-4.224113
55.903141,-4.224539
55.903347,-4.222599
55.903299,-4.221781
55.902744,-4.221157
55.903183,-4.219711
55.898464,-4.201238
55.911265,-4.197051
55.912241,-4.195266
55.903274,-4.220676
55.903376,-4.225465
55.902836,-4.225002
55.902159,-4.227155
55.910799,-4.196465
55.902049,-4.225773
55.901690,-4.224792
55.900990,-4.223696
55.899965,-4.222758
55.901040,-4.222915
55.900119,-4.221695
55.898282,-4.219894
55.897783,-4.218154
55.898408,-4.219390
55.898427,-4.218847
55.900741,-4.225586
55.898769,-4.227264
55.897675,-4.219172
55.896468,-4.225293
55.897366,-4.226336
55.897316,-4.224110
55.900003,-4.224616
55.896909,-4.226758
55.896584,-4.226819
55.896281,-4.226706
55.896344,-4.224710
55.896239,-4.228975
55.896601,-4.228883
55.896680,-4.230471
55.898982,-4.220974
55.903847,-4.201255
55.904178,-4.201338
55.906444,-4.199770
55.895729,-4.230385
55.902676,-4.199909
55.902301,-4.215837
55.904694,-4.200631
55.902184,-4.214310
55.901577,-4.214116
55.901539,-4.213186
55.902124,-4.213187
55.899605,-4.220786
55.901870,-4.212293
55.902264,-4.212347
55.901953,-4.211674
55.901376,-4.210281
55.901281,-4.211059
55.900844,-4.211386
55.900787,-4.212551
55.900614,-4.214189
55.901279,-4.214659
55.901457,-4.215789
55.901439,-4.218251
55.900857,-4.216650
55.903314,-4.216438
55.903218,-4.215313
55.901946,-4.214585
55.902728,-4.215557
55.903124,-4.214524
55.902465,-4.213670
55.903202,-4.212673
55.902673,-4.216610
55.902628,-4.212128
55.902421,-4.210660
55.903181,-4.211871
55.903446,-4.212622
55.903298,-4.213366
55.903497,-4.214273
55.900376,-4.218926
55.899850,-4.219648
55.910724,-4.200653
55.911220,-4.200073
55.911870,-4.199421
55.911034,-4.197934
55.908100,-4.190600
55.912375,-4.196826
55.911338,-4.199535
55.901197,-4.189139
55.903466,-4.224942
55.896924,-4.217449
55.895252,-4.216458
55.908860,-4.181699
55.901738,-4.210142
55.911603,-4.195246
55.911880,-4.194302
55.901713,-4.226473
55.900570,-4.227048
55.900946,-4.226173
55.899810,-4.226876
55.899656,-4.227891
55.900504,-4.228244
55.905468,-4.200579
55.906963,-4.199911
55.906680,-4.199655
55.906988,-4.197001
55.902038,-4.199888
55.898077,-4.224297
55.906855,-4.200929
55.909630,-4.200527
55.910000,-4.199940
55.909778,-4.199319
55.910793,-4.199328
55.900158,-4.198982
55.905196,-4.198707
55.910774,-4.197855
55.895965,-4.226752
55.905351,-4.197612
55.901835,-4.200693
55.898586,-4.205515
55.905872,-4.198586
55.903496,-4.227295
55.903649,-4.225784
55.902734,-4.230627
55.901611,-4.231139
55.901246,-4.233917
55.900538,-4.234772
55.901744,-4.230218
55.898905,-4.231175
55.899965,-4.231700
55.900394,-4.232812
55.898756,-4.232430
55.899105,-4.232530
55.898204,-4.233134
55.897922,-4.231822
55.898398,-4.230874
55.897916,-4.231198
55.897749,-4.232452
55.897067,-4.230446
55.897392,-4.231824
55.897368,-4.231199
55.896459,-4.232714
55.896908,-4.233748
55.906465,-4.222634
55.896035,-4.235281
55.896780,-4.232381
55.897700,-4.233697
55.897497,-4.233973
55.906085,-4.222292
55.903907,-4.228423
55.897053,-4.232700
55.903867,-4.230116
55.904716,-4.230853
55.905336,-4.231353
55.903224,-4.232367
55.903978,-4.232442
55.904538,-4.233738
55.904187,-4.235782
55.904652,-4.235889
55.904792,-4.232649
55.905293,-4.229782
55.905114,-4.227772
55.905816,-4.237140
55.905572,-4.234694
55.906001,-4.232895
55.905707,-4.229278
55.904547,-4.229307
55.902533,-4.234279
55.905522,-4.236003
55.901960,-4.231719
55.898255,-4.229362
55.906411,-4.228583
55.905511,-4.231635
55.908123,-4.230809
55.908147,-4.232954
55.907863,-4.234250
55.908303,-4.236259
55.908011,-4.236498
55.908679,-4.236825
55.909388,-4.236881
55.909660,-4.238241
55.908566,-4.238082
55.906964,-4.237718
55.907456,-4.237378
55.907485,-4.236260
55.907529,-4.235318
55.906561,-4.235695
55.907626,-4.237900
55.907348,-4.232940
55.906931,-4.234612
55.906348,-4.234531
55.906831,-4.232670
55.906530,-4.236381
55.906386,-4.230469
55.907065,-4.231180
55.914504,-4.215397
55.914569,-4.214793
55.914520,-4.214006
55.914864,-4.212889
55.915079,-4.215414
55.914648,-4.216909
55.915282,-4.215121
55.917597,-4.213845
55.916563,-4.214874
55.916999,-4.213619
55.917576,-4.212980
55.916769,-4.211893
55.916599,-4.211356
55.916581,-4.212363
55.916322,-4.213756
55.918010,-4.211852
55.919963,-4.211675
55.919319,-4.212023
55.915892,-4.213188
55.918849,-4.211148
55.907538,-4.224407
55.909808,-4.222617
55.911548,-4.220845
55.911589,-4.220047
55.912321,-4.218857
55.912094,-4.216476
55.910933,-4.215561
55.910507,-4.216801
55.910531,-4.215922
55.910156,-4.215821
55.909824,-4.213754
55.911479,-4.216680
55.909536,-4.213786
55.910145,-4.211436
55.910581,-4.212661
55.910110,-4.213850
55.910504,-4.214449
55.911048,-4.214176
55.911526,-4.215595
55.911645,-4.214450
55.911850,-4.215566
55.912208,-4.214130
55.911000,-4.212861
55.910282,-4.210820
55.910618,-4.210087
55.910469,-4.209390
55.909361,-4.212512
55.918973,-4.212291
55.912268,-4.217814
55.909955,-4.210001
55.905142,-4.224734
55.904518,-4.224426
55.906154,-4.223400
55.907280,-4.223753
55.906873,-4.223441
55.907035,-4.222395
55.907864,-4.222778
55.908552,-4.223041
55.909247,-4.222345
55.908551,-4.221105
55.908353,-4.219590
55.907457,-4.216947
55.907624,-4.221132
55.907215,-4.220885
55.909579,-4.215420
55.908067,-4.218518
55.910042,-4.218166
55.911168,-4.217991
55.911290,-4.218702
55.910382,-4.219242
55.908844,-4.217778
55.910628,-4.220040
55.896925,-4.231813
55.913647,-4.219573
55.915188,-4.216332
55.915932,-4.215478
55.923483,-4.209379
55.924028,-4.200494
55.923255,-4.198994
55.924005,-4.197244
55.921920,-4.193717
55.923264,-4.182877
55.921939,-4.209739
55.915502,-4.203356
55.903978,-4.246233
55.904144,-4.225749
55.917446,-4.209227
55.914522,-4.199380
55.916435,-4.199968
55.904144,-4.225749
55.904623,-4.225088
55.904323,-4.225759
55.904631,-4.225137
55.904871,-4.226270
55.906289,-4.225392
55.905586,-4.226007
55.918985,-4.209587
55.907549,-4.217816
55.912758,-4.216033
55.913204,-4.215739
55.912776,-4.218531
55.900394,-4.235292
55.898655,-4.235032
55.901078,-4.236723
55.901842,-4.236687
55.899484,-4.235927
55.903533,-4.235152
55.902849,-4.236201
55.902741,-4.234691
55.917152,-4.207578
55.904774,-4.224185
55.920868,-4.207870
55.904144,-4.225749
55.904144,-4.225749
55.909603,-4.229502
55.909938,-4.230385
55.911077,-4.230482
55.911997,-4.231783
55.912247,-4.230886
55.911190,-4.229721
55.912893,-4.228955
55.912594,-4.231114
55.912611,-4.230154
55.913283,-4.230753
55.913782,-4.227997
55.911164,-4.229159
55.913675,-4.229479
55.914283,-4.231611
55.915238,-4.232994
55.914371,-4.233712
55.913019,-4.227986
55.913957,-4.234232
55.913809,-4.234944
55.914502,-4.234408
55.914361,-4.235744
55.915011,-4.234597
55.924193,-4.215838
55.919665,-4.219244
55.920368,-4.216644
55.921463,-4.216242
55.920696,-4.217415
55.908140,-4.225930
55.908897,-4.226277
55.909564,-4.228667
55.908533,-4.227568
55.911267,-4.228413
55.912586,-4.227577
55.912519,-4.223797
55.912222,-4.224804
55.912504,-4.221651
55.911845,-4.222318
55.910719,-4.223453
55.909514,-4.224008
55.909835,-4.225611
55.910603,-4.226375
55.911589,-4.227024
55.910417,-4.225228
55.911469,-4.224728
55.910171,-4.226942
55.915214,-4.219886
55.914373,-4.219678
55.922372,-4.213669
55.918899,-4.218865
55.913112,-4.219814
55.913441,-4.221017
55.913691,-4.222135
55.913560,-4.222880
55.913190,-4.221963
55.912792,-4.220628
55.913078,-4.224709
55.913513,-4.226494
55.913960,-4.224631
55.914318,-4.225708
55.913974,-4.227352
55.914421,-4.228946
55.912784,-4.226052
55.914471,-4.230677
55.914980,-4.230867
55.915713,-4.232029
55.915204,-4.230399
55.914339,-4.228013
55.915969,-4.230315
55.916292,-4.230350
55.915267,-4.223410
55.915132,-4.224410
55.915051,-4.227942
55.916272,-4.233933
55.918417,-4.214228
55.918568,-4.214813
55.918248,-4.216603
55.917954,-4.217450
55.918617,-4.217584
55.920416,-4.212469
55.919662,-4.213435
55.919163,-4.214687
55.918449,-4.215446
55.918073,-4.215360
55.917416,-4.215371
55.920712,-4.213510
55.920233,-4.213163
55.919824,-4.213924
55.921175,-4.212769
55.922170,-4.214426
55.922239,-4.215582
55.921600,-4.211624
55.920774,-4.214586
55.904144,-4.225749
55.915974,-4.218617
55.916921,-4.215935
55.917343,-4.216951
55.918361,-4.219298
55.917548,-4.216563
55.917958,-4.216250
55.917067,-4.217320
55.917513,-4.219473
55.918047,-4.221280
55.916485,-4.219687
55.916906,-4.220767
55.918724,-4.221607
55.916490,-4.218407
55.918281,-4.223230
55.918676,-4.223269
55.917694,-4.221900
55.918121,-4.222677
55.917708,-4.221149
55.917554,-4.224165
55.917361,-4.222441
55.917346,-4.221784
55.916476,-4.222647
55.916925,-4.223185
55.915785,-4.223583
55.916459,-4.224086
55.916865,-4.224494
55.916127,-4.225059
55.916707,-4.227317
55.916357,-4.228241
55.917175,-4.227744
55.916311,-4.228831
55.917545,-4.225701
55.916752,-4.225799
55.917378,-4.228444
55.916974,-4.229941
55.918836,-4.223870
55.915321,-4.218436
55.915606,-4.218100
55.910452,-4.231263
55.911373,-4.232019
55.910620,-4.232424
55.911987,-4.232343
55.911990,-4.233175
55.912094,-4.235373
55.913482,-4.235117
55.912669,-4.233870
55.914865,-4.238157
55.913741,-4.236700
55.914938,-4.237601
55.912396,-4.235055
55.914450,-4.237269
55.924362,-4.218456
55.926478,-4.222723
55.927010,-4.233030
55.927605,-4.239836
55.917671,-4.233102
55.923042,-4.246647
55.922558,-4.253422
55.923147,-4.254128
55.917300,-4.251484
55.918668,-4.235624
55.937539,-4.231283
55.933555,-4.235857
55.934598,-4.242289
55.935318,-4.261384
55.935890,-4.240426
55.936225,-4.242239
55.934052,-4.237198
55.940875,-4.215237
55.935038,-4.253586
55.944266,-4.262994
55.946665,-4.261100
55.947207,-4.257032
55.937303,-4.242749
55.950076,-4.247588
55.937224,-4.216374
55.938111,-4.217513
55.937732,-4.218084
55.938593,-4.215203
55.937926,-4.216302
55.938598,-4.217413
55.941691,-4.205355
55.944648,-4.203329
55.940472,-4.211675
55.940817,-4.209501
55.942441,-4.205590
55.940292,-4.210208
55.941988,-4.207838
55.942490,-4.207370
55.943720,-4.208946
55.941502,-4.207875
55.946188,-4.208638
55.945197,-4.206804
55.942398,-4.211000
55.942521,-4.208653
55.941970,-4.209839
55.941739,-4.212196
55.941064,-4.212237
55.943419,-4.212692
55.942667,-4.216540
55.946021,-4.213961
55.950039,-4.212397
55.955507,-4.212709
55.951901,-4.233246
55.948641,-4.232097
55.943403,-4.214116
55.943671,-4.232580
55.940442,-4.221810
55.933867,-4.234530
55.949447,-4.224824
55.943020,-4.209915
55.943144,-4.212036
55.941536,-4.209494
55.939321,-4.210713
55.937178,-4.218420
55.946457,-4.194624
55.939097,-4.213150
55.938901,-4.214068
55.932097,-4.205082
55.937166,-4.214129
55.937511,-4.211426
55.938181,-4.212617
55.937785,-4.212178
55.938010,-4.210126
55.937381,-4.204118
55.938747,-4.208166
55.939165,-4.208911
55.939314,-4.208615
55.938938,-4.210035
55.938463,-4.210952
55.939100,-4.211517
55.940008,-4.203482
55.942787,-4.203880
55.947774,-4.190326
55.939064,-4.206007
55.938960,-4.205280
55.937764,-4.208302
55.940054,-4.206912
55.939501,-4.206688
55.942850,-4.215350
55.941442,-4.215205
55.941248,-4.206980
55.938104,-4.207409
55.942269,-4.217687
55.941496,-4.216217
55.942207,-4.214160
55.940997,-4.217486
55.941612,-4.217729
55.937475,-4.220391
55.937153,-4.220789
55.936888,-4.221046
55.937791,-4.220825
55.904144,-4.225749
55.904144,-4.225749
55.904144,-4.225749
55.904144,-4.225749
55.904144,-4.225749
55.904144,-4.225749
55.904144,-4.225749
55.904144,-4.225749
55.977674,-4.054129
55.978101,-4.053879
55.978365,-4.052579
55.975057,-4.054278
55.977241,-4.053144
55.976575,-4.056443
55.977160,-4.056409
55.977512,-4.056845
55.976965,-4.056255
55.976475,-4.055988
55.978000,-4.057239
55.980251,-4.038044
55.981205,-4.040098
55.976937,-4.055244
55.980735,-4.038663
55.980998,-4.037394
55.976333,-4.055356
55.976150,-4.054465
55.975892,-4.055413
55.981542,-4.037663
55.980763,-4.041822
55.975598,-4.054179
55.975978,-4.054552
55.974492,-4.054761
55.974330,-4.052060
55.973569,-4.053526
55.975729,-4.054939
55.973702,-4.053069
55.973381,-4.050744
55.973462,-4.051822
55.974038,-4.053920
55.972702,-4.049955
55.972764,-4.048420
55.972177,-4.051273
55.971685,-4.051696
55.971282,-4.054863
55.971533,-4.048371
55.970655,-4.055808
55.971984,-4.053683
55.971995,-4.053058
55.972418,-4.051927
55.972861,-4.052832
55.971998,-4.047995
55.976619,-4.031010
55.977487,-4.041617
55.972420,-4.053433
55.977075,-4.044256
55.974896,-4.048837
55.975382,-4.047164
55.975447,-4.045420
55.977465,-4.045655
55.975814,-4.044975
55.974987,-4.044434
55.974159,-4.044503
55.973734,-4.045186
55.976130,-4.048646
55.976552,-4.046504
55.976351,-4.042359
55.975969,-4.046458
55.976004,-4.042132
55.974862,-4.043258
55.975053,-4.045832
55.974573,-4.045534
55.974163,-4.046442
55.974098,-4.042769
55.975633,-4.042866
55.973356,-4.042489
55.977167,-4.045720
55.972893,-4.047160
55.972994,-4.047534
55.973388,-4.045985
55.972895,-4.042129
55.972523,-4.046147
55.972390,-4.045499
55.985621,-3.995444
55.975256,-4.057414
55.974482,-4.048302
55.981413,-4.041680
55.981902,-4.038740
55.979623,-4.046667
55.977297,-4.042777
55.976391,-4.037793
55.977766,-4.058846
55.977772,-4.055817
55.977650,-4.056131
55.977970,-4.056356
55.977666,-4.057863
55.978433,-4.056060
55.978093,-4.054904
55.978854,-4.057205
55.978739,-4.053320
55.977434,-4.051279
55.977479,-4.051826
55.979000,-4.050064
55.979398,-4.038015
55.979381,-4.048225
55.979889,-4.048476
55.979557,-4.050077
55.979311,-4.049760
55.979526,-4.051919
55.979100,-4.053259
55.975064,-4.057099
55.975918,-4.055991
55.974205,-4.055211
55.979730,-4.053741
55.979404,-4.053323
55.974106,-4.056856
55.975767,-4.055326
55.974938,-4.056003
55.974789,-4.055226
55.980356,-4.045279
55.974197,-4.057342
55.974441,-4.058332
55.973736,-4.055859
55.974004,-4.056514
55.973315,-4.055244
55.972976,-4.055082
55.972977,-4.056139
55.972653,-4.055064
55.972318,-4.055255
55.971851,-4.055214
55.971668,-4.056999
55.973185,-4.054452
55.972289,-4.059100
55.971302,-4.058470
55.973695,-4.057251
55.974198,-4.058897
55.971671,-4.056310
55.974791,-4.058912
55.974949,-4.058039
55.974538,-4.060036
55.972882,-4.060189
55.975144,-4.059812
55.975323,-4.059309
55.976205,-4.052240
55.975712,-4.058096
55.976223,-4.058187
55.977307,-4.057844
55.973796,-4.059821
55.976754,-4.058103
55.976500,-4.053986
55.976736,-4.051643
55.976668,-4.053018
55.976038,-4.050917
55.975863,-4.049048
55.975809,-4.050664
55.974980,-4.050813
55.973742,-4.047943
55.973323,-4.047760
55.973377,-4.049926
55.973988,-4.049366
55.975359,-4.052323
55.976729,-4.049351
55.989899,-4.005413
55.976399,-4.048660
55.974525,-4.034858
55.972778,-4.045968
55.979294,-4.041039
55.979734,-4.042104
55.981649,-4.030087
55.975249,-4.027476
55.972401,-4.043192
55.975082,-4.035400
55.978054,-4.022478
55.980595,-4.020383
55.986254,-4.010674
55.983923,-3.993193
55.985573,-3.997830
55.986350,-4.001991
55.988729,-4.005480
55.990392,-4.003803
55.981990,-4.002118
55.989002,-4.004180
55.989303,-4.002800
55.990273,-4.001183
55.992170,-4.000576
55.989984,-4.005657
55.993895,-3.996688
55.989841,-4.006163
55.990864,-4.010128
55.996743,-4.006697
55.997275,-4.009355
55.989174,-4.006866
55.988624,-4.017403
55.988581,-4.006322
55.996576,-3.985410
55.981627,-4.052623
55.981487,-4.051301
55.994614,-4.043338
55.967701,-4.063198
55.976508,-4.054580
55.978773,-4.058306
55.978406,-4.058736
55.978449,-4.059956
55.969561,-4.056727
55.969962,-4.055338
55.978761,-4.059011
55.978803,-4.060279
55.978207,-4.066354
55.977095,-4.068362
55.976191,-4.082017
55.976791,-4.069869
55.976169,-4.069980
55.978319,-4.069309
55.978090,-4.069057
55.978761,-4.070856
55.978252,-4.073313
55.976735,-4.068375
55.978678,-4.072550
55.978580,-4.074116
55.978762,-4.075055
55.979184,-4.072417
55.978340,-4.070192
55.979342,-4.075824
55.979004,-4.071366
55.979188,-4.070526
55.980196,-4.074218
55.980390,-4.072802
55.978556,-4.068056
55.978813,-4.066659
55.958445,-4.037202
55.979414,-4.068358
55.978613,-4.065174
55.975794,-4.071434
55.972838,-4.084738
55.977512,-4.069218
55.977499,-4.072135
55.979593,-4.067310
55.975199,-4.077461
55.976922,-4.073322
55.974521,-4.079812
55.980675,-4.055266
55.981058,-4.055462
55.982873,-4.056569
55.984291,-4.058824
55.981063,-4.057354
55.979013,-4.056860
55.979265,-4.055720
55.979118,-4.054334
55.981294,-4.055860
55.979411,-4.053996
55.979753,-4.056691
55.954608,-4.088739
55.954993,-4.088808
55.973102,-4.090393
55.972072,-4.093350
55.972242,-4.091292
55.969839,-4.095185
55.971518,-4.095820
55.972917,-4.092803
55.973578,-4.090900
55.973759,-4.092448
55.973265,-4.092966
55.972961,-4.094440
55.973730,-4.094642
55.976563,-4.076508
55.957373,-4.035736
55.960978,-4.045970
55.960440,-4.044821
55.960516,-4.046202
55.960766,-4.044149
55.960346,-4.042348
55.959707,-4.040264
55.960044,-4.041596
55.959002,-4.040483
55.958809,-4.041274
55.961001,-4.042960
55.959641,-4.042039
55.960061,-4.043295
55.959348,-4.042937
55.956885,-4.040228
55.958781,-4.040808
55.958468,-4.040728
55.957280,-4.037557
55.957115,-4.039903
55.956519,-4.038991
55.956367,-4.040601
55.955676,-4.039459
55.978093,-4.061331
55.961607,-4.047061
55.956571,-4.038049
55.954798,-4.040390
55.955036,-4.042309
55.954877,-4.041580
55.974443,-4.066250
55.975177,-4.107846
55.977039,-4.064192
55.975695,-4.062871
55.977263,-4.062057
55.976406,-4.073535
55.977691,-4.076200
55.982408,-4.078953
55.975172,-4.108679
55.981210,-4.106636
55.958410,-4.086028
55.954085,-4.098338
55.958264,-4.081375
55.950743,-4.071729
55.959761,-4.084243
55.969076,-4.092996
55.975178,-4.074927
55.975350,-4.072757
55.975863,-4.075877
55.973823,-4.074823
55.950780,-4.071139
55.974576,-4.069622
55.974562,-4.074157
55.983509,-4.059937
55.979572,-4.069649
55.984184,-4.063098
55.980550,-4.068659
55.980038,-4.065955
55.966373,-4.091825
55.981038,-4.067964
55.981677,-4.067870
55.980854,-4.069285
55.980934,-4.070956
55.981247,-4.071005
55.980814,-4.066846
55.981823,-4.069913
55.982175,-4.066069
55.982751,-4.065459
55.983116,-4.062993
55.981834,-4.068728
55.982766,-4.066742
55.983518,-4.064746
55.984171,-4.064925
55.983653,-4.066901
55.983126,-4.068829
55.982189,-4.069500
55.982222,-4.070784
55.982183,-4.073635
55.981777,-4.073726
55.982675,-4.063547
55.982577,-4.061891
55.981984,-4.058669
55.981814,-4.060808
55.982171,-4.061484
55.980891,-4.073486
55.981930,-4.076379
55.982532,-4.057079
55.982881,-4.059326
55.975077,-4.069168
55.982135,-4.054462
55.981553,-4.054896
55.956063,-4.083483
55.956044,-4.084587
55.955699,-4.084264
55.956111,-4.082765
55.956956,-4.083243
55.957709,-4.083892
55.958039,-4.084038
55.958081,-4.084793
55.957107,-4.083908
55.956682,-4.089363
55.955770,-4.091733
55.955173,-4.094104
55.954620,-4.091735
55.954946,-4.093178
55.955360,-4.092095
55.955071,-4.091103
55.955914,-4.090683
55.955771,-4.089010
55.956389,-4.088611
55.956005,-4.090064
55.953832,-4.083603
55.950680,-4.091394
55.970763,-4.049323
55.951062,-4.090053
55.967129,-4.052224
55.951225,-4.083111
55.950705,-4.085710
55.950854,-4.086983
55.950710,-4.087520
55.950626,-4.088781
55.950840,-4.090970
55.951227,-4.088285
55.950159,-4.087138
55.949905,-4.088373
55.949402,-4.087786
55.950086,-4.089857
55.949722,-4.089613
55.949756,-4.087100
55.950526,-4.086165
55.952928,-4.083395
55.977813,-4.070581
55.958099,-4.041862
55.950368,-4.088110
55.954986,-4.050684
55.955435,-4.051268
55.951791,-4.049378
55.948786,-4.061407
55.979172,-4.059690
55.980191,-4.058975
55.981102,-4.059312
55.979699,-4.062042
55.979436,-4.061659
55.979404,-4.060856
55.980369,-4.058503
55.980077,-4.059305
55.941266,-4.160398
55.940984,-4.160046
55.941550,-4.159037
55.939645,-4.163655
55.939801,-4.166529
55.939389,-4.165962
55.938904,-4.165407
55.938739,-4.164597
55.937723,-4.164588
55.937001,-4.164788
55.939084,-4.166954
55.937893,-4.166151
55.936326,-4.167889
55.945427,-4.145993
55.938336,-4.166015
55.936928,-4.165873
55.938300,-4.167054
55.939686,-4.167420
55.939464,-4.168336
55.939355,-4.169387
55.938737,-4.168247
55.938533,-4.168108
55.936545,-4.170767
55.938404,-4.169302
55.939109,-4.169581
55.937539,-4.174009
55.936934,-4.175720
55.938005,-4.174611
55.938575,-4.173394
55.938131,-4.170007
55.938501,-4.174991
55.938383,-4.176618
55.937892,-4.176911
55.938046,-4.172788
55.937643,-4.176288
55.936822,-4.176466
55.936549,-4.174081
55.936329,-4.175382
55.937227,-4.168771
55.940158,-4.155901
55.939030,-4.172555
55.938727,-4.170344
55.939979,-4.158966
55.939196,-4.161052
55.939078,-4.160629
55.939236,-4.159805
55.939130,-4.163274
55.936915,-4.172741
55.938309,-4.163964
55.938082,-4.163103
55.937192,-4.162573
55.936239,-4.162632
55.939918,-4.162437
55.945486,-4.146749
55.935995,-4.164748
55.936078,-4.166177
55.936152,-4.167046
55.946201,-4.145443
55.935534,-4.166948
55.935638,-4.168667
55.935934,-4.169228
55.934659,-4.165570
55.935026,-4.168744
55.934732,-4.166519
55.935713,-4.164444
55.934960,-4.168405
55.934991,-4.169207
55.935326,-4.168009
55.935342,-4.166585
55.935662,-4.165306
55.937859,-4.161473
55.935074,-4.166506
55.937621,-4.160195
55.936868,-4.162123
55.936838,-4.160264
55.945271,-4.144655
55.947306,-4.148003
55.937686,-4.170799
55.936074,-4.160750
55.938162,-4.155982
55.938633,-4.155784
55.937151,-4.158264
55.938550,-4.155395
55.940306,-4.158263
55.939991,-4.156724
55.940800,-4.156705
55.940582,-4.157878
55.940950,-4.158395
55.940085,-4.155465
55.939374,-4.155537
55.939629,-4.156368
55.938894,-4.160378
55.939241,-4.157451
55.942342,-4.165134
55.938722,-4.158912
55.938445,-4.159841
55.939163,-4.155782
55.939015,-4.155998
55.938132,-4.160272
55.938728,-4.155982
55.937957,-4.159477
55.938249,-4.172479
55.937999,-4.158631
55.937804,-4.157932
55.938599,-4.171986
55.939576,-4.155821
55.937422,-4.152531
55.938833,-4.158197
55.938543,-4.156772
55.938655,-4.152967
55.938270,-4.152898
55.938147,-4.152219
55.937897,-4.154174
55.937356,-4.155809
55.937404,-4.154067
55.936956,-4.153017
55.936389,-4.153562
55.936165,-4.153534
55.936190,-4.154143
55.935811,-4.154251
55.936008,-4.152212
55.936081,-4.152680
55.939855,-4.152714
55.939975,-4.153009
55.940955,-4.155049
55.942151,-4.159615
55.942181,-4.156366
55.941576,-4.158590
55.940233,-4.154208
55.942384,-4.158139
55.942418,-4.157196
55.942021,-4.156277
55.942026,-4.154468
55.942484,-4.154461
55.942258,-4.153039
55.942590,-4.152529
55.942844,-4.152912
55.943544,-4.152935
55.946196,-4.141087
55.942819,-4.151789
55.942156,-4.151625
55.942152,-4.151368
55.941617,-4.151659
55.944235,-4.144293
55.944798,-4.142899
55.945131,-4.141332
55.946238,-4.138671
55.941053,-4.151499
55.941233,-4.152038
55.936999,-4.154621
55.944036,-4.152065
55.944000,-4.150526
55.931346,-4.188246
55.932250,-4.188985
55.943275,-4.171320
55.945964,-4.143012
55.953096,-4.137047
55.949268,-4.130285
55.949455,-4.119933
55.952532,-4.158559
55.948787,-4.119576
55.941095,-4.163495
55.941950,-4.164408
55.943422,-4.160967
55.943787,-4.158585
55.942842,-4.160726
55.944688,-4.154872
55.943337,-4.151962
55.947053,-4.140381
55.934608,-4.159803
55.947985,-4.137934
55.946454,-4.141213
55.933233,-4.166419
55.935549,-4.153804
55.935195,-4.155017
55.935270,-4.153820
55.934748,-4.155408
55.934081,-4.158093
55.933969,-4.158823
55.935235,-4.155836
55.934520,-4.159158
55.934449,-4.158097
55.935537,-4.157582
55.934629,-4.161181
55.935102,-4.158806
55.935449,-4.159482
55.937279,-4.141155
55.936268,-4.134695
55.936639,-4.136076
55.937919,-4.140550
55.938558,-4.140489
55.944237,-4.113995
55.939321,-4.138962
55.939077,-4.138036
55.938865,-4.139385
55.937859,-4.140386
55.936797,-4.141480
55.936927,-4.138670
55.937763,-4.139692
55.937374,-4.136725
55.937373,-4.135252
55.938245,-4.135220
55.938543,-4.136165
55.937418,-4.137800
55.937955,-4.136917
55.937632,-4.138949
55.936035,-4.137275
55.938204,-4.138644
55.939105,-4.136964
55.939436,-4.134933
55.939578,-4.148487
55.939769,-4.147345
55.938692,-4.136894
55.936139,-4.139555
55.943429,-4.127530
55.940422,-4.146468
55.936350,-4.137725
55.938774,-4.144600
55.940799,-4.145977
55.938750,-4.146504
55.937220,-4.146643
55.937745,-4.145872
55.937368,-4.144314
55.937944,-4.143737
55.938894,-4.143405
55.939144,-4.142939
55.938582,-4.141707
55.938146,-4.141459
55.937892,-4.141573
55.937495,-4.142207
55.939376,-4.144089
55.939409,-4.142201
55.940040,-4.144157
55.939986,-4.145163
55.940494,-4.144407
55.936946,-4.146900
55.938267,-4.142762
55.940553,-4.140487
55.940298,-4.140169
55.940558,-4.139702
55.940369,-4.139212
55.939992,-4.139175
55.940207,-4.138674
55.941258,-4.138716
55.940868,-4.137382
55.940295,-4.137734
55.940461,-4.137007
55.941053,-4.136031
55.940148,-4.136365
55.940581,-4.138375
55.941105,-4.142343
55.941286,-4.142273
55.941239,-4.140813
55.942224,-4.148778
55.941732,-4.148142
55.941661,-4.147049
55.941492,-4.148497
55.941909,-4.148808
55.941340,-4.149482
55.945067,-4.116939
55.940555,-4.149166
55.941013,-4.144515
55.942222,-4.147849
55.942408,-4.147011
55.942069,-4.146335
55.942478,-4.145541
55.941871,-4.144307
55.942361,-4.143501
55.942989,-4.144064
55.942857,-4.141831
55.942138,-4.142384
55.942800,-4.139474
55.942482,-4.139120
55.943058,-4.137038
55.943849,-4.136986
55.944015,-4.138292
55.943639,-4.137198
55.942168,-4.135980
55.943098,-4.139394
55.941393,-4.137667
55.942209,-4.137247
55.941676,-4.141029
55.942255,-4.134608
55.941447,-4.140792
55.941761,-4.143388
55.941278,-4.144786
55.941863,-4.145795
55.941034,-4.145365
55.943379,-4.141828
55.942204,-4.140658
55.943610,-4.127973
55.942936,-4.135254
55.944127,-4.134967
55.943481,-4.134387
55.942852,-4.134352
55.943065,-4.133483
55.943815,-4.132724
55.944427,-4.133190
55.945039,-4.133672
55.945643,-4.133049
55.945363,-4.132617
55.944950,-4.133091
55.943703,-4.131453
55.943069,-4.131722
55.943613,-4.130375
55.943267,-4.131189
55.944548,-4.129353
55.944200,-4.132297
55.944441,-4.128771
55.944716,-4.127937
55.943953,-4.128376
55.944991,-4.126079
55.943378,-4.129978
55.944366,-4.125852
55.944055,-4.127196
55.943622,-4.125699
55.943479,-4.124651
55.943523,-4.124189
55.943234,-4.126335
55.942968,-4.129779
55.943781,-4.122777
55.944152,-4.121549
55.945143,-4.121395
55.944749,-4.120316
55.944408,-4.122363
55.944838,-4.122435
55.940298,-4.139640
55.940475,-4.141908
55.940093,-4.137483
55.939981,-4.141336
55.944082,-4.120408
55.939625,-4.143206
55.939641,-4.139220
55.939858,-4.137070
55.939593,-4.137311
55.939619,-4.135792
55.939695,-4.134547
55.942649,-4.128480
55.942412,-4.133335
55.939430,-4.136358
55.944324,-4.130846
55.945201,-4.131583
55.945743,-4.134047
55.946211,-4.133464
55.945925,-4.131303
55.946572,-4.131290
55.946411,-4.130737
55.945973,-4.130072
55.947192,-4.128217
55.946391,-4.129823
55.946309,-4.127256
55.947181,-4.131948
55.947117,-4.125234
55.946466,-4.124974
55.946147,-4.125758
55.945708,-4.126166
55.946889,-4.127512
55.945975,-4.124755
55.945737,-4.123974
55.945582,-4.125118
55.945373,-4.124242
55.945245,-4.125388
55.945235,-4.127021
55.944992,-4.128593
55.946103,-4.128254
55.945656,-4.128661
55.945339,-4.130358
55.944606,-4.131711
55.944933,-4.129935
55.947069,-4.113957
55.944064,-4.109421
55.947629,-4.121643
55.947428,-4.121280
55.946273,-4.123122
55.946195,-4.121901
55.946496,-4.121132
55.946829,-4.117435
55.946523,-4.119036
55.935531,-4.152234
55.935536,-4.151465
55.935124,-4.148801
55.935001,-4.150171
55.934718,-4.148346
55.936671,-4.150808
55.936808,-4.151200
55.937067,-4.151246
55.937755,-4.151524
55.934355,-4.124727
55.936090,-4.152153
55.926432,-4.145774
55.927487,-4.144056
55.926415,-4.145197
55.927148,-4.144934
55.924430,-4.142591
55.934515,-4.123839
55.929988,-4.133533
55.939626,-4.133310
55.934903,-4.154264
55.934561,-4.151700
55.934286,-4.154598
55.933685,-4.154020
55.931365,-4.153059
55.929556,-4.151150
55.934730,-4.153854
55.928952,-4.149211
55.929925,-4.149553
55.930881,-4.151431
55.930498,-4.152275
55.930778,-4.150145
55.930340,-4.150489
55.930410,-4.151117
55.930433,-4.148765
55.931260,-4.149803
55.931545,-4.151484
55.931104,-4.148962
55.929934,-4.130968
55.929288,-4.129348
55.929461,-4.130238
55.929164,-4.132351
55.933440,-4.149492
55.932383,-4.148281
55.933028,-4.147884
55.939051,-4.134880
55.933514,-4.145254
55.934021,-4.142976
55.933556,-4.142854
55.934169,-4.144297
55.933675,-4.148897
55.933133,-4.143391
55.932652,-4.143157
55.932900,-4.142322
55.932559,-4.140782
55.932252,-4.146000
55.932530,-4.145007
55.933399,-4.147216
55.933814,-4.146103
55.934223,-4.147902
55.933974,-4.148273
55.933400,-4.147697
55.934129,-4.147593
55.931694,-4.147602
55.934130,-4.147065
55.931739,-4.144003
55.928603,-4.128430
55.933784,-4.127642
55.928973,-4.134005
55.928073,-4.142375
55.928096,-4.141608
55.932133,-4.123853
55.927868,-4.143341
55.925512,-4.142394
55.938893,-4.114360
55.940088,-4.113288
55.940440,-4.112187
55.939478,-4.111670
55.937712,-4.115592
55.933188,-4.155194
55.932794,-4.155636
55.933614,-4.154993
55.932095,-4.122922
55.930729,-4.121375
55.930421,-4.119901
55.936300,-4.122448
55.934468,-4.145723
55.934786,-4.142922
55.934485,-4.143722
55.935330,-4.143161
55.934437,-4.141782
55.934826,-4.137513
55.933212,-4.137840
55.934253,-4.137369
55.934083,-4.136287
55.933651,-4.136856
55.934492,-4.135509
55.934149,-4.138212
55.934564,-4.136058
55.934001,-4.135322
55.934580,-4.135098
55.933513,-4.134991
55.934623,-4.136797
55.934188,-4.134420
55.934572,-4.134025
55.934115,-4.133439
55.934364,-4.132573
55.933944,-4.132437
55.933733,-4.130056
55.933277,-4.129407
55.933392,-4.128965
55.932926,-4.128379
55.932556,-4.127446
55.931813,-4.128334
55.932875,-4.127208
55.933517,-4.139938
55.932434,-4.128288
55.931186,-4.131325
55.934370,-4.140978
55.931894,-4.134518
55.931154,-4.132652
55.933843,-4.141878
55.931726,-4.131243
55.936092,-4.119891
55.926793,-4.120808
55.929443,-4.122937
55.929813,-4.122333
55.929122,-4.122264
55.933260,-4.121017
55.934035,-4.120915
55.935258,-4.122423
55.935225,-4.121189
55.934705,-4.121144
55.934336,-4.120115
55.933206,-4.118917
55.934021,-4.119650
55.934378,-4.118741
55.935176,-4.118816
55.935048,-4.117416
55.934881,-4.120305
55.933845,-4.116278
55.934134,-4.117222
55.933319,-4.116522
55.933398,-4.117182
55.932896,-4.116595
55.932716,-4.115528
55.926992,-4.131159
55.932163,-4.111640
55.932985,-4.117688
55.933250,-4.118487
55.933285,-4.118025
55.933932,-4.117980
55.933560,-4.118744
55.932272,-4.117345
55.927669,-4.128907
55.942862,-4.113984
55.928042,-4.130160
55.928157,-4.128742
55.934189,-4.118218
55.943193,-4.115139
55.928050,-4.130753
55.931961,-4.124948
55.935735,-4.128613
55.935149,-4.129782
55.935632,-4.127279
55.936013,-4.125554
55.936287,-4.126338
55.936595,-4.128757
55.937972,-4.127135
55.937628,-4.127260
55.939012,-4.127272
55.940050,-4.127489
55.939258,-4.124980
55.936723,-4.127114
55.939870,-4.127031
55.937967,-4.125293
55.937471,-4.125955
55.937877,-4.124312
55.938314,-4.127090
55.938394,-4.124548
55.938321,-4.123023
55.938542,-4.121658
55.938757,-4.119636
55.938319,-4.120541
55.938926,-4.117116
55.938186,-4.118356
55.938232,-4.116726
55.938364,-4.117421
55.937970,-4.120474
55.937452,-4.121310
55.937300,-4.122839
55.937217,-4.124500
55.937882,-4.118756
55.931058,-4.125731
55.930763,-4.125651
55.936869,-4.124353
55.931353,-4.126836
55.932881,-4.130458
55.932458,-4.132052
55.932323,-4.133661
55.930279,-4.124536
55.929858,-4.124433
55.939180,-4.133622
55.938633,-4.133031
55.930024,-4.124730
55.938920,-4.134120
55.939003,-4.131419
55.938958,-4.130375
55.929868,-4.125938
55.939057,-4.130909
55.939721,-4.130978
55.939415,-4.130977
55.939068,-4.129725
55.938455,-4.130892
55.938437,-4.129818
55.938020,-4.131589
55.938342,-4.133272
55.937735,-4.131461
55.937931,-4.128974
55.937966,-4.129552
55.938764,-4.129148
55.939759,-4.129298
55.942138,-4.128372
55.942159,-4.129254
55.942259,-4.130765
55.941613,-4.130185
55.941837,-4.130694
55.942866,-4.125754
55.941871,-4.129799
55.942932,-4.123003
55.943110,-4.122565
55.942480,-4.118447
55.943355,-4.121393
55.942496,-4.125846
55.942551,-4.120612
55.943109,-4.120531
55.942104,-4.120972
55.937011,-4.130220
55.936582,-4.101281
55.941412,-4.093665
55.929267,-4.125329
55.943746,-4.087449
55.937884,-4.116034
55.941820,-4.118699
55.928403,-4.124913
55.928891,-4.124732
55.929252,-4.121006
55.942092,-4.106480
55.934107,-4.122984
55.929739,-4.143764
55.928732,-4.140123
55.927850,-4.140250
55.928355,-4.127168
55.927942,-4.134397
55.931956,-4.142878
55.927106,-4.137008
55.930967,-4.139798
55.926552,-4.135793
55.926290,-4.136883
55.930279,-4.139552
55.926898,-4.132931
55.927155,-4.133121
55.929519,-4.138293
55.928306,-4.139347
55.929224,-4.138197
55.927717,-4.133360
55.942121,-4.116345
55.942890,-4.117060
55.933230,-4.159967
55.932973,-4.159744
55.932610,-4.159932
55.932182,-4.158227
55.932187,-4.156899
55.931346,-4.158773
55.930104,-4.156783
55.929937,-4.158663
55.929368,-4.159336
55.929211,-4.160079
55.928393,-4.162115
55.930276,-4.158810
55.930061,-4.162832
55.929827,-4.163860
55.929102,-4.164203
55.930309,-4.162013
55.928913,-4.162192
55.929622,-4.160710
55.930445,-4.160916
55.931687,-4.160809
55.930325,-4.155499
55.931846,-4.160466
55.933654,-4.159366
55.933517,-4.160511
55.926121,-4.166630
55.923313,-4.156118
55.932506,-4.155140
55.932265,-4.155527
55.927767,-4.163489
55.927121,-4.163421
55.926802,-4.164715
55.932516,-4.154020
55.927459,-4.165152
55.926569,-4.165663
55.925309,-4.167833
55.927461,-4.164544
55.925508,-4.166244
55.924803,-4.165932
55.924787,-4.167356
55.924430,-4.166680
55.924071,-4.167684
55.924598,-4.168418
55.924231,-4.169326
55.923478,-4.169716
55.924433,-4.169593
55.923248,-4.171079
55.922766,-4.172397
55.923121,-4.172145
55.923693,-4.171296
55.924317,-4.172100
55.923943,-4.170366
55.922708,-4.173114
55.923407,-4.175282
55.922517,-4.175808
55.922917,-4.175030
55.923632,-4.172734
55.932140,-4.153983
55.923447,-4.176581
55.923581,-4.168457
55.924568,-4.171121
55.925244,-4.172520
55.925731,-4.167873
55.928137,-4.164950
55.925686,-4.169391
55.927902,-4.164008
55.928249,-4.166717
55.927485,-4.168787
55.926331,-4.169475
55.923659,-4.173759
55.924110,-4.175177
55.925327,-4.173933
55.924517,-4.174032
55.927424,-4.156906
55.929977,-4.156376
55.929669,-4.155478
55.929469,-4.156652
55.929474,-4.155852
55.929221,-4.155389
55.929115,-4.156328
55.929061,-4.156805
55.928623,-4.159278
55.929347,-4.157429
55.927170,-4.157549
55.925722,-4.159165
55.928664,-4.155406
55.927461,-4.159950
55.925816,-4.161459
55.926938,-4.161569
55.927831,-4.161875
55.925151,-4.160446
55.928597,-4.160717
55.927808,-4.162146
55.927239,-4.162867
55.925864,-4.162358
55.926482,-4.162456
55.926409,-4.163541
55.926867,-4.163022
55.926646,-4.163842
55.926226,-4.165259
55.925630,-4.164410
55.926178,-4.163400
55.923268,-4.177035
55.924249,-4.175937
55.923578,-4.174779
55.925976,-4.164669
55.924398,-4.175642
55.926866,-4.154362
55.925564,-4.156355
55.923761,-4.156207
55.922436,-4.157958
55.922751,-4.155366
55.921623,-4.156152
55.922591,-4.151132
55.923635,-4.146436
55.924922,-4.144795
55.922021,-4.154429
55.921526,-4.155026
55.927174,-4.151178
55.926978,-4.153664
55.926717,-4.148495
55.926639,-4.147851
55.926987,-4.147998
55.925548,-4.146478
55.924413,-4.147664
55.923870,-4.148402
55.923734,-4.152060
55.924467,-4.149219
55.925116,-4.147062
55.924978,-4.145662
55.925044,-4.149123
55.925351,-4.148532
55.925984,-4.147782
55.926036,-4.148890
55.924726,-4.148257
55.925347,-4.149236
55.924865,-4.152170
55.925951,-4.152775
55.925219,-4.151454
55.925482,-4.150300
55.925513,-4.151614
55.926166,-4.151250
55.925196,-4.149676
55.926419,-4.153713
55.926931,-4.153245
55.931115,-4.153974
55.929619,-4.154243
55.929590,-4.154866
55.930945,-4.155453
55.931332,-4.155459
55.931425,-4.154247
55.927636,-4.156070
55.931088,-4.156053
55.923571,-4.158837
55.924606,-4.158222
55.924459,-4.154805
55.925255,-4.155057
55.925438,-4.154315
55.924474,-4.153957
55.926277,-4.154666
55.927486,-4.153356
55.929080,-4.153717
55.928604,-4.153162
55.928824,-4.151894
55.925475,-4.153789
55.928793,-4.151092
55.928484,-4.152307
55.927749,-4.149129
55.927723,-4.151144
55.929794,-4.152940
55.928106,-4.151806
55.920141,-4.175995
55.919437,-4.179237
55.926877,-4.180823
55.929696,-4.188569
55.922284,-4.173746
55.921579,-4.174491
55.921530,-4.172680
55.921592,-4.173740
55.921288,-4.173627
55.920845,-4.173778
55.921985,-4.172849
55.920850,-4.171970
55.920776,-4.153704
55.919799,-4.151985
55.920086,-4.153554
55.919381,-4.153787
55.919578,-4.153318
55.919339,-4.152584
55.917554,-4.151925
55.918695,-4.152436
55.918391,-4.153380
55.918611,-4.155200
55.915836,-4.153014
55.918943,-4.153154
55.917309,-4.153592
55.916302,-4.154656
55.914631,-4.156148
55.916540,-4.156430
55.920290,-4.155246
55.917095,-4.155548
55.917664,-4.155388
55.917234,-4.156852
55.918705,-4.156486
55.919654,-4.157707
55.919737,-4.158640
55.920906,-4.154496
55.919498,-4.135741
55.920147,-4.156758
55.918278,-4.157774
55.914208,-4.144827
55.913945,-4.145996
55.923419,-4.140790
55.913714,-4.145887
55.919639,-4.156506
55.917912,-4.136998
55.917896,-4.139477
55.921604,-4.148500
55.915483,-4.149538
55.915169,-4.151585
55.915017,-4.152568
55.914271,-4.146398
55.911999,-4.143729
55.911541,-4.142167
55.910894,-4.146772
55.911287,-4.144873
55.910523,-4.146431
55.907065,-4.148880
55.911936,-4.141645
55.906553,-4.149907
55.907057,-4.149311
55.908136,-4.149835
55.908458,-4.151453
55.908358,-4.149431
55.907708,-4.152179
55.908151,-4.153564
55.907486,-4.152023
55.907739,-4.150405
55.908566,-4.152451
55.904439,-4.142783
55.910494,-4.145006
55.909564,-4.145754
55.921598,-4.144691
55.921142,-4.152780
55.919457,-4.151022
55.919961,-4.150938
55.919290,-4.151797
55.918828,-4.150971
55.918415,-4.150452
55.918034,-4.149647
55.918287,-4.151069
55.915830,-4.150293
55.916620,-4.150305
55.917215,-4.151746
55.917168,-4.150863
55.916222,-4.146842
55.915485,-4.146866
55.916643,-4.145905
55.917061,-4.146665
55.918074,-4.147857
55.916764,-4.147192
55.917398,-4.147467
55.918233,-4.147001
55.916758,-4.145480
55.918100,-4.146386
55.918910,-4.146799
55.919188,-4.147374
55.920642,-4.148511
55.921264,-4.150466
55.920936,-4.151232
55.922009,-4.146922
55.922438,-4.143409
55.922192,-4.140514
55.923386,-4.142117
55.922925,-4.143852
55.922275,-4.146585
55.923026,-4.142193
55.922237,-4.145174
55.919557,-4.148371
55.923178,-4.144266
55.914936,-4.174567
55.910232,-4.166640
55.902666,-4.161930
55.903164,-4.151976
55.913135,-4.137327
55.909526,-4.133960
55.911802,-4.125557
55.918857,-4.130728
55.920710,-4.139424
55.926440,-4.105774
55.932582,-4.095029
55.911066,-4.128605
55.918704,-4.142627
55.917963,-4.142874
55.918914,-4.144030
55.919132,-4.142346
55.928337,-4.081434
55.919452,-4.141500
55.918576,-4.144812
55.920709,-4.146210
55.923259,-4.139629
55.919935,-4.139014
55.919643,-4.139317
55.919361,-4.139494
55.919189,-4.138012
55.919577,-4.136913
55.920498,-4.137668
55.912161,-4.147322
55.920119,-4.140336
55.911778,-4.146085
55.923537,-4.139660
55.920250,-4.138999
55.921912,-4.142179
55.922219,-4.142068
55.922441,-4.139664
55.922351,-4.139115
55.921253,-4.139726
55.922450,-4.138080
55.921456,-4.142010
55.921669,-4.138053
55.919771,-4.145854
55.920607,-4.145356
55.919593,-4.147317
55.920400,-4.147922
55.920482,-4.145814
55.988638,-4.228424
55.988235,-4.226877
55.988742,-4.231091
55.983304,-4.224205
55.971736,-4.197771
55.984666,-4.229910
55.984118,-4.230376
55.984351,-4.229892
55.984064,-4.231383
55.985678,-4.241464
55.984924,-4.229059
55.982348,-4.255987
55.983247,-4.223865
55.987403,-4.230116
55.971367,-4.195747
55.983718,-4.232613
55.983536,-4.233228
55.988811,-4.227327
55.985423,-4.232230
55.968011,-4.187416
55.979942,-4.221768
55.978474,-4.221443
55.978185,-4.221491
55.979431,-4.222684
55.968069,-4.188173
55.969328,-4.188116
55.970474,-4.188389
55.969555,-4.187519
55.970124,-4.188866
55.973071,-4.199497
55.973392,-4.199612
55.971791,-4.197181
55.972872,-4.197579
55.972123,-4.198210
55.971569,-4.197569
55.971045,-4.196209
55.970050,-4.196538
55.970200,-4.194158
55.970410,-4.192968
55.971405,-4.193618
55.971903,-4.196466
55.970865,-4.193683
55.970933,-4.194408
55.970890,-4.194822
55.971668,-4.195027
55.971398,-4.192527
55.972103,-4.195292
55.972843,-4.191615
55.972760,-4.192220
55.972797,-4.193199
55.973542,-4.193242
55.973134,-4.194437
55.972574,-4.196104
55.973011,-4.196321
55.973622,-4.193807
55.973611,-4.196451
55.974076,-4.197054
55.973536,-4.198129
55.970287,-4.191311
55.972943,-4.189554
55.974000,-4.195287
55.972386,-4.190548
55.970733,-4.196576
55.969595,-4.196383
55.970522,-4.190234
55.970888,-4.191873
55.972160,-4.193612
55.969544,-4.194201
55.969498,-4.195272
55.976339,-4.211223
55.974824,-4.209005
55.974851,-4.209503
55.974564,-4.209455
55.974678,-4.207618
55.977218,-4.199765
55.974870,-4.207966
55.973132,-4.204613
55.973227,-4.206334
55.974659,-4.205694
55.973830,-4.205807
55.974222,-4.203954
55.976011,-4.208977
55.979885,-4.203908
55.981275,-4.202608
55.974719,-4.202316
55.975466,-4.202278
55.976054,-4.201574
55.975896,-4.203360
55.976630,-4.203498
55.976466,-4.202655
55.977283,-4.202670
55.978659,-4.206643
55.977722,-4.208754
55.976993,-4.208327
55.977956,-4.207244
55.976780,-4.203170
55.978815,-4.205466
55.979173,-4.204044
55.978661,-4.203998
55.979775,-4.204046
55.977352,-4.206841
55.979897,-4.204774
55.975815,-4.202875
55.976522,-4.209551
55.972180,-4.204607
55.974456,-4.201948
55.973272,-4.201304
55.975080,-4.203747
55.975709,-4.204279
55.974080,-4.202391
55.976629,-4.208066
55.976675,-4.208534
55.976792,-4.209518
55.977157,-4.211190
55.975494,-4.204732
55.978137,-4.211214
55.981183,-4.213247
55.980147,-4.215881
55.978700,-4.212881
55.973784,-4.227313
55.975746,-4.219732
55.975108,-4.220689
55.972922,-4.215836
55.973705,-4.199197
55.972527,-4.185652
55.973985,-4.203684
55.971961,-4.189178
55.975327,-4.231424
55.970454,-4.207618
55.972190,-4.187396
55.971549,-4.188097
55.974420,-4.199927
55.974606,-4.198591
55.974486,-4.195747
55.975252,-4.195118
55.976015,-4.195193
55.975488,-4.194474
55.975958,-4.193843
55.976504,-4.191967
55.968360,-4.191025
55.975752,-4.195306
55.964366,-4.192258
55.963471,-4.212620
55.979696,-4.188333
55.971866,-4.187442
55.982364,-4.201516
55.953373,-4.177155
55.972903,-4.187756
55.963288,-4.155570
55.963973,-4.145145
55.959482,-4.137751
55.961507,-4.130846
55.962326,-4.132349
55.960186,-4.126191
55.962575,-4.118968
55.965645,-4.119697
55.967548,-4.111966
55.970472,-4.118599
55.965071,-4.126924
55.956709,-4.120922
55.969327,-4.127174
55.962269,-4.136687
55.956953,-4.159607
55.956635,-4.159797
55.963866,-4.101319
55.958165,-4.160699
55.958434,-4.162797
55.959383,-4.166054
55.958890,-4.165482
55.958655,-4.164027
55.963597,-4.162524
55.963646,-4.160781
55.962388,-4.161255
55.962638,-4.160837
55.962360,-4.164426
55.961984,-4.164325
55.962552,-4.166263
55.964549,-4.161552
55.961255,-4.165422
55.961737,-4.163558
55.961333,-4.161997
55.962016,-4.166089
55.958451,-4.158745
55.955614,-4.159083
55.958169,-4.164048
55.962363,-4.160148
55.964510,-4.160220
55.964902,-4.160899
55.964862,-4.159599
55.964304,-4.158638
55.964636,-4.158657
55.966216,-4.159754
55.965205,-4.159538
55.965926,-4.160395
55.966351,-4.157695
55.961359,-4.159996
55.964875,-4.158366
55.960157,-4.166546
55.960321,-4.163351
55.960918,-4.164137
55.959236,-4.164187
55.961050,-4.159146
55.959225,-4.163306
55.959446,-4.161476
55.958836,-4.160913
55.965104,-4.161663
55.964949,-4.162327
55.965435,-4.162787
55.965916,-4.169656
55.965315,-4.169078
55.966086,-4.177341
55.967308,-4.176368
55.973974,-4.178537
55.978458,-4.159684
55.959771,-4.159860
55.966224,-4.165443
55.960338,-4.157745
55.967298,-4.162122
55.967060,-4.160827
55.967163,-4.161618
55.963950,-4.157273
55.966126,-4.163371
55.967911,-4.162509
55.967618,-4.161835
55.966024,-4.166618
55.964693,-4.167168
55.964314,-4.166250
55.964885,-4.168541
55.965703,-4.165446
55.966067,-4.164681
55.966068,-4.158961
55.964306,-4.164118
55.966463,-4.167700
55.958953,-4.169555
55.959365,-4.169145
55.959658,-4.170363
55.957674,-4.169723
55.957904,-4.169400
55.958243,-4.168570
55.958337,-4.166268
55.957866,-4.167491
55.957414,-4.167658
55.965632,-4.172044
55.962632,-4.170401
55.958714,-4.167314
55.961204,-4.167293
55.960083,-4.168673
55.963257,-4.170148
55.961626,-4.169864
55.956472,-4.164514
55.957606,-4.164897
55.956737,-4.165794
55.962055,-4.168463
55.961927,-4.169080
55.962839,-4.163748
55.962730,-4.162284
55.963011,-4.167266
55.963122,-4.169131
55.963376,-4.168953
55.942342,-4.165134
55.942342,-4.165134
55.942342,-4.165134
55.932310,-4.154504
55.932310,-4.154504
55.932310,-4.154504
55.932310,-4.154504
55.932310,-4.154504
55.932310,-4.154504
55.932310,-4.154504
55.932310,-4.154504
55.932310,-4.154504
55.932310,-4.154504
55.932310,-4.154504
55.932310,-4.154504
55.932310,-4.154504
55.932310,-4.154504
55.932310,-4.154504
55.932310,-4.154504
55.932310,-4.154504
55.932310,-4.154504
55.932310,-4.154504
55.932310,-4.154504
55.932310,-4.154504
55.932310,-4.154504
55.932310,-4.154504
55.932105,-4.154397
55.932105,-4.154397
55.932105,-4.154397
55.932105,-4.154397
55.932105,-4.154397
55.932105,-4.154397
55.932105,-4.154397
55.932105,-4.154397
55.932105,-4.154397
55.932310,-4.154504
55.934608,-4.159803
55.951255,-3.988245
55.952043,-3.987341
55.952462,-3.986433
55.951857,-3.986611
55.951526,-3.985969
55.952020,-3.993763
55.952766,-3.984831
55.953222,-3.985527
55.953497,-3.984116
55.951900,-3.985588
55.946815,-3.994456
55.949999,-3.985907
55.951181,-3.985054
55.951905,-3.983650
55.948198,-3.983925
55.944943,-3.996249
55.945285,-3.996779
55.945668,-3.995918
55.946686,-3.990157
55.946366,-3.987194
55.940491,-3.997061
55.946815,-3.989411
55.946857,-3.990726
55.946222,-3.989957
55.946686,-3.990157
55.953745,-3.981550
55.948010,-3.998889
55.947003,-3.990558
55.946044,-4.000950
55.946857,-3.990726
55.947063,-3.990208
55.946815,-3.989411
55.946815,-3.989411
55.947024,-3.985962
55.946907,-3.989848
55.947517,-3.991033
55.943717,-3.992615
55.946815,-3.989411
55.947380,-3.991186
55.942733,-3.995094
55.942594,-3.994255
55.947706,-3.984908
55.951890,-3.990713
55.952459,-3.990502
55.953405,-3.991495
55.953077,-3.982845
55.949889,-3.994918
55.950716,-3.993279
55.950455,-3.994419
55.949321,-3.996154
55.948847,-3.997667
55.948357,-3.997450
55.949318,-3.998541
55.950441,-3.995267
55.953732,-3.986787
55.945461,-3.989229
55.947380,-3.991186
55.945614,-3.998638
55.945121,-3.999125
55.944871,-3.997959
55.944292,-3.999258
55.943939,-3.997751
55.943212,-3.998834
55.942622,-3.999172
55.942229,-3.997951
55.943468,-3.996333
55.944332,-3.996794
55.946955,-3.987977
55.943462,-4.002770
55.947883,-3.999508
55.947620,-3.997460
55.948430,-3.992377
55.950444,-3.991183
55.949976,-3.989541
55.949471,-3.989131
55.949668,-3.991399
55.949243,-3.990433
55.949163,-3.992623
55.950095,-3.990556
55.949481,-3.993520
55.948827,-3.995056
55.947258,-3.999812
55.947691,-4.000795
55.947507,-3.989975
55.947462,-3.989973
55.947900,-3.989034
55.948199,-3.988857
55.941882,-4.001584
55.941187,-4.002909
55.947188,-3.990279
55.940567,-4.002877
55.939484,-4.003141
55.939098,-4.004210
55.939907,-4.004204
55.942126,-4.003182
55.939602,-4.005309
55.940774,-4.005066
55.940451,-4.005609
55.939954,-4.006320
55.939593,-4.007486
55.940169,-4.007980
55.940644,-4.007012
55.941162,-4.006639
55.942151,-4.004368
55.942473,-4.003920
55.954421,-3.980863
55.954858,-3.980485
55.955107,-3.981763
55.955597,-3.979834
55.952054,-3.997769
55.947459,-3.991270
55.946502,-3.991541
55.952153,-3.996652
55.946400,-3.994546
55.946815,-3.994456
55.953242,-3.977023
55.952580,-3.976829
55.950938,-3.978379
55.950632,-3.977819
55.951756,-3.977812
55.954204,-3.977585
55.939736,-3.983139
55.964466,-3.976490
55.929323,-3.985232
55.940375,-3.978641
55.942023,-3.985658
55.939859,-3.981673
55.954520,-3.975839
55.951988,-3.979602
55.954856,-3.975007
55.955527,-3.975778
55.956519,-3.976133
55.956820,-3.974706
55.957768,-3.975540
55.955876,-3.975315
55.955294,-3.976855
55.956229,-3.974052
55.957241,-3.973142
55.957449,-3.971903
55.955901,-3.973218
55.957244,-3.969586
55.957410,-3.967608
55.957203,-3.966508
55.956519,-3.964888
55.955979,-3.967199
55.956533,-3.970207
55.955384,-3.974057
55.951859,-3.971362
55.953534,-3.975116
55.953138,-3.974006
55.954788,-3.972521
55.952586,-3.978719
55.955177,-3.971852
55.954539,-3.973517
55.953811,-3.974601
55.952768,-3.975781
55.954137,-3.973352
55.952333,-3.974302
55.952040,-3.975232
55.953632,-3.968409
55.954464,-3.968612
55.954419,-3.967552
55.955043,-3.968401
55.955510,-3.968953
55.955649,-3.969873
55.951608,-3.966833
55.951933,-3.968419
55.952460,-3.969215
55.954437,-3.970869
55.951905,-3.970164
55.953286,-3.970954
55.954500,-3.971449
55.953513,-3.973016
55.953167,-3.968850
55.953029,-3.971838
55.952492,-3.972228
55.952344,-3.973646
55.952849,-3.973511
55.951961,-3.972841
55.952066,-3.974721
55.951707,-3.973581
55.951384,-3.974654
55.951670,-3.975309
55.954313,-3.965705
55.951070,-3.971851
55.951455,-3.975827
55.951276,-3.970212
55.950565,-3.970816
55.949661,-3.972804
55.949964,-3.971859
55.950419,-3.972635
55.949605,-3.973506
55.949878,-3.974433
55.948945,-3.973200
55.948661,-3.974099
55.949272,-3.975267
55.930115,-3.984040
55.949365,-3.976697
55.946837,-3.983070
55.946638,-3.981987
55.946329,-3.981122
55.947896,-3.982019
55.947675,-3.981207
55.947377,-3.980183
55.948909,-3.981062
55.948074,-3.980475
55.948742,-3.979708
55.947552,-3.978847
55.948210,-3.979265
55.948736,-3.978379
55.949547,-3.979942
55.944022,-3.984319
55.943132,-3.988245
55.946016,-3.984341
55.949288,-3.978743
55.945608,-3.983440
55.945057,-3.983107
55.945199,-3.985965
55.944873,-3.985004
55.944471,-3.984326
55.944543,-3.987661
55.944099,-3.986789
55.943850,-3.986601
55.943298,-3.988526
55.943774,-3.989063
55.938391,-3.985200
55.940368,-3.982435
55.942942,-3.989965
55.942139,-3.989059
55.942293,-3.990668
55.941708,-3.990126
55.942256,-3.992380
55.941678,-3.991982
55.941032,-3.991404
55.942764,-3.991557
55.940506,-3.990592
55.941302,-3.993596
55.940879,-3.993046
55.940165,-3.992208
55.941459,-3.986078
55.939765,-3.989722
55.940339,-3.989767
55.940826,-3.986894
55.941761,-3.983499
55.942085,-3.983516
55.941624,-3.981955
55.945083,-3.979794
55.946012,-3.980161
55.940237,-3.987168
55.945200,-3.978679
55.946339,-3.978833
55.942947,-3.985209
55.942913,-3.984519
55.945569,-3.980283
55.943805,-3.982162
55.943847,-3.982901
55.943096,-3.981534
55.944068,-3.979197
55.944465,-3.978545
55.945062,-3.977727
55.945668,-3.976941
55.946192,-3.977913
55.946817,-3.978169
55.946762,-3.975395
55.947054,-3.975122
55.947003,-3.976064
55.947093,-3.976629
55.947843,-3.976956
55.946175,-3.976166
55.941236,-3.988788
55.947522,-3.976795
55.959025,-3.977350
55.959596,-3.976450
55.958646,-3.979109
55.959749,-3.979774
55.960505,-3.979749
55.960119,-3.981379
55.959886,-3.983033
55.959497,-3.983750
55.959076,-3.985875
55.935161,-3.986572
55.929603,-3.990721
55.958885,-3.984888
55.962080,-3.974558
55.962316,-3.974378
55.961908,-3.976296
55.962613,-3.974377
55.962304,-3.975739
55.961985,-3.977085
55.960881,-3.978150
55.961029,-3.978446
55.961681,-3.979248
55.961152,-3.979750
55.960383,-3.983972
55.960128,-3.983590
55.962136,-3.981146
55.962943,-3.979024
55.962475,-3.977927
55.962689,-3.976383
55.963396,-3.977076
55.963902,-3.977487
55.961872,-3.979674
55.964305,-3.975344
55.964135,-3.974166
55.962886,-3.975272
55.962748,-3.974944
55.963505,-3.978171
55.958233,-3.981859
55.932622,-3.987386
55.957852,-3.981535
55.931704,-3.988044
55.930608,-3.986355
55.930742,-3.990283
55.943735,-3.978668
55.943434,-3.974457
55.943917,-3.974081
55.943888,-3.973087
55.948589,-3.970203
55.945953,-3.974890
55.943954,-3.976773
55.935456,-3.994432
55.936831,-3.986049
55.937810,-3.987764
55.936496,-3.987873
55.951905,-3.983650
55.949600,-3.962583
55.949771,-3.961983
55.950063,-3.961709
55.950646,-3.962908
55.950863,-3.961718
55.950768,-3.960912
55.952042,-3.961617
55.952585,-3.961357
55.951313,-3.959434
55.951809,-3.959876
55.951753,-3.958335
55.951273,-3.961386
55.952252,-3.958553
55.952862,-3.959208
55.953632,-3.959968
55.960432,-3.954496
55.952271,-3.960219
55.961058,-3.952974
55.961333,-3.951514
55.959319,-3.954392
55.960423,-3.951099
55.960982,-3.949269
55.958108,-3.954844
55.960311,-3.951895
55.962147,-3.950049
55.952716,-3.957102
55.953727,-3.958483
55.953256,-3.956457
55.955080,-3.958215
55.955348,-3.957139
55.955726,-3.958824
55.954341,-3.957729
55.955128,-3.959675
55.954561,-3.960864
55.957262,-3.959447
55.956149,-3.959903
55.955397,-3.961403
55.958764,-3.955389
55.968436,-3.944452
55.953642,-3.955387
55.967772,-3.947239
55.958934,-3.958298
55.960051,-3.956960
55.960341,-3.958513
55.960684,-3.957873
55.960719,-3.956770
55.960852,-3.959131
55.962076,-3.957335
55.961888,-3.955611
55.961247,-3.956908
55.961135,-3.954948
55.962159,-3.954375
55.962721,-3.954660
55.966852,-3.961069
55.969741,-3.956825
55.959596,-3.956184
55.936971,-3.976241
55.935429,-3.957463
55.965579,-3.963120
55.960420,-3.968241
55.950933,-3.954466
55.965629,-3.937838
55.968326,-3.947411
55.957779,-3.910517
55.967391,-3.964445
55.957338,-3.950688
55.957757,-3.950917
55.958887,-3.950493
55.959272,-3.950016
55.958919,-3.947868
55.959781,-3.947943
55.959176,-3.947000
55.959983,-3.946527
55.961739,-3.945174
55.960101,-3.949289
55.961298,-3.946898
55.961004,-3.946194
55.960453,-3.945221
55.958288,-3.946875
55.962103,-3.946554
55.959382,-3.944751
55.959217,-3.943830
55.962722,-3.942067
55.963018,-3.941008
55.963607,-3.942368
55.963415,-3.946027
55.962711,-3.946184
55.962759,-3.947148
55.963853,-3.943309
55.968417,-3.945637
55.967084,-3.942430
55.965925,-3.942965
55.967622,-3.949347
55.962466,-3.948623
55.966724,-3.941867
55.964108,-3.952727
55.963688,-3.952065
55.963768,-3.949233
55.964420,-3.950644
55.962709,-3.943508
55.957107,-3.945374
55.957692,-3.945916
55.952944,-3.954023
55.956156,-3.946976
55.956763,-3.948400
55.955445,-3.949920
55.954427,-3.950061
55.956371,-3.949918
55.967931,-3.942889
55.966011,-3.944924
55.968263,-3.943434
55.968046,-3.944096
55.964624,-3.949100
55.964091,-3.948160
55.964471,-3.946288
55.965362,-3.947310
55.966921,-3.945370
55.929069,-3.965770
55.931197,-3.979917
55.930914,-3.981280
55.925913,-3.975406
55.924068,-4.001769
55.923453,-3.998120
55.936292,-4.001616
55.927246,-4.039725
55.927142,-4.041129
55.937159,-3.998602
55.937226,-3.999983
55.935707,-4.007717
55.935414,-4.002531
55.935276,-4.000523
55.934719,-4.001086
55.935183,-3.999077
55.936438,-3.998693
55.929223,-4.039189
55.928925,-4.039317
55.935488,-3.997972
55.936035,-3.996943
55.939220,-3.993969
55.936709,-4.004679
55.938386,-4.001051
55.934368,-4.028029
55.937561,-4.004227
55.940008,-3.994698
55.938338,-3.992339
55.933438,-4.001917
55.932821,-4.001180
55.938772,-3.993882
55.937074,-3.993282
55.936685,-4.026501
55.935888,-4.026315
55.935189,-4.026198
55.938718,-3.992790
55.935525,-4.026024
55.935030,-4.024973
55.935413,-4.024609
55.934712,-4.024060
55.933732,-4.023561
55.933318,-4.023059
55.933155,-4.024219
55.933889,-4.024930
55.932996,-4.025123
55.933486,-4.025933
55.933217,-4.027008
55.932862,-4.026733
55.934574,-4.025334
55.934888,-4.025958
55.934387,-4.026861
55.934512,-4.027492
55.934793,-4.026818
55.934030,-4.026186
55.935079,-4.027441
55.935315,-4.027294
55.934930,-4.028858
55.934440,-4.028609
55.933499,-4.030080
55.932889,-4.031105
55.934621,-4.031260
55.933375,-4.031050
55.932920,-4.031955
55.932277,-4.029536
55.933054,-4.029241
55.932101,-4.000151
55.934056,-3.998154
55.932311,-4.021950
55.933351,-4.033018
55.934002,-4.021894
55.932726,-4.022948
55.933979,-4.022757
55.931569,-4.029947
55.932603,-3.999104
55.931229,-4.029273
55.931237,-4.027705
55.936929,-3.991674
55.921262,-4.013468
55.925683,-4.043501
55.911739,-4.017134
55.930677,-4.010339
55.926330,-4.017876
55.921449,-4.032171
55.914512,-4.017358
55.912945,-3.999915
55.908983,-4.024062
55.920035,-4.041619
55.921220,-4.047635
55.921096,-4.049677
55.921068,-4.053484
55.918214,-4.051653
55.915253,-4.034055
55.920664,-4.054007
55.921316,-4.049929
55.930625,-4.026664
55.923835,-4.047629
55.932667,-4.019471
55.931224,-4.021397
55.931549,-4.020229
55.931874,-4.020646
55.932291,-4.017690
55.933250,-4.017884
55.933986,-4.017378
55.935057,-4.017802
55.935801,-4.019602
55.935648,-4.017961
55.934936,-4.019701
55.936081,-4.016767
55.934992,-4.016310
55.931222,-4.016594
55.931143,-4.015373
55.932471,-4.013281
55.934729,-4.018634
55.926084,-4.041521
55.926052,-4.039134
55.936794,-4.021479
55.932742,-4.003818
55.935158,-4.004999
55.933863,-4.003988
55.933906,-4.006872
55.934147,-4.006388
55.937858,-4.019085
55.937972,-4.019843
55.938546,-4.019873
55.938156,-4.020077
55.936680,-4.024627
55.938446,-4.017226
55.937200,-4.021964
55.931336,-4.023900
55.937792,-4.023148
55.930160,-4.022190
55.930241,-4.021073
55.929690,-4.021253
55.930083,-4.025740
55.934047,-4.014756
55.934048,-4.013059
55.934551,-4.013581
55.934211,-4.011274
55.933765,-4.012196
55.933773,-4.013893
55.930361,-4.032894
55.929303,-4.033815
55.929486,-4.035809
55.929062,-4.036972
55.928209,-4.038591
55.928775,-4.035356
55.936842,-4.013076
55.935403,-4.013690
55.935586,-4.014628
55.930232,-4.037961
55.930835,-4.037369
55.931683,-4.035540
55.930584,-4.034602
55.931342,-4.036051
55.930489,-4.036006
55.930165,-4.036597
55.931207,-4.034475
55.928802,-4.023896
55.929124,-4.026666
55.929778,-4.027340
55.936851,-4.014757
55.929388,-4.023750
55.951905,-3.983650
55.951905,-3.983650
55.951905,-3.983650
55.951905,-3.983650
55.951905,-3.983650
55.951905,-3.983650
55.951905,-3.983650
55.951905,-3.983650
55.951905,-3.983650
55.951905,-3.983650
55.951905,-3.983650
55.951905,-3.983650
55.951905,-3.983650
55.951905,-3.983650
55.951905,-3.983650
55.951905,-3.983650
55.951905,-3.983650
55.951905,-3.983650
55.951905,-3.983650
55.951905,-3.983650
55.951905,-3.983650
55.951905,-3.983650
55.970983,-4.019096
55.971310,-4.008425
55.969604,-4.005580
55.969331,-4.004685
55.968100,-4.004685
55.968772,-4.009174
55.969643,-4.012521
55.968898,-4.013620
55.968200,-4.013423
55.968141,-4.012090
55.970319,-4.005825
55.969322,-4.011831
55.967617,-4.005653
55.967785,-3.997490
55.970127,-4.008780
55.967250,-4.010489
55.968237,-4.008970
55.963259,-3.987820
55.963953,-3.988849
55.975486,-3.957804
55.963160,-3.990667
55.961752,-4.003796
55.961079,-4.002031
55.961369,-4.002446
55.970527,-3.964428
55.967789,-3.968792
55.962179,-4.000726
55.961704,-4.001743
55.958542,-3.995588
55.959457,-3.993440
55.959332,-3.991191
55.959324,-4.000018
55.959377,-4.000581
55.958692,-3.999056
55.959535,-4.001374
55.959660,-4.020717
55.959866,-4.022394
55.970845,-3.974364
55.960106,-4.022006
55.960764,-4.020807
55.959126,-4.019840
55.959088,-4.016138
55.958125,-4.021710
55.957472,-4.018777
55.960226,-3.998671
55.960459,-3.997625
55.961125,-4.010797
55.957259,-4.026839
55.958653,-4.016932
55.952452,-4.000368
55.966540,-3.976612
55.974344,-3.966850
55.957733,-4.024237
55.972306,-3.970656
55.956638,-4.024724
55.962405,-3.988401
55.969788,-3.975848
55.958400,-4.025762
55.970099,-3.977162
55.959118,-4.024726
55.958400,-4.025762
55.956052,-4.023717
55.968328,-3.979427
55.964514,-3.984135
55.964196,-3.987131
55.955006,-4.022317
55.959776,-4.002572
55.960820,-3.995865
55.960603,-3.997072
55.966381,-4.012543
55.966020,-4.009336
55.965419,-4.014240
55.966000,-4.014975
55.961225,-4.018476
55.961119,-4.016163
55.964517,-3.981732
55.966897,-4.006273
55.972473,-3.968117
55.974392,-3.960489
55.982295,-3.948883
55.970389,-3.978699
55.961237,-4.011139
55.970507,-3.981445
55.970916,-3.977220
55.973653,-3.986959
55.963564,-4.003425
55.958773,-4.019469
55.956598,-4.019500
55.957534,-4.017226
55.957771,-4.019193
55.963303,-4.002883
55.956764,-4.017587
55.962810,-4.007776
55.962883,-4.006081
55.962006,-4.007462
55.965076,-4.000539
55.965507,-3.997773
55.964390,-3.998501
55.963756,-3.998260
55.964438,-4.000522
55.963864,-3.996551
55.964461,-3.995749
55.963950,-3.994569
55.966421,-3.986813
55.977830,-3.951063
55.978901,-3.949850
55.980106,-3.947491
55.980668,-3.946077
55.983626,-3.947684
55.974435,-3.971261
55.965204,-3.992054
55.965128,-3.993988
55.966386,-3.992900
55.977820,-3.949443
55.965846,-3.994570
55.968072,-3.992506
55.967501,-3.993950
55.961670,-3.984935
55.966263,-3.994351
55.962145,-3.987298
55.961769,-3.988865
55.961104,-3.988270
55.962514,-3.984417
55.960225,-3.989314
55.960252,-3.991527
55.960847,-3.992519
55.962186,-3.993100
55.961935,-3.990267
55.978868,-3.947396
55.962603,-3.995060
55.961426,-3.998941
55.962000,-3.991825
55.962528,-3.998068
55.968009,-3.990307
55.967357,-3.991203
55.981075,-3.945889
55.966502,-3.989573
55.967336,-3.988029
55.961739,-3.994599
55.966041,-3.998105
55.976016,-3.960620
55.977737,-3.961476
55.976337,-3.955139
55.958118,-4.013380
55.977012,-3.953955
55.945530,-4.033465
55.947536,-4.033906
55.936342,-4.027683
55.952076,-4.012986
55.942021,-4.032096
55.950408,-4.018265
55.952880,-4.004426
55.952292,-4.005245
55.947770,-4.034960
55.953232,-4.010403
55.953706,-4.006712
55.951247,-4.016995
55.952339,-4.008995
55.944598,-4.023455
55.943568,-4.016115
55.943126,-4.017341
55.927098,-4.061567
55.925558,-4.058572
55.927284,-4.074606
55.951689,-4.014648
55.951109,-4.006721
55.951839,-4.008809
55.947765,-4.018880
55.948543,-4.016374
55.952858,-4.020683
55.945845,-4.017595
55.946652,-4.017172
55.951380,-4.020398
55.951967,-4.017994
55.951227,-4.011596
55.950661,-4.017093
55.949240,-4.017675
55.950117,-4.013557
55.951086,-4.021311
55.935488,-4.037517
55.936612,-4.038040
55.936127,-4.036926
55.936048,-4.040028
55.934863,-4.039438
55.935923,-4.038917
55.949169,-4.010497
55.947219,-4.014335
55.951893,-4.024172
55.947940,-4.023518
55.949644,-4.007799
55.947057,-4.011076
55.934282,-4.041969
55.935494,-4.041504
55.952491,-4.002404
55.934738,-4.040488
55.950074,-4.009022
55.934690,-4.041206
55.934971,-4.042709
55.946131,-4.013814
55.935994,-4.035158
55.934839,-4.034377
55.935105,-4.036216
55.934015,-4.037488
55.934190,-4.039354
55.933100,-4.040626
55.935715,-4.032998
55.934341,-4.035696
55.934892,-4.037710
55.933426,-4.038818
55.933273,-4.042124
55.937527,-4.036455
55.937471,-4.035524
55.950350,-4.024012
55.949405,-4.021352
55.933987,-4.040784
55.953492,-4.020924
55.953676,-4.004676
55.953023,-4.036324
55.948727,-4.040167
55.949497,-4.040287
55.948742,-4.041417
55.947957,-4.041584
55.951112,-4.043207
55.951302,-4.043634
55.929015,-4.043644
55.941363,-4.033839
55.940445,-4.040452
55.940151,-4.040852
55.953204,-4.038929
55.953308,-4.039751
55.931184,-4.009548
55.931296,-4.008225
55.944619,-4.032600
55.952288,-4.037856
55.951795,-4.037221
55.951460,-4.038965
55.940747,-4.042309
55.951034,-4.033753
55.950658,-4.034759
55.932081,-4.007978
55.950441,-4.037006
55.933091,-4.008911
55.932855,-4.010131
55.932275,-4.006003
55.941585,-4.042177
55.941106,-4.043433
55.940384,-4.043058
55.939814,-4.042164
55.941087,-4.041302
55.942383,-4.036823
55.941459,-4.038343
55.942010,-4.039813
55.950833,-4.040518
55.951054,-4.040690
55.937946,-4.037230
55.928732,-4.058436
55.929976,-4.043135
55.926936,-4.047584
55.938759,-4.037545
55.938028,-4.039364
55.936863,-4.035892
55.939373,-4.037337
55.928478,-4.051059
55.927791,-4.052896
55.931725,-4.047677
55.952255,-4.019082
55.928533,-4.043443
55.927379,-4.055499
55.930000,-4.054630
55.947994,-4.026803
55.945869,-4.024915
55.946242,-4.026247
55.950028,-4.028303
55.949771,-4.027505
55.948179,-4.027598
55.950867,-4.003890
55.950813,-4.005024
55.945566,-4.026933
55.946398,-4.021691
55.946069,-4.023132
55.945649,-4.020756
55.948972,-4.036704
55.946574,-4.027898
55.944530,-4.029281
55.948025,-4.030393
55.939149,-4.035660
55.934490,-4.053202
55.937560,-4.063100
55.939349,-4.039882
55.942835,-4.059377
55.938259,-4.035149
55.940360,-4.067108
55.949505,-4.035467
55.939399,-4.033624
55.949504,-4.034474
55.948917,-4.033546
55.938731,-4.032116
55.937078,-4.033182
55.938712,-4.033844
55.938155,-4.033286
55.947565,-4.026108
55.926520,-4.056926
55.947901,-4.023756
55.945336,-4.037042
55.945648,-4.047500
55.949542,-4.026148
55.944711,-4.043334
55.945918,-4.044791
55.947837,-4.029262
55.943738,-4.044036
55.945193,-4.044081
55.943858,-4.044907
55.944213,-4.045726
55.941625,-4.047848
55.941737,-4.048718
55.942673,-4.046990
55.944004,-4.047509
55.943267,-4.048591
55.944932,-4.047862
55.943990,-4.051592
55.944773,-4.050432
55.943628,-4.050083
55.943694,-4.053145
55.944363,-4.052380
55.941701,-4.050862
55.942035,-4.050239
55.942288,-4.051758
55.951905,-3.983650
55.907961,-4.082629
55.907853,-4.084783
55.907811,-4.081389
55.909167,-4.080918
55.906792,-4.084790
55.909560,-4.081627
55.910317,-4.082531
55.910352,-4.082053
55.910065,-4.082054
55.910524,-4.081471
55.908244,-4.081828
55.914142,-4.084881
55.908819,-4.083411
55.908973,-4.084395
55.908831,-4.086948
55.908585,-4.085558
55.910669,-4.081942
55.909095,-4.086242
55.908971,-4.085579
55.909521,-4.084441
55.909308,-4.083197
55.909872,-4.083356
55.909893,-4.084205
55.915690,-4.093189
55.915560,-4.092926
55.910462,-4.083531
55.910370,-4.085238
55.910977,-4.084983
55.911088,-4.083709
55.911767,-4.083937
55.911265,-4.087558
55.910588,-4.084066
55.909441,-4.085956
55.910037,-4.086308
55.910659,-4.086742
55.911688,-4.085421
55.911290,-4.086632
55.911367,-4.092700
55.918464,-4.088618
55.918569,-4.088239
55.918267,-4.086431
55.919543,-4.084355
55.912082,-4.091890
55.920304,-4.081883
55.920429,-4.088259
55.912082,-4.091890
55.912575,-4.090365
55.913365,-4.089351
55.918405,-4.085750
55.911824,-4.088532
55.912149,-4.087894
55.913384,-4.088216
55.912844,-4.087755
55.912554,-4.089484
55.912225,-4.087162
55.913047,-4.086390
55.913324,-4.086453
55.914115,-4.085903
55.913450,-4.085372
55.912777,-4.084808
55.912233,-4.085610
55.913799,-4.084398
55.913019,-4.083780
55.911469,-4.081937
55.912443,-4.082757
55.913125,-4.083338
55.913859,-4.083538
55.911800,-4.081475
55.911564,-4.082694
55.914090,-4.079998
55.913141,-4.082971
55.914840,-4.076565
55.914404,-4.077326
55.914500,-4.078595
55.914211,-4.077588
55.913858,-4.078273
55.913638,-4.078533
55.916440,-4.091917
55.919874,-4.089206
55.914663,-4.096014
55.915061,-4.095843
55.915133,-4.096343
55.919697,-4.092205
55.920145,-4.091765
55.913188,-4.073789
55.912092,-4.079603
55.911422,-4.079343
55.911491,-4.080594
55.911817,-4.077812
55.910430,-4.080105
55.911501,-4.080035
55.910944,-4.081605
55.913444,-4.078843
55.913204,-4.079214
55.913036,-4.079573
55.912824,-4.079898
55.912577,-4.080173
55.912460,-4.080678
55.916982,-4.080089
55.917442,-4.081041
55.916539,-4.080769
55.917530,-4.078486
55.916600,-4.077684
55.911994,-4.081165
55.916552,-4.082114
55.916915,-4.082965
55.915944,-4.082465
55.912962,-4.077585
55.905911,-4.086375
55.912893,-4.076877
55.913289,-4.092756
55.916527,-4.087297
55.918875,-4.070668
55.912881,-4.095598
55.921706,-4.096138
55.920949,-4.103155
55.915021,-4.099250
55.913929,-4.097414
55.917810,-4.085302
55.911952,-4.096348
55.918390,-4.082885
55.918098,-4.082117
55.918454,-4.081224
55.920182,-4.080548
55.917648,-4.084797
55.918961,-4.081043
55.919333,-4.081367
55.920446,-4.079330
55.915344,-4.074336
55.911248,-4.088581
55.918005,-4.074830
55.910736,-4.090154
55.910131,-4.090329
55.910516,-4.088798
55.909787,-4.087271
55.909992,-4.087954
55.909287,-4.088140
55.909573,-4.089307
55.910242,-4.092271
55.910554,-4.087136
55.911344,-4.093515
55.910596,-4.093122
55.910900,-4.093715
55.910464,-4.093979
55.909849,-4.090554
55.916241,-4.073376
55.912231,-4.097387
55.912186,-4.092616
55.918996,-4.079508
55.918751,-4.076999
55.918735,-4.077398
55.917890,-4.076857
55.914342,-4.074619
55.920508,-4.076725
55.919615,-4.080070
55.920196,-4.078676
55.919313,-4.076693
55.917508,-4.076084
55.915223,-4.072489
55.919392,-4.078377
55.915867,-4.074764
55.916375,-4.076616
55.912506,-4.097594
55.913912,-4.090453
55.914760,-4.090835
55.914389,-4.087790
55.914812,-4.087733
55.914957,-4.083980
55.915218,-4.083931
55.916949,-4.084183
55.916483,-4.086207
55.916175,-4.086350
55.915767,-4.088121
55.916175,-4.083694
55.915364,-4.089635
55.915080,-4.079331
55.914947,-4.080860
55.906995,-4.086609
55.907418,-4.085496
55.914788,-4.078531
55.915859,-4.077404
55.915374,-4.079490
55.915414,-4.078180
55.865840,-4.184160
55.832137,-4.170501
55.832137,-4.170501
55.832137,-4.170501
55.850897,-4.109337
55.850460,-4.110687
55.850499,-4.109459
55.851498,-4.108331
55.852062,-4.106396
55.851112,-4.108326
55.852137,-4.108317
55.852829,-4.107780
55.853872,-4.104577
55.854930,-4.105273
55.854617,-4.105704
55.855649,-4.097915
55.855069,-4.099241
55.855761,-4.099742
55.854797,-4.102534
55.856042,-4.098559
55.856420,-4.102206
55.857226,-4.103991
55.855575,-4.101154
55.854656,-4.100801
55.855967,-4.101894
55.855718,-4.103335
55.855553,-4.104045
55.860733,-4.108032
55.857612,-4.100817
55.858740,-4.106870
55.858652,-4.105699
55.857856,-4.104936
55.859126,-4.109016
55.853558,-4.106110
55.858162,-4.108596
55.860819,-4.108772
55.854783,-4.106512
55.853806,-4.107897
55.851616,-4.112443
55.853684,-4.110830
55.852806,-4.113850
55.852548,-4.112653
55.852978,-4.112693
55.853774,-4.113439
55.854006,-4.111470
55.854462,-4.113189
55.853561,-4.108043
55.856241,-4.106351
55.853752,-4.112112
55.854287,-4.106101
55.852784,-4.109359
55.852145,-4.109916
55.851660,-4.108867
55.854686,-4.107465
55.851784,-4.109481
55.850997,-4.111371
55.851595,-4.110045
55.850349,-4.112965
55.851282,-4.113575
55.859420,-4.108616
55.855623,-4.107292
55.854570,-4.108961
55.856152,-4.107912
55.854720,-4.110183
55.849864,-4.126007
55.849965,-4.127977
55.849928,-4.130100
55.857227,-4.099693
55.849750,-4.132071
55.865094,-4.091600
55.858982,-4.104294
55.859387,-4.105323
55.863821,-4.080265
55.850001,-4.112819
55.860147,-4.113897
55.860043,-4.119436
55.861024,-4.119346
55.857793,-4.121694
55.857316,-4.121221
55.858019,-4.120604
55.857520,-4.119299
55.857578,-4.121155
55.850651,-4.131929
55.850850,-4.132882
55.851383,-4.132241
55.852386,-4.131417
55.858499,-4.102590
55.858036,-4.100200
55.852840,-4.129588
55.851802,-4.130890
55.851470,-4.130808
55.852217,-4.129730
55.850688,-4.127745
55.852594,-4.130773
55.850258,-4.126603
55.850354,-4.125187
55.850820,-4.126826
55.850210,-4.124700
55.850591,-4.129721
55.851192,-4.124050
55.851535,-4.124996
55.850979,-4.125477
55.851489,-4.126607
55.851012,-4.127188
55.851274,-4.129199
55.851796,-4.128093
55.853376,-4.103624
55.853893,-4.100712
55.853644,-4.101114
55.853974,-4.099150
55.853945,-4.098190
55.854205,-4.096686
55.853671,-4.103719
55.853635,-4.102168
55.854128,-4.101699
55.850037,-4.114945
55.849983,-4.115949
55.855251,-4.097542
55.854425,-4.101683
55.850531,-4.116522
55.850674,-4.119166
55.850830,-4.117912
55.851513,-4.117965
55.851167,-4.116604
55.851819,-4.119499
55.852584,-4.119925
55.852388,-4.120888
55.851457,-4.121205
55.851630,-4.119521
55.850753,-4.120304
55.850312,-4.122453
55.850561,-4.123137
55.851167,-4.123426
55.850997,-4.119199
55.851951,-4.122271
55.852280,-4.122448
55.851881,-4.123673
55.851730,-4.125677
55.850768,-4.121519
55.851559,-4.122553
55.854581,-4.097809
55.850950,-4.111991
55.858147,-4.104233
55.856958,-4.100733
55.856025,-4.104805
55.857991,-4.103394
55.852199,-4.126646
55.853484,-4.126109
55.852737,-4.128257
55.852073,-4.127134
55.857886,-4.101630
55.854486,-4.124789
55.853889,-4.127137
55.853500,-4.127276
55.852801,-4.128724
55.852966,-4.127486
55.853487,-4.129081
55.853499,-4.130455
55.851558,-4.133528
55.851943,-4.133613
55.852574,-4.132993
55.853745,-4.130740
55.854601,-4.129062
55.854929,-4.127754
55.854314,-4.128519
55.854696,-4.127198
55.854942,-4.122865
55.855394,-4.120653
55.855301,-4.121351
55.854648,-4.122705
55.854270,-4.127414
55.856789,-4.109033
55.856417,-4.111314
55.856650,-4.110831
55.856597,-4.109742
55.855127,-4.120479
55.855458,-4.110143
55.856347,-4.099119
55.855436,-4.127589
55.850806,-4.114636
55.851526,-4.116672
55.851670,-4.117718
55.851721,-4.114701
55.852358,-4.114241
55.852615,-4.116060
55.852922,-4.117515
55.853210,-4.115965
55.851846,-4.115810
55.852073,-4.112036
55.853523,-4.117595
55.853769,-4.114813
55.853247,-4.114321
55.852283,-4.117608
55.854081,-4.116523
55.853819,-4.116589
55.854388,-4.119560
55.854759,-4.118861
55.854448,-4.116575
55.854626,-4.116153
55.854397,-4.114335
55.854596,-4.114234
55.854988,-4.116013
55.855626,-4.120218
55.855332,-4.119036
55.855080,-4.117440
55.854112,-4.119912
55.853397,-4.119697
55.855774,-4.119427
55.853898,-4.118782
55.852660,-4.118139
55.852942,-4.120024
55.858630,-4.114326
55.858235,-4.114304
55.857840,-4.112685
55.858454,-4.111504
55.856664,-4.119923
55.850383,-4.113622
55.856507,-4.123845
55.850022,-4.113714
55.850043,-4.111447
55.856309,-4.123323
55.855272,-4.123011
55.850336,-4.112198
55.855672,-4.123768
55.855853,-4.124225
55.856262,-4.122426
55.849192,-4.127967
55.856508,-4.112820
55.856665,-4.114139
55.856995,-4.116921
55.857655,-4.116686
55.857363,-4.114832
55.856403,-4.116857
55.855599,-4.112356
55.855028,-4.111590
55.861965,-4.096945
55.855916,-4.113252
55.865083,-4.092223
55.865140,-4.088374
55.861294,-4.093074
55.858125,-4.080168
55.859585,-4.077274
55.864343,-4.080261
55.855989,-4.126246
55.859949,-4.078076
55.849694,-4.115550
55.849485,-4.115139
55.848823,-4.116525
55.848293,-4.118109
55.847613,-4.119973
55.846532,-4.121719
55.846330,-4.120399
55.844137,-4.120934
55.845333,-4.120903
55.844731,-4.120855
55.843990,-4.123194
55.846625,-4.121038
55.844075,-4.122464
55.844455,-4.122277
55.844174,-4.124498
55.845223,-4.125673
55.843950,-4.121850
55.846131,-4.125132
55.844592,-4.125303
55.844805,-4.121817
55.845106,-4.123111
55.844811,-4.124054
55.845626,-4.122676
55.845608,-4.124241
55.850408,-4.107441
55.845849,-4.125867
55.845822,-4.122208
55.846094,-4.124187
55.846718,-4.122400
55.846624,-4.123178
55.847871,-4.126377
55.846381,-4.123149
55.846640,-4.125351
55.847624,-4.124559
55.847840,-4.125082
55.846841,-4.124644
55.848094,-4.125479
55.843313,-4.124403
55.842645,-4.124574
55.842356,-4.127274
55.842863,-4.127062
55.843619,-4.127007
55.846146,-4.113312
55.846257,-4.112088
55.845857,-4.111843
55.845077,-4.114356
55.845418,-4.116499
55.845775,-4.115065
55.846079,-4.115161
55.846355,-4.117381
55.845096,-4.113223
55.846051,-4.118850
55.847260,-4.117542
55.846772,-4.117148
55.844343,-4.117815
55.846039,-4.113833
55.845110,-4.118687
55.845456,-4.120511
55.843942,-4.118655
55.844936,-4.119428
55.844194,-4.119164
55.843814,-4.120357
55.846167,-4.119447
55.847420,-4.119228
55.847102,-4.119929
55.848226,-4.116253
55.847208,-4.114839
55.846875,-4.114821
55.846718,-4.116634
55.849423,-4.108282
55.847463,-4.116211
55.849311,-4.101199
55.842742,-4.132965
55.848223,-4.102275
55.850418,-4.108975
55.848293,-4.103397
55.850324,-4.109753
55.848475,-4.108534
55.849152,-4.107341
55.850054,-4.095025
55.850758,-4.094296
55.850687,-4.095874
55.849986,-4.095868
55.850074,-4.097550
55.848832,-4.096573
55.848516,-4.096667
55.857307,-4.076465
55.856017,-4.062863
55.856258,-4.062940
55.856450,-4.064915
55.856430,-4.062326
55.856239,-4.061916
55.855976,-4.061008
55.849844,-4.099982
55.849827,-4.113001
55.857460,-4.077001
55.856768,-4.066818
55.847761,-4.108751
55.846867,-4.110588
55.848302,-4.111832
55.847840,-4.110449
55.848989,-4.110016
55.848486,-4.110500
55.848944,-4.111084
55.850775,-4.106470
55.850303,-4.105710
55.850948,-4.099530
55.850417,-4.103240
55.848421,-4.110129
55.849665,-4.104126
55.850031,-4.101669
55.851040,-4.105718
55.849481,-4.102790
55.843369,-4.132105
55.847916,-4.102338
55.849452,-4.104993
55.849486,-4.113525
55.851168,-4.096651
55.849425,-4.114465
55.848999,-4.112061
55.848992,-4.112972
55.848474,-4.114860
55.847931,-4.111955
55.848071,-4.114775
55.847501,-4.113450
55.847027,-4.111731
55.847454,-4.127121
55.848309,-4.113494
55.853879,-4.074573
55.849589,-4.106438
55.849012,-4.101311
55.846247,-4.127311
55.851791,-4.095422
55.851353,-4.094759
55.848957,-4.103480
55.846809,-4.128556
55.848747,-4.129764
55.849055,-4.130180
55.848827,-4.131909
55.849444,-4.131575
55.847155,-4.130891
55.847220,-4.131821
55.847829,-4.132445
55.847242,-4.132605
55.846671,-4.132382
55.847986,-4.130649
55.847987,-4.131639
55.848276,-4.130537
55.848211,-4.132211
55.848498,-4.131715
55.847996,-4.129020
55.846940,-4.130320
55.847979,-4.127949
55.846328,-4.131948
55.845378,-4.129228
55.846729,-4.106044
55.843763,-4.132159
55.851354,-4.095734
55.851455,-4.096155
55.848083,-4.120366
55.849691,-4.120949
55.848761,-4.118071
55.849724,-4.116941
55.849672,-4.118919
55.848887,-4.120666
55.850076,-4.118925
55.848952,-4.122634
55.849941,-4.110052
55.849161,-4.119371
55.847048,-4.104240
55.848931,-4.109182
55.847432,-4.102823
55.847890,-4.100739
55.848420,-4.100752
55.856572,-4.083249
55.858212,-4.069707
55.857809,-4.072258
55.856438,-4.078448
55.853940,-4.076238
55.854008,-4.077551
55.854627,-4.077089
55.856871,-4.080437
55.854745,-4.076488
55.855266,-4.077027
55.855743,-4.077532
55.855609,-4.077988
55.853386,-4.078189
55.855999,-4.078888
55.856148,-4.079647
55.855307,-4.079953
55.855623,-4.079315
55.855372,-4.077656
55.855126,-4.078410
55.854477,-4.077992
55.853781,-4.078769
55.854290,-4.079468
55.854572,-4.080346
55.855037,-4.078901
55.855020,-4.079874
55.854833,-4.080344
55.853824,-4.081009
55.854619,-4.079166
55.853066,-4.082230
55.854099,-4.082285
55.855149,-4.082342
55.855509,-4.082329
55.854036,-4.080157
55.855623,-4.083549
55.855968,-4.080724
55.856003,-4.082867
55.856030,-4.081270
55.856271,-4.080836
55.856436,-4.079582
55.856264,-4.078071
55.846906,-4.108833
55.846248,-4.107391
55.846922,-4.107939
55.851936,-4.071977
55.853377,-4.073412
55.854398,-4.074664
55.853010,-4.070660
55.852251,-4.075157
55.852492,-4.077391
55.851694,-4.078322
55.851935,-4.075763
55.851750,-4.073453
55.851403,-4.074840
55.851461,-4.075642
55.851035,-4.077441
55.850972,-4.079051
55.852938,-4.078645
55.853143,-4.077186
55.853461,-4.076436
55.853024,-4.075134
55.852794,-4.080794
55.852077,-4.079621
55.852919,-4.081344
55.851756,-4.081042
55.852526,-4.082265
55.852826,-4.083176
55.853592,-4.079335
55.853759,-4.080046
55.852989,-4.079862
55.860397,-4.072843
55.859785,-4.070765
55.860119,-4.071742
55.858853,-4.072202
55.858579,-4.068720
55.858110,-4.070932
55.859000,-4.070372
55.859706,-4.073270
55.860559,-4.069081
55.858193,-4.071863
55.858200,-4.077344
55.860673,-4.070333
55.859433,-4.071338
55.856724,-4.082746
55.849857,-4.072697
55.849919,-4.070080
55.856526,-4.070528
55.847643,-4.065391
55.844908,-4.070373
55.859056,-4.074561
55.859049,-4.072819
55.847414,-4.106496
55.847687,-4.099977
55.844432,-4.112133
55.842826,-4.129695
55.844082,-4.126170
55.844773,-4.127837
55.843989,-4.130526
55.843552,-4.129799
55.848326,-4.105715
55.848627,-4.107041
55.886458,-4.081940
55.887369,-4.081222
55.886964,-4.082319
55.886124,-4.072456
55.888412,-4.080654
55.889637,-4.083118
55.888960,-4.080667
55.889628,-4.082094
55.889495,-4.080344
55.890328,-4.081588
55.888691,-4.082732
55.890198,-4.080238
55.889838,-4.079723
55.890473,-4.078349
55.891162,-4.080657
55.890017,-4.081411
55.891390,-4.080429
55.890565,-4.082480
55.893430,-4.080427
55.891610,-4.083384
55.893930,-4.082261
55.896556,-4.085840
55.893881,-4.078740
55.897224,-4.087779
55.897397,-4.088700
55.897371,-4.090235
55.897162,-4.091951
55.896622,-4.091506
55.896648,-4.092579
55.896714,-4.089783
55.895450,-4.094370
55.896182,-4.094105
55.896787,-4.095017
55.896143,-4.091624
55.897073,-4.094041
55.897327,-4.092839
55.897685,-4.090779
55.897676,-4.088172
55.896522,-4.095755
55.895758,-4.093155
55.887786,-4.080444
55.877492,-4.109708
55.892242,-4.080011
55.896480,-4.087132
55.886348,-4.082606
55.886555,-4.083097
55.894540,-4.075400
55.893854,-4.075555
55.884451,-4.079962
55.884188,-4.072673
55.879232,-4.069723
55.875156,-4.089136
55.895034,-4.078034
55.874913,-4.092880
55.892588,-4.079774
55.895065,-4.075684
55.894326,-4.080603
55.893970,-4.079864
55.893836,-4.080880
55.894594,-4.080729
55.894693,-4.080142
55.893813,-4.077441
55.884959,-4.088720
55.881110,-4.110976
55.878265,-4.107592
55.880682,-4.117076
55.881642,-4.108255
55.880618,-4.111365
55.881637,-4.094329
55.887566,-4.085997
55.888276,-4.083381
55.881158,-4.109779
55.892881,-4.073568
55.892956,-4.062185
55.887362,-4.083236
55.879114,-4.104712
55.879364,-4.105877
55.894688,-4.071378
55.879287,-4.106736
55.878819,-4.104153
55.886725,-4.084721
55.894949,-4.074606
55.894225,-4.073288
55.889434,-4.084530
55.889998,-4.084609
55.890575,-4.085071
55.888040,-4.087766
55.887872,-4.087613
55.888435,-4.086716
55.888561,-4.085123
55.888738,-4.088459
55.887814,-4.088905
55.888206,-4.084321
55.888202,-4.087726
55.880381,-4.101599
55.889840,-4.070016
55.884525,-4.079310
55.878754,-4.101623
55.878148,-4.104484
55.877509,-4.106128
55.893882,-4.062666
55.893762,-4.063428
55.896146,-4.070752
55.888938,-4.073998
55.896483,-4.077407
55.896950,-4.077944
55.896280,-4.078772
55.883616,-4.078878
55.893789,-4.061766
55.891131,-4.062185
55.893305,-4.062220
55.895647,-4.062456
55.908553,-4.058150
55.905642,-4.078905
55.902752,-4.087197
55.902084,-4.076187
55.906646,-4.073183
55.891356,-4.079276
55.885709,-4.085850
55.886457,-4.086210
55.886316,-4.087129
55.886049,-4.088059
55.886504,-4.091377
55.886624,-4.090696
55.887202,-4.091079
55.887380,-4.092224
55.887149,-4.093618
55.886253,-4.092435
55.885906,-4.092752
55.885538,-4.091693
55.886122,-4.089582
55.886006,-4.090567
55.899943,-4.108560
55.899426,-4.110420
55.899263,-4.111562
55.899973,-4.109969
55.900254,-4.108817
55.900698,-4.109081
55.901982,-4.108639
55.902019,-4.110145
55.901896,-4.111562
55.901316,-4.112874
55.902869,-4.111406
55.901400,-4.109039
55.902907,-4.112368
55.903982,-4.112059
55.903537,-4.112307
55.904076,-4.112864
55.902539,-4.112348
55.903570,-4.113492
55.902049,-4.113106
55.900536,-4.112767
55.899848,-4.112026
55.900392,-4.110712
55.900952,-4.110023
55.901162,-4.110338
55.902547,-4.113980
55.900921,-4.112340
55.896586,-4.114136
55.896456,-4.114881
55.897196,-4.114713
55.897505,-4.114506
55.897360,-4.115586
55.899995,-4.110818
55.897834,-4.116811
55.902116,-4.107094
55.897099,-4.113540
55.897955,-4.113411
55.902665,-4.108100
55.908482,-4.103248
55.903863,-4.110053
55.901305,-4.108266
55.904621,-4.105151
55.905159,-4.104204
55.905623,-4.104341
55.900734,-4.104924
55.904296,-4.104205
55.904605,-4.107149
55.903004,-4.107207
55.901431,-4.107745
55.902262,-4.105407
55.902394,-4.103990
55.903334,-4.107864
55.900756,-4.105181
55.900303,-4.106964
55.899914,-4.107647
55.900097,-4.106393
55.898978,-4.106700
55.899071,-4.104930
55.899430,-4.104933
55.900179,-4.105310
55.898309,-4.104825
55.899056,-4.103201
55.898480,-4.106385
55.898746,-4.108159
55.897564,-4.099522
55.904888,-4.107405
55.897334,-4.100869
55.899947,-4.095700
55.892800,-4.097953
55.898108,-4.107133
55.897515,-4.106029
55.896789,-4.106438
55.897016,-4.109985
55.897595,-4.109744
55.905978,-4.106728
55.906654,-4.106077
55.906860,-4.107160
55.895108,-4.111720
55.895010,-4.112195
55.895579,-4.112018
55.895240,-4.112431
55.895429,-4.112937
55.895244,-4.113775
55.894643,-4.113183
55.893919,-4.114007
55.906745,-4.105490
55.906350,-4.104396
55.907133,-4.104903
55.908180,-4.104640
55.907133,-4.104903
55.895787,-4.096195
55.895309,-4.097369
55.895538,-4.096550
55.889793,-4.104059
55.906480,-4.108403
55.907512,-4.109003
55.905880,-4.100899
55.905782,-4.094015
55.917295,-4.114479
55.916909,-4.123852
55.908970,-4.115690
55.907598,-4.110784
55.902855,-4.098048
55.911983,-4.102942
55.895314,-4.115410
55.892187,-4.118518
55.892950,-4.114418
55.891589,-4.114136
55.889766,-4.118195
55.900659,-4.121316
55.905174,-4.123194
55.902458,-4.120678
55.904471,-4.097112
55.907459,-4.095801
55.906236,-4.101127
55.907528,-4.101212
55.906579,-4.098361
55.906262,-4.098552
55.905195,-4.097327
55.904933,-4.097409
55.904922,-4.098560
55.904338,-4.099104
55.904116,-4.101076
55.905804,-4.099535
55.904895,-4.100190
55.905340,-4.098854
55.904542,-4.098203
55.905524,-4.101200
55.903514,-4.102627
55.903133,-4.100223
55.902626,-4.102003
55.905000,-4.101892
55.902938,-4.102644
55.902497,-4.102716
55.903554,-4.101301
55.903338,-4.098730
55.901203,-4.102166
55.901669,-4.101743
55.905277,-4.108818
55.904712,-4.108755
55.905591,-4.098340
55.905811,-4.109151
55.906583,-4.110233
55.906222,-4.114005
55.904237,-4.114440
55.905495,-4.109773
55.904960,-4.111584
55.904976,-4.110113
55.905869,-4.112018
55.905799,-4.110382
55.903618,-4.114887
55.906476,-4.111235
55.906418,-4.112495
55.905263,-4.114368
55.904895,-4.115932
55.904758,-4.113941
55.904726,-4.113203
55.951905,-3.983650
55.946815,-3.994456
55.946815,-3.994456
55.946815,-3.994456
55.951905,-3.983650
55.951905,-3.983650
55.946815,-3.994456
55.951905,-3.983650
55.951905,-3.983650
55.951905,-3.983650
55.826171,-4.052086
55.826965,-4.050324
55.827939,-4.051190
55.827302,-4.051140
55.827493,-4.052571
55.827636,-4.054782
55.828039,-4.054324
55.828533,-4.054877
55.828014,-4.054786
55.828672,-4.053543
55.828010,-4.053381
55.828057,-4.051675
55.828670,-4.051005
55.829098,-4.051746
55.829619,-4.051757
55.828647,-4.055586
55.830253,-4.050369
55.830632,-4.049767
55.831180,-4.048694
55.831871,-4.048730
55.832883,-4.049470
55.834563,-4.054365
55.832426,-4.049957
55.834720,-4.053575
55.834867,-4.050149
55.834390,-4.051290
55.834565,-4.050501
55.833761,-4.049133
55.832176,-4.048235
55.834599,-4.051652
55.832460,-4.049001
55.830837,-4.048245
55.830743,-4.049006
55.833169,-4.049022
55.830109,-4.049867
55.829716,-4.050245
55.829629,-4.051167
55.832723,-4.047753
55.830108,-4.048270
55.829355,-4.054617
55.826855,-4.056369
55.826925,-4.053755
55.825434,-4.054283
55.833220,-4.051899
55.832426,-4.051011
55.833001,-4.051568
55.832438,-4.051411
55.826447,-4.059269
55.826583,-4.058095
55.827431,-4.057932
55.827964,-4.057194
55.828155,-4.058689
55.828319,-4.055872
55.827585,-4.055689
55.827478,-4.057264
55.827272,-4.060415
55.827381,-4.062528
55.828382,-4.061767
55.827906,-4.062795
55.828736,-4.064771
55.828706,-4.063348
55.827831,-4.064068
55.829569,-4.056912
55.830853,-4.056932
55.831606,-4.057626
55.830858,-4.058816
55.831157,-4.057570
55.830538,-4.057554
55.830099,-4.057466
55.829322,-4.058240
55.829915,-4.059820
55.830958,-4.062478
55.831331,-4.060102
55.831616,-4.059670
55.831809,-4.061597
55.832097,-4.061005
55.830286,-4.061324
55.832455,-4.062206
55.832980,-4.061451
55.833757,-4.061732
55.834547,-4.060688
55.831685,-4.063075
55.834405,-4.061127
55.834786,-4.060908
55.835524,-4.060851
55.834687,-4.062020
55.833171,-4.062371
55.832883,-4.062915
55.832131,-4.063258
55.831361,-4.063633
55.830530,-4.064451
55.829859,-4.061605
55.829745,-4.061950
55.830392,-4.062480
55.829310,-4.061065
55.829953,-4.063446
55.829461,-4.060099
55.836119,-4.082074
55.832249,-4.054626
55.832770,-4.053025
55.833975,-4.053551
55.833555,-4.053944
55.832586,-4.054883
55.833094,-4.055166
55.833953,-4.054812
55.834626,-4.055965
55.834531,-4.056790
55.832886,-4.054165
55.834462,-4.058240
55.833996,-4.057656
55.833417,-4.057849
55.832847,-4.056494
55.833542,-4.055796
55.832550,-4.058139
55.833490,-4.059402
55.832659,-4.059678
55.832427,-4.055817
55.832215,-4.058297
55.833298,-4.060174
55.833976,-4.059380
55.834748,-4.059405
55.835056,-4.057649
55.836418,-4.054686
55.836720,-4.054383
55.837609,-4.054430
55.837942,-4.053856
55.837581,-4.053406
55.835575,-4.054578
55.836652,-4.053613
55.835032,-4.053735
55.835564,-4.053651
55.835807,-4.053057
55.838314,-4.053078
55.835911,-4.052232
55.835696,-4.084239
55.835306,-4.075403
55.837177,-4.065155
55.833698,-4.065753
55.835605,-4.062979
55.836697,-4.067525
55.835479,-4.070494
55.840980,-4.098034
55.841426,-4.086607
55.838135,-4.072360
55.841522,-4.071359
55.837046,-4.086803
55.834714,-4.066254
55.836804,-4.071858
55.832008,-4.080162
55.831704,-4.077431
55.831907,-4.077681
55.832019,-4.078997
55.832195,-4.079741
55.832763,-4.078030
55.831491,-4.078346
55.833384,-4.076946
55.834028,-4.077124
55.833729,-4.076230
55.833994,-4.078096
55.832999,-4.078985
55.834759,-4.077993
55.834383,-4.078452
55.834933,-4.079392
55.835157,-4.078909
55.835125,-4.077598
55.835019,-4.078071
55.834529,-4.076208
55.834162,-4.075566
55.833058,-4.076034
55.828552,-4.066629
55.829315,-4.066143
55.829479,-4.064427
55.829472,-4.062655
55.828909,-4.064094
55.828233,-4.065287
55.829052,-4.058226
55.828625,-4.059624
55.833731,-4.075559
55.829188,-4.065162
55.834037,-4.073899
55.833550,-4.074016
55.834529,-4.072488
55.833863,-4.071462
55.833363,-4.072873
55.835371,-4.081124
55.829189,-4.055997
55.836165,-4.080959
55.835552,-4.079984
55.827642,-4.082739
55.828314,-4.081832
55.829132,-4.081765
55.828764,-4.083341
55.829656,-4.081106
55.830115,-4.080556
55.828945,-4.081180
55.829325,-4.080466
55.830145,-4.079791
55.828384,-4.082970
55.832486,-4.082231
55.832900,-4.083770
55.832995,-4.082913
55.834150,-4.083741
55.828936,-4.080093
55.833492,-4.084361
55.834328,-4.085971
55.834673,-4.085239
55.835460,-4.087005
55.834754,-4.088357
55.835766,-4.089657
55.836321,-4.090852
55.835139,-4.085838
55.836128,-4.092167
55.835725,-4.093120
55.834983,-4.090269
55.833898,-4.086395
55.829079,-4.087574
55.831122,-4.075723
55.835618,-4.091501
55.827428,-4.083701
55.828942,-4.089291
55.828847,-4.085901
55.829908,-4.085846
55.830153,-4.084645
55.829270,-4.085316
55.829838,-4.083064
55.827143,-4.081977
55.832140,-4.083027
55.831435,-4.082159
55.831277,-4.084642
55.831126,-4.082909
55.831660,-4.085908
55.832126,-4.084926
55.832777,-4.085217
55.833147,-4.087217
55.833337,-4.088728
55.833693,-4.090520
55.831870,-4.083029
55.833992,-4.089338
55.834026,-4.089947
55.834296,-4.090999
55.833492,-4.091802
55.832838,-4.086929
55.833255,-4.089841
55.832808,-4.091861
55.832917,-4.090701
55.832440,-4.090772
55.832646,-4.089713
55.830966,-4.088138
55.831119,-4.087571
55.829882,-4.087904
55.831245,-4.089654
55.830992,-4.090263
55.831616,-4.091654
55.832589,-4.092009
55.831476,-4.080852
55.830172,-4.087776
55.831647,-4.089851
55.831401,-4.086341
55.830387,-4.084115
55.820855,-4.067418
55.828040,-4.070370
55.831228,-4.081158
55.832196,-4.092962
55.834275,-4.092755
55.826705,-4.063689
55.826483,-4.062991
55.826171,-4.056445
55.829269,-4.077940
55.825294,-4.059943
55.823464,-4.060820
55.824577,-4.058739
55.825310,-4.057916
55.825665,-4.057679
55.826149,-4.061457
55.827669,-4.064603
55.826864,-4.061702
55.826541,-4.062228
55.826176,-4.055072
55.825861,-4.059877
55.827061,-4.071947
55.829846,-4.074649
55.828509,-4.070235
55.827818,-4.074462
55.827855,-4.074927
55.829237,-4.075607
55.828970,-4.075417
55.827782,-4.073917
55.821238,-4.053136
55.821831,-4.055833
55.822236,-4.056333
55.822452,-4.055227
55.823010,-4.054123
55.822198,-4.053793
55.823560,-4.056147
55.823175,-4.055520
55.823758,-4.053476
55.822866,-4.052535
55.822389,-4.053116
55.821650,-4.054291
55.821542,-4.052689
55.821028,-4.051720
55.821758,-4.051040
55.823096,-4.053265
55.822143,-4.051667
55.822556,-4.050667
55.822972,-4.051040
55.823572,-4.051119
55.823865,-4.052444
55.824427,-4.055395
55.823364,-4.057127
55.824079,-4.057356
55.823550,-4.058350
55.822478,-4.060656
55.822195,-4.058805
55.821915,-4.057258
55.826552,-4.075432
55.822522,-4.062334
55.829150,-4.078620
55.827301,-4.068319
55.820675,-4.057799
55.826449,-4.070876
55.828535,-4.069806
55.826657,-4.072963
55.821143,-4.057201
55.823532,-4.062675
55.824047,-4.069455
55.824064,-4.069520
55.823392,-4.065110
55.835938,-4.100637
55.825282,-4.069761
55.835446,-4.096842
55.819587,-4.060503
55.816106,-4.067087
55.826052,-4.070440
55.814801,-4.068837
55.820848,-4.053897
55.827068,-4.066726
55.829172,-4.071995
55.828532,-4.068369
55.828066,-4.066125
55.826305,-4.065552
55.829880,-4.076344
55.826180,-4.063406
55.825605,-4.062849
55.825487,-4.063992
55.825074,-4.065040
55.826972,-4.064901
55.826390,-4.072821
55.825557,-4.071036
55.826340,-4.074175
55.825330,-4.072238
55.827709,-4.070273
55.825709,-4.072162
55.826734,-4.070540
55.827531,-4.071748
55.826145,-4.074005
55.828051,-4.073404
55.828689,-4.072927
55.827436,-4.070993
55.826352,-4.075086
55.828614,-4.072013
55.829437,-4.085006
55.827602,-4.078745
55.832533,-4.081036
55.829805,-4.070145
55.829861,-4.072143
55.831465,-4.071878
55.831727,-4.072881
55.831500,-4.071416
55.830625,-4.070571
55.832512,-4.074807
55.829426,-4.070763
55.831622,-4.070018
55.829020,-4.069800
55.831402,-4.073519
55.830352,-4.069679
55.832684,-4.071048
55.833356,-4.071675
55.832979,-4.073267
55.833313,-4.070491
55.831654,-4.075592
55.830054,-4.073527
55.830586,-4.072837
55.830832,-4.073744
55.832971,-4.074241
55.833537,-4.068922
55.832067,-4.070297
55.833013,-4.068543
55.832162,-4.069440
55.832512,-4.068436
55.830617,-4.067825
55.830401,-4.068915
55.831762,-4.067087
55.830996,-4.065561
55.822273,-4.075012
55.825002,-4.080474
55.822867,-4.079179
55.821916,-4.077516
55.824216,-4.081246
55.825636,-4.082871
55.825267,-4.084480
55.824601,-4.083981
55.824381,-4.087960
55.823103,-4.080133
55.825061,-4.087071
55.826199,-4.087307
55.826235,-4.086208
55.826427,-4.088677
55.825555,-4.085517
55.825312,-4.088729
55.828503,-4.089746
55.829712,-4.091056
55.830496,-4.093046
55.830476,-4.092071
55.822356,-4.077507
55.822822,-4.086089
55.822964,-4.088315
55.821917,-4.076382
55.824535,-4.082620
55.822794,-4.075535
55.831154,-4.092938
55.823170,-4.086778
55.822695,-4.084597
55.822862,-4.078460
55.822426,-4.085062
55.822890,-4.092143
55.821186,-4.085570
55.822218,-4.084620
55.822403,-4.086418
55.823916,-4.090490
55.823744,-4.091614
55.826541,-4.095165
55.825325,-4.094844
55.824775,-4.092835
55.823836,-4.093040
55.823817,-4.094683
55.826603,-4.091017
55.826010,-4.093109
55.824573,-4.090972
55.825256,-4.090977
55.825220,-4.091997
55.825023,-4.095163
55.825641,-4.093137
55.825789,-4.091852
55.824971,-4.090259
55.824612,-4.089713
55.825964,-4.091047
55.826031,-4.089741
55.827508,-4.090140
55.826728,-4.089986
55.827549,-4.095091
55.824187,-4.086162
55.813600,-4.073960
55.817394,-4.072295
55.814756,-4.073639
55.821664,-4.083920
55.819109,-4.082458
55.814648,-4.072564
55.818037,-4.082113
55.815855,-4.082013
55.820562,-4.083190
55.827274,-4.090127
55.816824,-4.080995
55.815697,-4.080727
55.823195,-4.085853
55.814993,-4.075582
55.815183,-4.076534
55.817595,-4.067788
55.817503,-4.068501
55.817084,-4.070969
55.817981,-4.069979
55.814138,-4.079910
55.812519,-4.076265
55.844170,-4.101177
55.844498,-4.098831
55.843780,-4.099846
55.845745,-4.096342
55.843488,-4.100629
55.844868,-4.100320
55.846672,-4.095705
55.846432,-4.100836
55.847263,-4.094236
55.846674,-4.098773
55.847807,-4.096102
55.847274,-4.096233
55.846960,-4.096759
55.847222,-4.097189
55.845738,-4.096709
55.845941,-4.096417
55.846075,-4.095961
55.846274,-4.095365
55.845790,-4.098453
55.844404,-4.097516
55.844728,-4.096415
55.847707,-4.093493
55.847513,-4.095415
55.845253,-4.094080
55.845454,-4.094969
55.813591,-4.079274
55.815676,-4.079817
55.817593,-4.081260
55.818054,-4.081077
55.817996,-4.082414
55.818169,-4.083828
55.819393,-4.080574
55.816620,-4.084544
55.817487,-4.084877
55.819105,-4.084278
55.815747,-4.092557
55.815883,-4.090394
55.816378,-4.089846
55.821683,-4.082755
55.816478,-4.088175
55.822482,-4.083899
55.821333,-4.081683
55.821849,-4.080960
55.821903,-4.079367
55.820713,-4.072663
55.820687,-4.071496
55.820734,-4.074595
55.819046,-4.077155
55.820909,-4.076999
55.819760,-4.073171
55.820830,-4.078463
55.821583,-4.078057
55.820440,-4.078171
55.820185,-4.075699
55.820205,-4.078223
55.819772,-4.076731
55.820556,-4.073979
55.819574,-4.078333
55.819260,-4.076209
55.819444,-4.079124
55.819663,-4.079487
55.820122,-4.078889
55.817062,-4.083402
55.821218,-4.079474
55.817696,-4.080499
55.819606,-4.083378
55.821003,-4.082623
55.819233,-4.082034
55.820015,-4.081501
55.818593,-4.081632
55.817950,-4.079252
55.818475,-4.079599
55.817927,-4.077415
55.818942,-4.071595
55.817459,-4.071596
55.817244,-4.076405
55.817846,-4.074809
55.817754,-4.075426
55.816446,-4.074654
55.817324,-4.074270
55.816769,-4.074145
55.815924,-4.073142
55.818008,-4.075312
55.817538,-4.073356
55.817431,-4.073813
55.818248,-4.073840
55.818492,-4.075928
55.816671,-4.073581
55.818854,-4.074687
55.818536,-4.070136
55.818774,-4.072528
55.818833,-4.078612
55.824286,-4.078744
55.820619,-4.081405
55.820451,-4.081779
55.843451,-4.102784
55.820048,-4.084839
55.819208,-4.069135
55.818421,-4.070561
55.819138,-4.070663
55.840741,-4.114057
55.842395,-4.115632
55.841326,-4.116644
55.819471,-4.083930
55.819981,-4.085649
55.840150,-4.117586
55.820530,-4.086142
55.821468,-4.086479
55.820965,-4.087506
55.821677,-4.087911
55.821921,-4.091500
55.820910,-4.091254
55.820060,-4.091049
55.820293,-4.090567
55.822032,-4.090788
55.821375,-4.090337
55.822316,-4.089957
55.821629,-4.089696
55.820588,-4.089609
55.821230,-4.088829
55.822051,-4.090230
55.820098,-4.086693
55.819605,-4.086603
55.819383,-4.086974
55.819162,-4.086228
55.820131,-4.088962
55.819333,-4.085136
55.841104,-4.116983
55.818745,-4.083811
55.819656,-4.083094
55.820677,-4.077434
55.841702,-4.114652
55.842755,-4.108256
55.840165,-4.110991
55.839763,-4.111896
55.841070,-4.112158
55.840324,-4.111639
55.822372,-4.098277
55.839819,-4.110174
55.818429,-4.099709
55.832764,-4.108610
55.836342,-4.108037
55.833528,-4.114879
55.828224,-4.093978
55.831878,-4.121464
55.828161,-4.092921
55.837025,-4.109080
55.839238,-4.112650
55.838898,-4.113589
55.839939,-4.113694
55.839489,-4.114740
55.837710,-4.116847
55.840650,-4.125088
55.832157,-4.119371
55.837113,-4.131124
55.837576,-4.111026
55.826613,-4.093077
55.827091,-4.090884
55.828028,-4.091748
55.844178,-4.103366
55.827315,-4.091949
55.827145,-4.092435
55.827173,-4.093411
55.823204,-4.082629
55.822896,-4.081750
55.822282,-4.082995
55.838301,-4.114340
55.838074,-4.112395
55.838326,-4.113383
55.838402,-4.117316
55.837634,-4.114463
55.839185,-4.117805
55.838539,-4.114624
55.838123,-4.114761
55.832229,-4.097355
55.836431,-4.103874
55.813411,-4.077206
55.841620,-4.120461
55.841127,-4.120898
55.843548,-4.108124
55.845085,-4.109165
55.844746,-4.109051
55.844771,-4.107551
55.845813,-4.104461
55.845495,-4.102543
55.838658,-4.106645
55.838347,-4.103274
55.839004,-4.108484
55.838948,-4.106485
55.845372,-4.104469
55.804043,-4.061357
55.804363,-4.062682
55.804213,-4.067318
55.796311,-4.061028
55.805889,-4.061726
55.809246,-4.056047
55.801491,-4.060281
55.803759,-4.060608
55.801737,-4.061171
55.798383,-4.063403
55.805478,-4.061018
55.797572,-4.063520
55.797318,-4.062055
55.797787,-4.061441
55.797335,-4.060508
55.798323,-4.070707
55.799243,-4.065204
55.799782,-4.066253
55.810132,-4.067009
55.811866,-4.064851
55.813748,-4.065733
55.813579,-4.064559
55.798237,-4.058753
55.815528,-4.063513
55.797931,-4.058785
55.814574,-4.090212
55.809078,-4.089981
55.817341,-4.062076
55.817729,-4.061985
55.804122,-4.063643
55.812911,-4.066869
55.812640,-4.091353
55.815109,-4.083074
55.817092,-4.059781
55.802878,-4.069752
55.802354,-4.071479
55.801946,-4.069080
55.800722,-4.072350
55.800262,-4.071416
55.800696,-4.068009
55.800308,-4.069711
55.798733,-4.071447
55.801269,-4.071374
55.799812,-4.069302
55.799539,-4.072702
55.799905,-4.076056
55.800231,-4.076440
55.801624,-4.074265
55.802353,-4.074750
55.801944,-4.077696
55.803138,-4.073484
55.803227,-4.070887
55.805561,-4.085899
55.806635,-4.086164
55.806366,-4.084011
55.806053,-4.082878
55.803054,-4.069442
55.807354,-4.086202
55.802762,-4.068629
55.804851,-4.071596
55.804215,-4.070397
55.803247,-4.068671
55.802852,-4.068059
55.800397,-4.078826
55.810300,-4.089456
55.814433,-4.093205
55.813626,-4.093098
55.800483,-4.073199
55.801635,-4.068314
55.799024,-4.070712
55.799139,-4.069745
55.809568,-4.065766
55.800289,-4.079889
55.798289,-4.077549
55.797790,-4.078352
55.800900,-4.064446
55.801338,-4.077935
55.813287,-4.066394
55.812917,-4.068130
55.804781,-4.069326
55.805632,-4.067919
55.806099,-4.068997
55.806441,-4.068936
55.807962,-4.068841
55.807919,-4.068153
55.809403,-4.067577
55.809148,-4.068824
55.807037,-4.068265
55.809162,-4.069623
55.809498,-4.069417
55.809200,-4.068412
55.809595,-4.068960
55.808880,-4.068778
55.810051,-4.069111
55.809886,-4.069853
55.810426,-4.069818
55.810289,-4.068885
55.810137,-4.068270
55.809731,-4.068360
55.808789,-4.070943
55.808195,-4.071024
55.807739,-4.071925
55.808644,-4.066244
55.808035,-4.066084
55.808211,-4.065790
55.808008,-4.065588
55.807657,-4.065585
55.808270,-4.067102
55.806948,-4.066633
55.807603,-4.066684
55.807283,-4.065901
55.807227,-4.065531
55.808363,-4.065272
55.806937,-4.065100
55.806705,-4.065040
55.806581,-4.066007
55.806773,-4.066305
55.806009,-4.066344
55.806543,-4.067186
55.806178,-4.066975
55.807103,-4.067567
55.807329,-4.067435
55.807903,-4.067513
55.808257,-4.069990
55.807724,-4.070153
55.810117,-4.070551
55.812158,-4.068904
55.807796,-4.066965
55.805185,-4.069364
55.802311,-4.070312
55.799604,-4.068318
55.799018,-4.075881
55.811243,-4.070372
55.800876,-4.065322
55.799392,-4.064366
55.800690,-4.064626
55.801053,-4.064948
55.799929,-4.063964
55.798828,-4.062087
55.799268,-4.062636
55.799989,-4.063041
55.800656,-4.060269
55.800834,-4.060358
55.799399,-4.059644
55.800222,-4.059352
55.800549,-4.060742
55.805753,-4.073527
55.800039,-4.060061
55.805134,-4.085142
55.811783,-4.075683
55.799194,-4.058979
55.803989,-4.047424
55.805023,-4.074190
55.804027,-4.072510
55.804379,-4.071874
55.804820,-4.072887
55.804287,-4.068263
55.803575,-4.071576
55.805287,-4.070757
55.806226,-4.072132
55.804084,-4.075480
55.807524,-4.072983
55.807507,-4.073413
55.808807,-4.073625
55.806261,-4.070570
55.808768,-4.074836
55.810078,-4.076023
55.811060,-4.076953
55.809633,-4.075233
55.807734,-4.073808
55.810628,-4.075382
55.809849,-4.073633
55.811162,-4.075187
55.810595,-4.073082
55.811175,-4.072810
55.809900,-4.072215
55.809626,-4.071419
55.810524,-4.071451
55.811676,-4.072948
55.808774,-4.071836
55.809105,-4.072476
55.807993,-4.061646
55.808746,-4.062803
55.810272,-4.063490
55.810824,-4.073924
55.809022,-4.061349
55.810656,-4.063590
55.805287,-4.063848
55.814139,-4.092519
55.809772,-4.062745
55.805484,-4.061720
55.797978,-4.065089
55.802885,-4.066641
55.802728,-4.067430
55.802358,-4.067028
55.801918,-4.065361
55.802598,-4.066594
55.802593,-4.065860
55.803129,-4.062825
55.802791,-4.064737
55.802555,-4.065953
55.802754,-4.063204
55.802418,-4.068786
55.802011,-4.064090
55.800806,-4.063085
55.801273,-4.062567
55.798729,-4.063709
55.803820,-4.065031
55.799017,-4.064713
55.798037,-4.064246
55.798471,-4.065131
55.798351,-4.068012
55.797548,-4.066023
55.798712,-4.066308
55.800215,-4.066149
55.800654,-4.067305
55.801414,-4.067010
55.798845,-4.068038
55.814519,-4.088677
55.805357,-4.081005
55.813062,-4.089301
55.812647,-4.087778
55.798796,-4.073029
55.817238,-4.090004
55.816970,-4.091458
55.803338,-4.072856
55.804123,-4.090146
55.803692,-4.066748
55.806601,-4.063168
55.808077,-4.064108
55.810880,-4.080183
55.807718,-4.063051
55.806843,-4.062686
55.811952,-4.063483
55.805385,-4.066566
55.804677,-4.076039
55.804645,-4.079515
55.805961,-4.064921
55.804067,-4.077554
55.804795,-4.077018
55.805118,-4.078152
55.805010,-4.082407
55.803560,-4.079888
55.805461,-4.079623
55.819606,-4.083378
55.819606,-4.083378
55.819606,-4.083378
55.819606,-4.083378
55.819606,-4.083378
55.819606,-4.083378
55.793645,-4.085358
55.793580,-4.091272
55.781436,-4.087209
55.781565,-4.087583
55.781736,-4.088597
55.776668,-4.100141
55.794558,-4.092457
55.792170,-4.089123
55.794038,-4.095014
55.792086,-4.090873
55.759853,-4.114283
55.791305,-4.089811
55.792411,-4.092390
55.793015,-4.092279
55.793486,-4.094713
55.792694,-4.094766
55.793047,-4.095678
55.793044,-4.097417
55.791280,-4.099157
55.790922,-4.091146
55.792778,-4.096717
55.791986,-4.096754
55.792752,-4.093988
55.792223,-4.095491
55.779062,-4.093620
55.779000,-4.097811
55.792180,-4.098041
55.790455,-4.092716
55.789507,-4.093000
55.788903,-4.093606
55.790439,-4.092109
55.790107,-4.094723
55.788998,-4.096514
55.789137,-4.095708
55.789716,-4.094941
55.787654,-4.103124
55.777550,-4.096936
55.783711,-4.106644
55.785566,-4.102741
55.784772,-4.105027
55.785402,-4.101297
55.784603,-4.104411
55.786609,-4.101681
55.785346,-4.099316
55.786945,-4.101443
55.787361,-4.102869
55.783075,-4.102862
55.783292,-4.102252
55.784520,-4.105587
55.785023,-4.099841
55.784324,-4.102833
55.784785,-4.102715
55.788247,-4.094687
55.786800,-4.094673
55.787323,-4.094605
55.787081,-4.092966
55.787190,-4.097087
55.786412,-4.097443
55.786228,-4.095552
55.786317,-4.096641
55.785144,-4.095860
55.785893,-4.096203
55.785473,-4.096117
55.786640,-4.095637
55.785667,-4.097371
55.785749,-4.095733
55.785666,-4.098998
55.790189,-4.091473
55.785080,-4.093337
55.785939,-4.100353
55.785566,-4.094862
55.778319,-4.099241
55.780467,-4.103487
55.780975,-4.101585
55.777836,-4.095994
55.773138,-4.096874
55.772963,-4.096100
55.772969,-4.095175
55.773764,-4.101819
55.774393,-4.100210
55.774491,-4.098669
55.774726,-4.100706
55.773857,-4.099528
55.776877,-4.098446
55.773386,-4.100268
55.773317,-4.101683
55.773618,-4.102433
55.773894,-4.103643
55.774420,-4.101790
55.775653,-4.097472
55.776135,-4.096652
55.772791,-4.101384
55.771934,-4.098946
55.771715,-4.100720
55.771279,-4.096806
55.774351,-4.095329
55.774803,-4.096740
55.773877,-4.094682
55.786360,-4.099402
55.783256,-4.099586
55.785044,-4.098566
55.784524,-4.097996
55.784070,-4.098274
55.784553,-4.100469
55.784180,-4.096574
55.784479,-4.094852
55.783890,-4.095633
55.783594,-4.094533
55.783394,-4.095750
55.784726,-4.096667
55.783280,-4.095553
55.783032,-4.095348
55.780149,-4.098431
55.783673,-4.092544
55.783531,-4.097209
55.784058,-4.092102
55.784046,-4.090714
55.783874,-4.099715
55.780229,-4.094241
55.780624,-4.085300
55.793690,-4.085376
55.780361,-4.091250
55.792987,-4.084940
55.794921,-4.083799
55.769823,-4.094719
55.770301,-4.093565
55.791718,-4.081857
55.770873,-4.094760
55.792489,-4.081452
55.768583,-4.093091
55.769863,-4.090768
55.793017,-4.086871
55.769054,-4.093913
55.768922,-4.094273
55.769125,-4.090824
55.789368,-4.077329
55.788632,-4.075695
55.787851,-4.075654
55.788093,-4.076751
55.787619,-4.079278
55.787004,-4.082132
55.786893,-4.083402
55.788270,-4.084369
55.779379,-4.106649
55.788123,-4.081889
55.788609,-4.079729
55.788175,-4.077760
55.789270,-4.079924
55.787906,-4.081415
55.788602,-4.081196
55.788762,-4.083948
55.789136,-4.083075
55.789491,-4.080702
55.792166,-4.084593
55.790870,-4.082051
55.791268,-4.083508
55.783212,-4.085327
55.787871,-4.091413
55.789383,-4.090218
55.787809,-4.090836
55.790012,-4.089215
55.790742,-4.083783
55.788634,-4.090960
55.789493,-4.091675
55.788549,-4.092805
55.788269,-4.089696
55.790328,-4.088020
55.790393,-4.087385
55.789220,-4.092442
55.791989,-4.086051
55.791286,-4.086125
55.791523,-4.084367
55.790328,-4.085930
55.789491,-4.087066
55.790650,-4.086522
55.789818,-4.085823
55.789910,-4.086179
55.791304,-4.084579
55.790076,-4.084354
55.788783,-4.088001
55.790538,-4.084681
55.786422,-4.098911
55.788641,-4.090035
55.792568,-4.088953
55.788765,-4.089563
55.786276,-4.098553
55.788075,-4.089478
55.790708,-4.101072
55.790877,-4.098577
55.789722,-4.099344
55.789840,-4.099797
55.790350,-4.101547
55.790141,-4.102158
55.789564,-4.100723
55.790327,-4.099201
55.788977,-4.099830
55.790169,-4.100548
55.789617,-4.102895
55.789508,-4.103480
55.789650,-4.102020
55.789384,-4.101782
55.789284,-4.101314
55.788432,-4.100184
55.788561,-4.098404
55.787501,-4.101027
55.788930,-4.101503
55.787903,-4.101144
55.788156,-4.101046
55.788324,-4.100720
55.788845,-4.100206
55.789092,-4.098879
55.788232,-4.096074
55.788036,-4.097020
55.788380,-4.096369
55.788700,-4.097088
55.788782,-4.097571
55.788982,-4.097932
55.789540,-4.098441
55.789862,-4.098506
55.790064,-4.098262
55.790297,-4.097812
55.790826,-4.097346
55.789303,-4.098651
55.791292,-4.096908
55.790693,-4.096716
55.789828,-4.097898
55.790309,-4.096584
55.790568,-4.097699
55.792761,-4.073889
55.770832,-4.090310
55.770590,-4.091349
55.771767,-4.089786
55.770578,-4.088351
55.771205,-4.089564
55.791027,-4.077545
55.784369,-4.104925
55.780627,-4.107753
55.768231,-4.130807
55.769708,-4.115024
55.763847,-4.111439
55.774074,-4.104673
55.778945,-4.112542
55.771416,-4.089831
55.770882,-4.124606
55.770614,-4.087843
55.773471,-4.092619
55.772424,-4.091861
55.781090,-4.085915
55.783037,-4.088172
55.781889,-4.086468
55.781076,-4.086185
55.782696,-4.089254
55.772785,-4.092790
55.772355,-4.093787
55.773057,-4.093697
55.786674,-4.088350
55.787709,-4.088262
55.788069,-4.088234
55.787779,-4.087835
55.781736,-4.088597
55.783434,-4.088608
55.783855,-4.085026
55.785468,-4.088477
55.786153,-4.089918
55.785172,-4.090567
55.787033,-4.091575
55.786496,-4.092504
55.785783,-4.093725
55.785974,-4.092555
55.785877,-4.090828
55.787220,-4.090086
55.783236,-4.082824
55.784443,-4.084228
55.783678,-4.082178
55.784311,-4.083025
55.785056,-4.082570
55.784427,-4.082010
55.794042,-4.092637
55.794956,-4.092830
55.794489,-4.093858
55.783386,-4.082433
55.783822,-4.080049
55.784667,-4.081130
55.793192,-4.091379
55.794055,-4.093499
55.783728,-4.080825
55.785226,-4.081511
55.784392,-4.083556
55.785368,-4.082172
55.784855,-4.080630
55.785806,-4.081271
55.827516,-4.128922
55.829612,-4.130362
55.830287,-4.128259
55.829051,-4.129581
55.826749,-4.126501
55.828208,-4.124298
55.826864,-4.125581
55.828742,-4.124071
55.826135,-4.126164
55.826165,-4.131179
55.826879,-4.132001
55.826283,-4.133213
55.827376,-4.131293
55.828148,-4.131894
55.823243,-4.133318
55.823306,-4.132284
55.827317,-4.135266
55.826934,-4.134542
55.824495,-4.135750
55.823991,-4.136313
55.825302,-4.136369
55.825709,-4.137796
55.821139,-4.134400
55.821246,-4.133416
55.825374,-4.118172
55.826466,-4.120530
55.826662,-4.123271
55.825931,-4.121842
55.825448,-4.123285
55.825365,-4.126521
55.824547,-4.122390
55.823480,-4.119633
55.824470,-4.124237
55.825003,-4.118854
55.824623,-4.120590
55.824160,-4.119814
55.823167,-4.119553
55.825443,-4.130325
55.824951,-4.128127
55.825840,-4.129182
55.827954,-4.130096
55.824458,-4.130128
55.829656,-4.131498
55.820597,-4.125223
55.820929,-4.123741
55.822018,-4.126738
55.821110,-4.126736
55.821636,-4.125998
55.822226,-4.125648
55.821098,-4.131588
55.820950,-4.129281
55.828200,-4.127347
55.829138,-4.127653
55.830069,-4.132542
55.820657,-4.130096
55.820175,-4.128361
55.819621,-4.131268
55.820116,-4.130194
55.820112,-4.131471
55.820464,-4.132432
55.816123,-4.188683
55.817067,-4.189662
55.814027,-4.129430
55.817345,-4.186677
55.816749,-4.186340
55.818613,-4.188647
55.819636,-4.185720
55.818721,-4.186610
55.817874,-4.186754
55.818281,-4.185101
55.818032,-4.190004
55.818864,-4.183090
55.819250,-4.185666
55.819775,-4.182918
55.820123,-4.183560
55.818087,-4.188378
55.819848,-4.183896
55.819735,-4.184688
55.820416,-4.185811
55.820766,-4.184841
55.810488,-4.133482
55.810030,-4.132403
55.809902,-4.132029
55.821669,-4.121993
55.809737,-4.130616
55.809107,-4.131746
55.809109,-4.132640
55.820816,-4.173382
55.809268,-4.133351
55.809618,-4.133897
55.820528,-4.172903
55.821575,-4.179778
55.822297,-4.181128
55.819533,-4.175306
55.824175,-4.183644
55.825078,-4.185961
55.825295,-4.187394
55.825676,-4.190194
55.825200,-4.185138
55.826299,-4.187547
55.825481,-4.189544
55.825483,-4.190981
55.824871,-4.188967
55.825001,-4.186723
55.824466,-4.185975
55.824292,-4.184672
55.823558,-4.184471
55.824793,-4.185291
55.825046,-4.188227
55.818244,-4.138121
55.822743,-4.183851
55.818359,-4.138717
55.820931,-4.177523
55.826484,-4.183214
55.817326,-4.137687
55.822378,-4.171937
55.821138,-4.173975
55.823863,-4.179970
55.823612,-4.180435
55.819520,-4.171969
55.823787,-4.182744
55.818796,-4.167634
55.818941,-4.168584
55.819244,-4.170261
55.818665,-4.166398
55.818624,-4.165167
55.823985,-4.179179
55.809226,-4.134179
55.809987,-4.135369
55.823449,-4.176451
55.819448,-4.165851
55.823758,-4.177793
55.822928,-4.175400
55.808136,-4.132810
55.824779,-4.177962
55.813667,-4.127878
55.823660,-4.176718
55.812347,-4.126274
55.812876,-4.126861
55.822728,-4.182157
55.822228,-4.182481
55.823092,-4.182385
55.808628,-4.131369
55.810972,-4.124699
55.809627,-4.125056
55.811759,-4.128029
55.811360,-4.126188
55.810403,-4.128514
55.810400,-4.127668
55.810430,-4.125914
55.815865,-4.151350
55.815730,-4.150848
55.816095,-4.151586
55.814305,-4.149620
55.814925,-4.151665
55.816886,-4.147958
55.810653,-4.131193
55.811454,-4.131125
55.811456,-4.135179
55.812891,-4.134284
55.811823,-4.134193
55.809526,-4.128290
55.809605,-4.128949
55.809328,-4.126763
55.808722,-4.127002
55.812015,-4.132975
55.815956,-4.150285
55.812568,-4.135814
55.811046,-4.133943
55.808018,-4.131304
55.819253,-4.167740
55.819578,-4.169178
55.820029,-4.171135
55.820029,-4.171135
55.819875,-4.170201
55.820393,-4.168841
55.820393,-4.168841
55.822151,-4.175149
55.828428,-4.186548
55.819941,-4.163867
55.819875,-4.170201
55.820097,-4.167292
55.820560,-4.168036
55.820740,-4.167008
55.820856,-4.166536
55.819902,-4.175773
55.820919,-4.167545
55.821427,-4.167286
55.820789,-4.169310
55.821173,-4.166889
55.821321,-4.165636
55.821478,-4.164399
55.822121,-4.164595
55.821092,-4.163867
55.819257,-4.165489
55.819257,-4.165489
55.820011,-4.165036
55.820470,-4.164487
55.821009,-4.165523
55.819051,-4.164424
55.820383,-4.166334
55.821044,-4.164503
55.823817,-4.165280
55.823223,-4.165310
55.819421,-4.162800
55.822953,-4.165343
55.822200,-4.165206
55.818625,-4.162565
55.823984,-4.166486
55.823349,-4.166339
55.818109,-4.161227
55.818124,-4.160877
55.818786,-4.159030
55.818174,-4.159618
55.819032,-4.157303
55.821842,-4.166670
55.822702,-4.166830
55.818711,-4.156152
55.818511,-4.153715
55.818774,-4.158199
55.818189,-4.153106
55.819582,-4.154620
55.819928,-4.153346
55.819838,-4.155432
55.822979,-4.166941
55.823292,-4.160349
55.823490,-4.167017
55.816574,-4.156513
55.816777,-4.156237
55.816338,-4.155654
55.815896,-4.154720
55.819015,-4.155195
55.818251,-4.158793
55.817859,-4.159106
55.808022,-4.129533
55.808193,-4.126925
55.822206,-4.166403
55.807716,-4.128527
55.808517,-4.129464
55.816883,-4.158366
55.816247,-4.157756
55.807128,-4.128207
55.818011,-4.157119
55.813288,-4.148127
55.812205,-4.144780
55.812005,-4.143380
55.811359,-4.142802
55.811877,-4.145544
55.812310,-4.146988
55.813890,-4.150698
55.815379,-4.155521
55.819996,-4.168914
55.811690,-4.144943
55.825911,-4.187110
55.809331,-4.135365
55.810948,-4.137002
55.813048,-4.137676
55.825638,-4.186807
55.825324,-4.181169
55.817455,-4.146234
55.816090,-4.146207
55.816956,-4.145983
55.812849,-4.145980
55.812862,-4.144720
55.813212,-4.145266
55.813112,-4.143776
55.813986,-4.145213
55.814383,-4.143096
55.813047,-4.144970
55.814168,-4.141472
55.813575,-4.142493
55.812689,-4.143338
55.814564,-4.144542
55.814924,-4.145552
55.815609,-4.145414
55.815143,-4.144335
55.815502,-4.143301
55.814899,-4.142358
55.814878,-4.144049
55.813820,-4.144406
55.823850,-4.146970
55.822730,-4.145774
55.823555,-4.142260
55.822800,-4.142809
55.824007,-4.142093
55.823228,-4.144525
55.822882,-4.143244
55.822664,-4.177141
55.821813,-4.143744
55.823146,-4.141487
55.822196,-4.141866
55.822989,-4.143777
55.822118,-4.142739
55.821577,-4.142294
55.821169,-4.139957
55.821040,-4.138035
55.820849,-4.136603
55.821494,-4.135745
55.820278,-4.136907
55.821901,-4.137124
55.821704,-4.139141
55.821557,-4.136211
55.821223,-4.137342
55.821698,-4.138438
55.822561,-4.141024
55.822382,-4.138396
55.821825,-4.140999
55.821351,-4.141867
55.820737,-4.138928
55.821054,-4.142425
55.822082,-4.140135
55.821344,-4.143830
55.820739,-4.142951
55.819904,-4.139281
55.820583,-4.139542
55.819936,-4.136936
55.818747,-4.132976
55.820077,-4.141238
55.819631,-4.139474
55.820346,-4.142786
55.820938,-4.122145
55.822502,-4.177643
55.810744,-4.136337
55.821478,-4.121584
55.820601,-4.137947
55.827203,-4.193281
55.824435,-4.145373
55.813865,-4.125287
55.820362,-4.145005
55.825270,-4.156228
55.822080,-4.153146
55.821588,-4.147372
55.819407,-4.142526
55.821993,-4.123544
55.817956,-4.119955
55.817785,-4.161800
55.819724,-4.146535
55.819040,-4.146561
55.819131,-4.147524
55.819653,-4.147488
55.819918,-4.123973
55.819934,-4.146355
55.819585,-4.144707
55.820789,-4.121419
55.823042,-4.146957
55.824135,-4.146107
55.814379,-4.124118
55.813476,-4.136853
55.813824,-4.131286
55.814506,-4.127174
55.813352,-4.134117
55.805936,-4.124903
55.813810,-4.133105
55.804583,-4.124175
55.802370,-4.113827
55.803991,-4.112606
55.813862,-4.135805
55.806755,-4.129495
55.805795,-4.122119
55.808561,-4.133185
55.807007,-4.131584
55.814409,-4.131222
55.802177,-4.119305
55.813576,-4.131608
55.812975,-4.132070
55.813901,-4.134115
55.816728,-4.139474
55.816093,-4.139295
55.815653,-4.139798
55.815156,-4.139946
55.814589,-4.140554
55.814351,-4.139774
55.815982,-4.143631
55.816158,-4.144343
55.816869,-4.143807
55.817294,-4.143655
55.817231,-4.142103
55.814259,-4.138844
55.817848,-4.141770
55.818256,-4.141521
55.818236,-4.140626
55.817349,-4.140450
55.816926,-4.141560
55.832137,-4.170501
55.814448,-4.133651
55.814620,-4.136709
55.815091,-4.135410
55.816676,-4.136774
55.813772,-4.137907
55.825234,-4.160824
55.822010,-4.124630
55.816454,-4.135085
55.817575,-4.135258
55.819309,-4.171702
55.818034,-4.171136
55.817446,-4.172875
55.816619,-4.174920
55.815690,-4.181157
55.815614,-4.177354
55.815645,-4.185751
55.809733,-4.169381
55.819638,-4.176445
55.812680,-4.188745
55.809659,-4.171052
55.816398,-4.181787
55.818731,-4.172356
55.819271,-4.173839
55.819124,-4.175060
55.815050,-4.177210
55.818436,-4.174287
55.818870,-4.177200
55.818899,-4.179644
55.817671,-4.179432
55.818767,-4.180962
55.819882,-4.179939
55.817740,-4.180122
55.812330,-4.168935
55.818288,-4.181143
55.817061,-4.180882
55.816714,-4.183257
55.816711,-4.180352
55.816441,-4.177847
55.818981,-4.173455
55.817779,-4.180970
55.818234,-4.173015
55.817517,-4.174938
55.818603,-4.173482
55.817786,-4.178018
55.819266,-4.176153
55.809395,-4.172282
55.809898,-4.180386
55.814976,-4.183431
55.809314,-4.157994
55.809053,-4.171752
55.814838,-4.171931
55.813881,-4.169611
55.813364,-4.175009
55.814684,-4.180638
55.814280,-4.180631
55.813418,-4.183631
55.813321,-4.178949
55.812914,-4.176054
55.814084,-4.174922
55.812494,-4.172838
55.812675,-4.170725
55.811056,-4.168768
55.813184,-4.175526
55.812534,-4.168052
55.812947,-4.168554
55.813522,-4.167086
55.814322,-4.184847
55.814683,-4.184245
55.814092,-4.185153
55.809011,-4.174655
55.808672,-4.167390
55.810521,-4.178218
55.810086,-4.176869
55.809380,-4.173622
55.811676,-4.169824
55.811168,-4.169572
55.810195,-4.175295
55.812828,-4.181427
55.808216,-4.167764
55.807745,-4.169014
55.807881,-4.167905
55.806672,-4.176327
55.808981,-4.165141
55.819198,-4.178975
55.806362,-4.177571
55.807008,-4.176617
55.806457,-4.180321
55.806130,-4.180510
55.811105,-4.181762
55.815629,-4.187155
55.810157,-4.182012
55.810719,-4.183751
55.810708,-4.182873
55.807637,-4.177626
55.807567,-4.151993
55.809235,-4.149659
55.808825,-4.147929
55.806484,-4.132193
55.804545,-4.129439
55.804074,-4.129173
55.807905,-4.174673
55.818222,-4.169646
55.807609,-4.174177
55.819874,-4.177847
55.820277,-4.177934
55.821260,-4.179792
55.820871,-4.178909
55.811908,-4.185159
55.812980,-4.185490
55.810413,-4.181276
55.805916,-4.178886
55.818608,-4.165565
55.816958,-4.160285
55.818545,-4.164556
55.813218,-4.186285
55.816513,-4.158473
55.810578,-4.180057
55.817637,-4.168129
55.817883,-4.168446
55.818594,-4.167400
55.817508,-4.167323
55.816472,-4.167457
55.817201,-4.168934
55.816925,-4.166748
55.817697,-4.166248
55.817223,-4.162040
55.817215,-4.171713
55.817133,-4.163583
55.816246,-4.162927
55.816768,-4.161887
55.815888,-4.162333
55.817568,-4.163416
55.815932,-4.164442
55.816690,-4.164229
55.817260,-4.161467
55.816160,-4.160672
55.816402,-4.159169
55.815707,-4.159338
55.814905,-4.158958
55.814758,-4.161153
55.815080,-4.161761
55.814719,-4.162364
55.814444,-4.163178
55.815096,-4.163406
55.807895,-4.181359
55.814946,-4.162743
55.808422,-4.180032
55.807720,-4.180072
55.807027,-4.180097
55.808329,-4.177122
55.808579,-4.181301
55.815816,-4.166399
55.814596,-4.166794
55.815941,-4.169008
55.816555,-4.170894
55.816223,-4.171881
55.815916,-4.173987
55.815520,-4.174539
55.815343,-4.172342
55.815414,-4.168819
55.813301,-4.166355
55.812332,-4.167243
55.816919,-4.173197
55.810827,-4.168021
55.811431,-4.167927
55.811195,-4.166525
55.811927,-4.164762
55.813156,-4.166395
55.812055,-4.165647
55.812964,-4.165554
55.812410,-4.164358
55.807521,-4.178114
55.808301,-4.182259
55.809306,-4.178310
55.808066,-4.182853
55.808386,-4.178498
55.815984,-4.157869
55.815590,-4.158342
55.815063,-4.155599
55.814417,-4.160097
55.809003,-4.182187
55.813734,-4.160122
55.814125,-4.161373
55.813673,-4.161571
55.812956,-4.158882
55.814489,-4.158073
55.813480,-4.162311
55.804025,-4.180648
55.812052,-4.159710
55.812222,-4.157661
55.811496,-4.157588
55.810916,-4.156806
55.814126,-4.165938
55.805722,-4.177679
55.806975,-4.178977
55.807236,-4.178960
55.807816,-4.178705
55.807608,-4.182300
55.811479,-4.156981
55.812178,-4.154578
55.805841,-4.177031
55.807657,-4.172441
55.805533,-4.176711
55.804958,-4.181242
55.812018,-4.156995
55.812706,-4.155708
55.813298,-4.155262
55.813490,-4.156087
55.813535,-4.155068
55.814134,-4.154734
55.809143,-4.161592
55.809584,-4.161552
55.809038,-4.163980
55.808892,-4.162567
55.809892,-4.178215
55.806278,-4.141422
55.811978,-4.146491
55.810588,-4.146303
55.809523,-4.160910
55.811696,-4.147194
55.809475,-4.146209
55.809574,-4.147252
55.811734,-4.146525
55.809894,-4.151531
55.810654,-4.154877
55.807147,-4.168231
55.810073,-4.147503
55.812453,-4.152726
55.811446,-4.153245
55.807344,-4.167795
55.807149,-4.165614
55.806674,-4.169067
55.813045,-4.188383
55.811137,-4.149860
55.808243,-4.162180
55.807331,-4.163917
55.812216,-4.147749
55.811106,-4.147496
55.811382,-4.149187
55.812732,-4.152166
55.813094,-4.154597
55.813821,-4.154110
55.814120,-4.151972
55.813059,-4.149407
55.813096,-4.150367
55.812471,-4.149120
55.806819,-4.172585
55.806382,-4.172880
55.805928,-4.174690
55.805438,-4.174423
55.809751,-4.156135
55.813327,-4.152088
55.808695,-4.156396
55.808303,-4.154124
55.809204,-4.153998
55.811207,-4.143288
55.810514,-4.141239
55.809564,-4.139065
55.810717,-4.140963
55.808524,-4.139438
55.809410,-4.139647
55.809916,-4.140504
55.809135,-4.140461
55.810949,-4.144168
55.810170,-4.141923
55.810915,-4.145092
55.810941,-4.142524
55.811310,-4.145624
55.808103,-4.138809
55.809844,-4.144650
55.809164,-4.142394
55.810093,-4.142717
55.808903,-4.143976
55.808470,-4.143537
55.808845,-4.142680
55.813490,-4.151474
55.814013,-4.152924
55.807812,-4.155501
55.807901,-4.147320
55.806941,-4.147235
55.806943,-4.149150
55.807147,-4.148315
55.808005,-4.146527
55.807652,-4.146109
55.808471,-4.145037
55.808145,-4.142625
55.806866,-4.134991
55.809898,-4.139993
55.808459,-4.141589
55.808379,-4.141010
55.808797,-4.135065
55.807668,-4.137461
55.807775,-4.138041
55.808304,-4.136027
55.810678,-4.138535
55.806873,-4.138726
55.807456,-4.136220
55.807037,-4.134490
55.807153,-4.143337
55.810930,-4.139555
55.810254,-4.138624
55.809570,-4.137150
55.806441,-4.144447
55.800474,-4.110198
55.799066,-4.123555
55.802501,-4.129694
55.792931,-4.134787
55.805689,-4.172969
55.798358,-4.170790
55.798509,-4.164767
55.796350,-4.172018
55.804452,-4.173794
55.806138,-4.141207
55.787337,-4.148915
55.809272,-4.181228
55.805639,-4.171722
55.799517,-4.164696
55.804325,-4.150873
55.803344,-4.178487
55.803615,-4.178407
55.803080,-4.178664
55.804194,-4.177178
55.804704,-4.177797
55.804565,-4.175508
55.804822,-4.176224
55.804984,-4.175228
55.808380,-4.151783
55.808260,-4.150451
55.794571,-4.091134
55.794290,-4.090752
55.795861,-4.088731
55.796078,-4.089205
55.796881,-4.090604
55.798080,-4.090381
55.797288,-4.090434
55.796824,-4.089213
55.797313,-4.091616
55.797390,-4.088685
55.796693,-4.091056
55.797973,-4.091396
55.796840,-4.092500
55.796226,-4.092116
55.793334,-4.100990
55.794525,-4.096508
55.796425,-4.089957
55.800217,-4.084688
55.783877,-4.110066
55.783455,-4.111064
55.796466,-4.086992
55.797696,-4.085494
55.784141,-4.113493
55.783730,-4.114922
55.797248,-4.087002
55.799440,-4.087582
55.799602,-4.089681
55.799089,-4.089175
55.798711,-4.087080
55.799523,-4.086390
55.798715,-4.087926
55.797480,-4.086552
55.800254,-4.085121
55.784060,-4.115115
55.798575,-4.086658
55.802354,-4.082664
55.802201,-4.083198
55.800125,-4.085864
55.795171,-4.095489
55.795769,-4.095203
55.796298,-4.093157
55.797634,-4.093324
55.796190,-4.094763
55.796004,-4.097257
55.795488,-4.096416
55.796429,-4.093946
55.796566,-4.096936
55.797102,-4.095051
55.796903,-4.096683
55.784230,-4.111488
55.797517,-4.096014
55.798300,-4.095434
55.798749,-4.093320
55.799152,-4.094475
55.798211,-4.094329
55.798540,-4.095048
55.798879,-4.091987
55.799790,-4.093935
55.799127,-4.093261
55.799965,-4.095268
55.801155,-4.097710
55.801565,-4.097349
55.800999,-4.095739
55.800575,-4.096370
55.799024,-4.096718
55.799019,-4.095425
55.797955,-4.096676
55.797150,-4.097510
55.797450,-4.099409
55.799643,-4.096240
55.798144,-4.100882
55.798201,-4.099641
55.797859,-4.098633
55.798561,-4.098575
55.796858,-4.098308
55.799058,-4.097852
55.793368,-4.102140
55.784153,-4.110719
55.795950,-4.102487
55.799876,-4.097306
55.803392,-4.102984
55.798508,-4.097982
55.799114,-4.099291
55.798738,-4.100276
55.795135,-4.104995
55.795018,-4.106010
55.794696,-4.095927
55.795344,-4.097461
55.796633,-4.100434
55.798823,-4.104237
55.800309,-4.086639
55.800281,-4.106246
55.798909,-4.103412
55.800178,-4.104374
55.802048,-4.103821
55.798018,-4.102997
55.802241,-4.101996
55.801757,-4.100837
55.800991,-4.100429
55.801850,-4.103284
55.802148,-4.102677
55.801590,-4.102216
55.802207,-4.100303
55.804919,-4.101997
55.795338,-4.105708
55.804617,-4.101231
55.801980,-4.098871
55.801573,-4.099503
55.801117,-4.098872
55.801256,-4.101225
55.803645,-4.099200
55.801135,-4.102527
55.801294,-4.103764
55.800816,-4.102255
55.800751,-4.100815
55.800577,-4.099976
55.800132,-4.100782
55.799575,-4.099156
55.799534,-4.101021
55.800367,-4.102789
55.799527,-4.101994
55.799460,-4.102740
55.799427,-4.099914
55.799084,-4.101092
55.798458,-4.101425
55.807018,-4.103770
55.800131,-4.105552
55.800538,-4.106436
55.797243,-4.100451
55.801114,-4.107456
55.801841,-4.107479
55.801572,-4.107991
55.802491,-4.108392
55.801207,-4.106217
55.802912,-4.107952
55.802689,-4.107286
55.803401,-4.106670
55.801712,-4.105574
55.802691,-4.105068
55.802173,-4.104881
55.802714,-4.104256
55.803638,-4.104385
55.803483,-4.105526
55.804695,-4.105607
55.804371,-4.104568
55.804158,-4.103935
55.804747,-4.103631
55.805291,-4.103326
55.804506,-4.105086
55.805583,-4.103102
55.806102,-4.102683
55.805902,-4.104396
55.806697,-4.105205
55.805617,-4.103758
55.806966,-4.104756
55.806519,-4.106168
55.806457,-4.106628
55.805743,-4.106366
55.798465,-4.088870
55.793687,-4.097164
55.794332,-4.097279
55.795115,-4.097736
55.795179,-4.099765
55.795087,-4.101994
55.794393,-4.095783
55.794617,-4.101601
55.794990,-4.100840
55.795646,-4.102407
55.795509,-4.104122
55.795465,-4.099892
55.794806,-4.103191
55.796366,-4.103419
55.796403,-4.103899
55.797786,-4.103431
55.796965,-4.102015
55.796826,-4.104353
55.798085,-4.104851
55.797074,-4.105084
55.796534,-4.105151
55.795894,-4.105802
55.793664,-4.106894
55.795101,-4.104355
55.794113,-4.104318
55.793867,-4.105023
55.797460,-4.104626
55.793767,-4.106150
55.793820,-4.105674
55.794545,-4.103225
55.794109,-4.100872
55.794001,-4.103483
55.793765,-4.103119
55.793989,-4.098951
55.794305,-4.098346
55.794684,-4.099308
55.792248,-4.102447
55.792176,-4.103001
55.793469,-4.103087
55.793333,-4.104707
55.793217,-4.106216
55.793073,-4.107293
55.792313,-4.106024
55.792154,-4.106382
55.791445,-4.106312
55.799504,-4.106476
55.793522,-4.105770
55.800822,-4.090352
55.797949,-4.106503
55.786665,-4.108366
55.800133,-4.089119
55.792144,-4.104882
55.784672,-4.108753
55.791576,-4.100225
55.790599,-4.102183
55.789808,-4.103799
55.791956,-4.099049
55.790521,-4.107315
55.791169,-4.106696
55.789655,-4.106438
55.789100,-4.106839
55.788725,-4.107712
55.787917,-4.107652
55.789671,-4.104972
55.788102,-4.108412
55.785681,-4.107595
55.786665,-4.106803
55.785865,-4.106266
55.788811,-4.106935
55.786410,-4.105928
55.786535,-4.106525
55.786607,-4.104440
55.787346,-4.104272
55.786819,-4.105647
55.785255,-4.107796
55.788641,-4.104230
55.787620,-4.105595
55.787061,-4.106761
55.787944,-4.107128
55.788862,-4.105518
55.787559,-4.106533
55.786053,-4.112592
55.785774,-4.108988
55.785658,-4.110513
55.785664,-4.105394
55.784101,-4.108021
55.782249,-4.109611
55.784988,-4.111290
55.783090,-4.133212
55.778532,-4.127605
55.807999,-4.103727
55.794135,-4.106664
55.796683,-4.106403
55.792841,-4.113486
55.810922,-4.106199
55.810638,-4.107556
55.807009,-4.101168
55.784729,-4.123174
55.794051,-4.090037
55.790815,-4.107984
55.792331,-4.107588
55.788035,-4.101821
55.789050,-4.102897
55.787827,-4.102416
55.789199,-4.104165
55.798875,-4.084856
55.800691,-4.088511
55.792943,-4.099166
55.793414,-4.098410
55.793589,-4.099233
55.792896,-4.100296
55.792538,-4.100772
55.791989,-4.101332
55.799808,-4.084969
55.792516,-4.099957
55.833551,-4.202645
55.833687,-4.203579
55.834172,-4.208142
55.834341,-4.206698
55.833322,-4.207439
55.833210,-4.206634
55.832425,-4.210342
55.834306,-4.213164
55.833037,-4.207295
55.832675,-4.205422
55.833105,-4.204984
55.832839,-4.203787
55.832525,-4.203721
55.832797,-4.206627
55.832105,-4.204592
55.832354,-4.205292
55.832787,-4.204694
55.832464,-4.207662
55.832290,-4.207317
55.832042,-4.207111
55.829574,-4.215402
55.831972,-4.206548
55.829238,-4.215096
55.832903,-4.202209
55.832120,-4.205774
55.828960,-4.215112
55.833212,-4.200502
55.836357,-4.231471
55.830710,-4.219203
55.829125,-4.210922
55.831574,-4.208170
55.829193,-4.209105
55.830966,-4.205980
55.829098,-4.207934
55.828554,-4.210155
55.829368,-4.210408
55.829340,-4.209976
55.829100,-4.209818
55.831256,-4.201366
55.829405,-4.212359
55.829549,-4.210850
55.829396,-4.213316
55.829555,-4.209988
55.832495,-4.220918
55.829273,-4.212686
55.832360,-4.214954
55.831479,-4.210464
55.827872,-4.222107
55.827793,-4.223476
55.827774,-4.225023
55.826958,-4.225424
55.827019,-4.226513
55.826830,-4.226055
55.826438,-4.227310
55.826104,-4.228393
55.826202,-4.226977
55.826523,-4.226102
55.827887,-4.226706
55.827269,-4.228076
55.826459,-4.229163
55.827303,-4.229180
55.828536,-4.229123
55.828087,-4.228570
55.829176,-4.227531
55.826553,-4.228450
55.828323,-4.225997
55.828874,-4.225805
55.829321,-4.228912
55.828643,-4.227149
55.828446,-4.227617
55.830191,-4.230016
55.829861,-4.228368
55.829194,-4.225520
55.828718,-4.223992
55.828516,-4.224236
55.828214,-4.224027
55.828757,-4.220832
55.828983,-4.223288
55.829656,-4.221826
55.828285,-4.221620
55.829094,-4.222129
55.829240,-4.216485
55.829664,-4.223391
55.829256,-4.217108
55.829116,-4.217883
55.833437,-4.205513
55.829624,-4.217113
55.834781,-4.201725
55.832576,-4.219389
55.829884,-4.219172
55.830078,-4.220876
55.835204,-4.202707
55.830084,-4.220062
55.829210,-4.219150
55.832128,-4.211843
55.833213,-4.210994
55.833379,-4.209726
55.833942,-4.208943
55.836223,-4.208546
55.832492,-4.199040
55.828828,-4.194395
55.836961,-4.201944
55.828924,-4.196077
55.826521,-4.224744
55.827192,-4.224415
55.826975,-4.222966
55.833633,-4.217581
55.835692,-4.225492
55.835568,-4.227896
55.833403,-4.225361
55.835117,-4.225012
55.834481,-4.225886
55.835903,-4.229241
55.838105,-4.229734
55.832171,-4.221905
55.833450,-4.215798
55.833378,-4.228234
55.828832,-4.221172
55.836839,-4.226180
55.825210,-4.228166
55.819544,-4.227363
55.819700,-4.230166
55.819339,-4.229762
55.819496,-4.231016
55.819264,-4.232886
55.818780,-4.230863
55.819015,-4.228817
55.818381,-4.224088
55.818667,-4.217208
55.819167,-4.231316
55.819748,-4.218052
55.819257,-4.218391
55.818968,-4.217449
55.818770,-4.224477
55.818217,-4.214772
55.820178,-4.214692
55.821855,-4.216847
55.821636,-4.228504
55.821575,-4.227878
55.822039,-4.227091
55.821409,-4.226639
55.822523,-4.226128
55.820775,-4.231871
55.820763,-4.229029
55.821085,-4.230117
55.823373,-4.225347
55.821079,-4.227978
55.820684,-4.222974
55.820950,-4.225640
55.821101,-4.232209
55.820605,-4.225364
55.820075,-4.221886
55.820316,-4.225428
55.819354,-4.221988
55.819995,-4.225314
55.820200,-4.228853
55.820201,-4.231759
55.820493,-4.229062
55.820489,-4.231743
55.827295,-4.215240
55.827255,-4.215941
55.824664,-4.226554
55.827334,-4.214524
55.817806,-4.215611
55.823954,-4.228541
55.823673,-4.228637
55.824720,-4.227882
55.825451,-4.226264
55.825914,-4.226466
55.827516,-4.214918
55.825819,-4.225806
55.823811,-4.226968
55.823833,-4.229716
55.823505,-4.230974
55.823360,-4.229529
55.823056,-4.229990
55.822547,-4.232276
55.822263,-4.232563
55.822723,-4.229014
55.822025,-4.229341
55.821835,-4.232347
55.821695,-4.229210
55.822073,-4.230142
55.822797,-4.227916
55.824300,-4.228753
55.821436,-4.232053
55.817760,-4.218673
55.826443,-4.219088
55.828672,-4.213594
55.828829,-4.212885
55.828625,-4.213240
55.828636,-4.212091
55.828657,-4.211438
55.828625,-4.213240
55.828709,-4.211585
55.828685,-4.210865
55.828180,-4.211475
55.828154,-4.213421
55.828035,-4.214548
55.828151,-4.213118
55.828129,-4.216821
55.827943,-4.215676
55.828185,-4.211204
55.828588,-4.218284
55.828593,-4.217518
55.828493,-4.214047
55.828684,-4.217954
55.828545,-4.216653
55.826936,-4.217168
55.826544,-4.217481
55.827340,-4.217223
55.826049,-4.217517
55.825226,-4.216815
55.825289,-4.213306
55.826028,-4.213205
55.826006,-4.216923
55.826667,-4.216658
55.825968,-4.216027
55.826205,-4.215833
55.826772,-4.215307
55.825499,-4.215138
55.827633,-4.211923
55.826483,-4.215913
55.819882,-4.216623
55.826130,-4.218495
55.824369,-4.217501
55.823404,-4.217159
55.822609,-4.217896
55.822776,-4.219629
55.823443,-4.222014
55.823248,-4.219832
55.823606,-4.218942
55.824478,-4.218417
55.822451,-4.220201
55.825401,-4.218581
55.825095,-4.219586
55.824208,-4.219439
55.823921,-4.220413
55.823687,-4.217957
55.824521,-4.221006
55.823732,-4.222430
55.824658,-4.221892
55.824879,-4.222128
55.825394,-4.220433
55.825330,-4.220493
55.824011,-4.210935
55.824218,-4.209893
55.825048,-4.210754
55.824878,-4.211686
55.824647,-4.213062
55.824643,-4.211274
55.823507,-4.209964
55.824874,-4.210888
55.824472,-4.210290
55.824302,-4.213218
55.824803,-4.215338
55.824887,-4.213699
55.825034,-4.215990
55.824615,-4.215791
55.824855,-4.216475
55.824005,-4.215277
55.823916,-4.213228
55.823194,-4.212884
55.822945,-4.215249
55.823509,-4.214371
55.823421,-4.213743
55.823367,-4.215736
55.821916,-4.210960
55.822367,-4.223853
55.821450,-4.223864
55.826717,-4.214856
55.827432,-4.221076
55.827017,-4.222138
55.825716,-4.222511
55.826175,-4.223990
55.825513,-4.224814
55.825240,-4.224001
55.823974,-4.223449
55.823347,-4.223350
55.823064,-4.224068
55.823595,-4.224513
55.827057,-4.220448
55.824819,-4.224440
55.826088,-4.221814
55.824594,-4.225417
55.826092,-4.221111
55.825740,-4.219191
55.827215,-4.219627
55.827874,-4.219473
55.827922,-4.213344
55.827519,-4.213273
55.827205,-4.213208
55.826766,-4.215657
55.826755,-4.214268
55.826718,-4.216325
55.826889,-4.212312
55.827121,-4.212899
55.827168,-4.211769
55.826460,-4.211154
55.820492,-4.219180
55.821046,-4.216881
55.821009,-4.218922
55.820631,-4.221455
55.821195,-4.220593
55.821964,-4.219312
55.821800,-4.217897
55.828537,-4.209627
55.816861,-4.210705
55.828280,-4.209453
55.828117,-4.206489
55.828592,-4.207570
55.828676,-4.206904
55.828832,-4.206195
55.827723,-4.204902
55.826680,-4.204907
55.828702,-4.204447
55.827836,-4.203121
55.828547,-4.206067
55.828194,-4.202199
55.828498,-4.202791
55.828020,-4.200369
55.827051,-4.197759
55.828354,-4.203773
55.827469,-4.200002
55.827378,-4.197602
55.827967,-4.197332
55.828120,-4.198299
55.826427,-4.194451
55.826448,-4.196320
55.826719,-4.199225
55.828020,-4.198868
55.826691,-4.208804
55.821029,-4.196302
55.825697,-4.206145
55.825901,-4.207290
55.825271,-4.209314
55.826144,-4.206761
55.826574,-4.207360
55.826491,-4.208441
55.826164,-4.208662
55.826214,-4.209878
55.826871,-4.207792
55.826869,-4.208431
55.827384,-4.208779
55.827161,-4.209182
55.827513,-4.201601
55.828284,-4.201198
55.826899,-4.202221
55.827692,-4.208637
55.827426,-4.203449
55.826854,-4.207280
55.827342,-4.201097
55.826172,-4.203697
55.826233,-4.205281
55.827186,-4.206788
55.827768,-4.206406
55.827901,-4.209990
55.824834,-4.210151
55.824649,-4.209438
55.824512,-4.208568
55.823975,-4.207931
55.825193,-4.208176
55.826050,-4.207985
55.825890,-4.208407
55.825349,-4.205966
55.826171,-4.205230
55.824818,-4.207532
55.825838,-4.204796
55.824358,-4.205111
55.824523,-4.203923
55.824546,-4.206670
55.825048,-4.205757
55.823386,-4.201193
55.823692,-4.203142
55.823987,-4.202727
55.824028,-4.204965
55.823854,-4.206136
55.824517,-4.201767
55.824238,-4.202263
55.825930,-4.202135
55.825439,-4.203448
55.826633,-4.203532
55.825988,-4.199935
55.826382,-4.201522
55.825795,-4.201185
55.824733,-4.200263
55.825019,-4.201333
55.825430,-4.202490
55.825148,-4.203144
55.825146,-4.200238
55.825761,-4.199555
55.826442,-4.200168
55.826368,-4.198759
55.826023,-4.197973
55.825628,-4.198414
55.824855,-4.199471
55.825519,-4.197002
55.826248,-4.194952
55.824647,-4.195516
55.823492,-4.196249
55.825057,-4.197216
55.823190,-4.195546
55.825936,-4.196275
55.823167,-4.194842
55.824624,-4.194270
55.825915,-4.193959
55.825487,-4.193233
55.824107,-4.199557
55.824809,-4.193482
55.825507,-4.192643
55.824298,-4.196918
55.823720,-4.198082
55.821397,-4.194296
55.819910,-4.192041
55.819628,-4.189678
55.820495,-4.186933
55.820849,-4.188230
55.822682,-4.196332
55.820806,-4.189154
55.820224,-4.191037
55.820899,-4.190500
55.821091,-4.192315
55.821649,-4.186232
55.821658,-4.191245
55.821432,-4.189812
55.822010,-4.193723
55.823016,-4.193732
55.822564,-4.193882
55.821915,-4.190972
55.821687,-4.187639
55.822087,-4.189896
55.822392,-4.192452
55.823317,-4.192999
55.822819,-4.192699
55.823531,-4.192085
55.823824,-4.191734
55.822677,-4.191063
55.823291,-4.206998
55.823438,-4.208332
55.822184,-4.205084
55.822473,-4.203999
55.820728,-4.206550
55.820239,-4.204798
55.820506,-4.202914
55.820902,-4.202393
55.821375,-4.198078
55.821206,-4.194939
55.822368,-4.196793
55.823520,-4.198694
55.822786,-4.203585
55.823154,-4.203606
55.820831,-4.198318
55.823225,-4.204648
55.822982,-4.206151
55.823335,-4.205053
55.821612,-4.204892
55.822585,-4.200237
55.820581,-4.212273
55.818773,-4.204348
55.818431,-4.204361
55.819702,-4.206667
55.819869,-4.207363
55.817380,-4.210814
55.818306,-4.210324
55.818398,-4.209722
55.819087,-4.208373
55.819593,-4.208721
55.817955,-4.207862
55.820044,-4.209145
55.820049,-4.210854
55.820832,-4.209781
55.821020,-4.207317
55.818641,-4.211173
55.820574,-4.211139
55.821129,-4.210244
55.821589,-4.208195
55.816867,-4.209891
55.817549,-4.200432
55.817871,-4.200993
55.819436,-4.202438
55.819088,-4.201796
55.817594,-4.201440
55.817194,-4.201689
55.818868,-4.200059
55.817353,-4.203310
55.817877,-4.205702
55.817581,-4.207633
55.817443,-4.209844
55.816832,-4.207303
55.817705,-4.203729
55.818082,-4.202250
55.817371,-4.201811
55.817848,-4.199283
55.823269,-4.199158
55.823343,-4.200073
55.819969,-4.201798
55.819937,-4.203089
55.819598,-4.201426
55.819528,-4.199825
55.819875,-4.199510
55.818800,-4.199289
55.818649,-4.198690
55.817393,-4.199098
55.819630,-4.192600
55.818741,-4.191528
55.820100,-4.195452
55.819083,-4.194548
55.818875,-4.196644
55.818472,-4.196046
55.817602,-4.196460
55.818401,-4.193999
55.818843,-4.197408
55.818797,-4.197980
55.817389,-4.197805
55.826924,-4.209839
55.822978,-4.199860
55.827545,-4.210816
55.828064,-4.208466
55.816931,-4.202791
55.806600,-4.193016
55.806856,-4.197802
55.805326,-4.203460
55.804722,-4.205532
55.804550,-4.206624
55.806439,-4.201496
55.804912,-4.204969
55.804949,-4.205928
55.804927,-4.206661
55.806301,-4.202175
55.807047,-4.201674
55.806403,-4.204032
55.806438,-4.208103
55.806070,-4.204539
55.806064,-4.206901
55.805526,-4.203790
55.807998,-4.210792
55.807974,-4.209131
55.808448,-4.210770
55.806660,-4.209217
55.807495,-4.209775
55.805796,-4.207779
55.805570,-4.208899
55.814270,-4.215362
55.807091,-4.211268
55.807658,-4.211236
55.816552,-4.226825
55.817449,-4.227451
55.816559,-4.224958
55.807157,-4.198553
55.807599,-4.204003
55.808572,-4.209341
55.808732,-4.209956
55.809037,-4.210979
55.809543,-4.211822
55.811033,-4.211954
55.807308,-4.202694
55.806663,-4.204062
55.806658,-4.206871
55.807586,-4.208216
55.807240,-4.206967
55.807203,-4.208497
55.808466,-4.208744
55.808700,-4.209252
55.806983,-4.205772
55.809069,-4.210215
55.809430,-4.211129
55.809747,-4.208977
55.810918,-4.210830
55.809380,-4.208429
55.810302,-4.208625
55.809996,-4.208656
55.810774,-4.211349
55.810406,-4.211312
55.809915,-4.211667
55.808669,-4.210942
55.811655,-4.202334
55.811064,-4.200193
55.811248,-4.202981
55.810922,-4.201606
55.810544,-4.202622
55.808083,-4.205547
55.811205,-4.203856
55.811744,-4.204397
55.811945,-4.203212
55.811694,-4.205671
55.810052,-4.201030
55.811518,-4.206954
55.811336,-4.205077
55.811293,-4.205984
55.808835,-4.205206
55.807933,-4.208411
55.807641,-4.207166
55.807181,-4.205719
55.807229,-4.204094
55.810135,-4.203397
55.809473,-4.200199
55.809149,-4.199255
55.809088,-4.198103
55.808544,-4.197370
55.808529,-4.196715
55.808041,-4.199863
55.808355,-4.199929
55.808201,-4.202984
55.807835,-4.202868
55.807423,-4.199764
55.807671,-4.198981
55.811808,-4.200842
55.811355,-4.199524
55.807994,-4.201520
55.815411,-4.202386
55.815294,-4.203369
55.815817,-4.203782
55.816229,-4.205880
55.816026,-4.207146
55.815738,-4.207688
55.814905,-4.205518
55.814038,-4.203250
55.814443,-4.205236
55.813778,-4.205231
55.813154,-4.202434
55.815585,-4.205716
55.812386,-4.205679
55.812140,-4.207388
55.812754,-4.207184
55.814710,-4.206369
55.813129,-4.205338
55.814512,-4.206900
55.812417,-4.204451
55.813401,-4.203725
55.812562,-4.203869
55.814020,-4.204271
55.814454,-4.203641
55.815130,-4.208994
55.815031,-4.210521
55.816991,-4.217448
55.816704,-4.217432
55.815745,-4.217282
55.816066,-4.218912
55.815639,-4.216669
55.815756,-4.211695
55.815862,-4.210792
55.815844,-4.209785
55.815442,-4.209172
55.815349,-4.218296
55.815107,-4.211276
55.814153,-4.209354
55.814005,-4.211085
55.813317,-4.210887
55.813086,-4.208735
55.813690,-4.208610
55.812789,-4.209277
55.812215,-4.210186
55.812393,-4.209797
55.812207,-4.208621
55.812663,-4.211743
55.812029,-4.209521
55.813193,-4.212252
55.814608,-4.212029
55.812405,-4.209143
55.813724,-4.213224
55.814153,-4.212865
55.815020,-4.211638
55.814874,-4.212747
55.813702,-4.212457
55.815361,-4.210157
55.816212,-4.213812
55.817423,-4.221415
55.816395,-4.219106
55.817241,-4.220048
55.816731,-4.221935
55.814190,-4.223258
55.816216,-4.222049
55.814097,-4.221960
55.813875,-4.222793
55.814899,-4.224320
55.815141,-4.223376
55.813785,-4.221783
55.816283,-4.222819
55.816599,-4.223763
55.817066,-4.223247
55.813626,-4.222636
55.815692,-4.225196
55.813381,-4.224744
55.813260,-4.224977
55.813038,-4.223863
55.812568,-4.225001
55.813005,-4.222712
55.813338,-4.221167
55.814030,-4.220169
55.815788,-4.221897
55.815138,-4.219529
55.814456,-4.219012
55.815043,-4.217337
55.814703,-4.225714
55.814230,-4.221553
55.813997,-4.225482
55.815679,-4.226392
55.814518,-4.202048
55.814826,-4.199911
55.814041,-4.202085
55.813550,-4.200877
55.810806,-4.197035
55.812457,-4.200703
55.810296,-4.199416
55.809764,-4.197503
55.809723,-4.195777
55.809348,-4.194128
55.808638,-4.194136
55.811814,-4.199964
55.808296,-4.195649
55.809734,-4.196671
55.809177,-4.195682
55.816685,-4.201500
55.801387,-4.194063
55.803978,-4.211458
55.805148,-4.200817
55.817251,-4.201022
55.816996,-4.199188
55.817049,-4.195695
55.818104,-4.192993
55.817834,-4.192515
55.816601,-4.193626
55.816889,-4.195095
55.817374,-4.192121
55.817003,-4.190217
55.816272,-4.190399
55.817168,-4.194089
55.816610,-4.191632
55.817036,-4.192390
55.816621,-4.192478
55.816581,-4.189683
55.815863,-4.193186
55.815975,-4.189936
55.815662,-4.190812
55.816081,-4.192017
55.816175,-4.192804
55.816429,-4.194670
55.816194,-4.195279
55.816655,-4.196120
55.804168,-4.193820
55.812043,-4.198206
55.815854,-4.200719
55.816289,-4.200504
55.815122,-4.198922
55.814505,-4.196764
55.814443,-4.199219
55.813786,-4.198751
55.812503,-4.193587
55.812829,-4.194978
55.813023,-4.196218
55.813114,-4.197628
55.812589,-4.195364
55.813838,-4.197844
55.813563,-4.196648
55.813189,-4.194967
55.813653,-4.194115
55.812821,-4.193892
55.813369,-4.192902
55.814073,-4.193787
55.814002,-4.195204
55.814003,-4.194182
55.814572,-4.193512
55.814605,-4.192684
55.814716,-4.193967
55.813725,-4.193608
55.814478,-4.194736
55.814469,-4.195725
55.815183,-4.195031
55.815441,-4.196195
55.815375,-4.197372
55.808348,-4.190225
55.807975,-4.191529
55.808528,-4.192246
55.808374,-4.191312
55.808719,-4.190613
55.809119,-4.190843
55.809303,-4.190135
55.808316,-4.192554
55.808995,-4.191746
55.809603,-4.190934
55.809838,-4.190868
55.810365,-4.190004
55.810889,-4.190384
55.811099,-4.186629
55.809611,-4.186450
55.809231,-4.186588
55.808844,-4.187109
55.809180,-4.188916
55.810562,-4.191100
55.809777,-4.189747
55.810098,-4.189350
55.810582,-4.189457
55.808409,-4.187308
55.809863,-4.188443
55.810213,-4.188479
55.810502,-4.188878
55.810959,-4.189478
55.809862,-4.187964
55.811330,-4.190840
55.811496,-4.190115
55.810611,-4.188294
55.810742,-4.188046
55.811392,-4.188354
55.811903,-4.189946
55.812045,-4.191072
55.811112,-4.188928
55.804949,-4.188838
55.805794,-4.193880
55.805503,-4.192523
55.805689,-4.191177
55.805382,-4.189213
55.805987,-4.191082
55.805762,-4.189585
55.805425,-4.187332
55.804729,-4.185011
55.804551,-4.185432
55.805936,-4.188398
55.806226,-4.187760
55.805430,-4.186567
55.805792,-4.185917
55.806652,-4.189061
55.806631,-4.190288
55.806239,-4.190570
55.805944,-4.186947
55.807250,-4.193323
55.807793,-4.193115
55.807739,-4.190606
55.807765,-4.189682
55.806332,-4.189394
55.807503,-4.188726
55.807720,-4.188147
55.807146,-4.188610
55.806878,-4.185994
55.807142,-4.185817
55.807414,-4.185657
55.807764,-4.185676
55.808731,-4.185874
55.808355,-4.185326
55.807692,-4.184699
55.808358,-4.188646
55.808541,-4.184970
55.815608,-4.195358
55.803885,-4.184469
55.803605,-4.187581
55.804161,-4.194187
55.804568,-4.191529
55.803908,-4.185715
55.803937,-4.187600
55.804501,-4.194270
55.804396,-4.196147
55.804985,-4.195366
55.803877,-4.195001
55.804806,-4.194814
55.804891,-4.191068
55.804697,-4.195398
55.804240,-4.186261
55.804721,-4.186479
55.803219,-4.188070
55.810054,-4.192843
55.809638,-4.193474
55.809255,-4.191777
55.810054,-4.192843
55.804255,-4.182847
55.809206,-4.192508
55.815101,-4.194101
55.803689,-4.182879
55.801556,-4.195157
55.798042,-4.184030
55.802098,-4.195970
55.793954,-4.196053
55.802959,-4.193066
55.802085,-4.197229
55.803352,-4.196710
55.802686,-4.197774
55.803628,-4.192848
55.801901,-4.192927
55.802366,-4.193081
55.802689,-4.190083
55.803635,-4.190423
55.832137,-4.170501
55.832137,-4.170501
55.832137,-4.170501
55.832137,-4.170501
55.832137,-4.170501
55.832137,-4.170501
55.832137,-4.170501
55.832137,-4.170501
55.832137,-4.170501
55.832137,-4.170501
55.832137,-4.170501
55.832137,-4.170501
55.832137,-4.170501
55.832137,-4.170501
55.762491,-4.176241
55.761963,-4.175095
55.762491,-4.176241
55.761658,-4.179621
55.761915,-4.181883
55.762600,-4.178191
55.763676,-4.177853
55.763259,-4.177543
55.764322,-4.177937
55.765310,-4.178964
55.764386,-4.178849
55.765554,-4.179886
55.764880,-4.180901
55.764704,-4.182740
55.764338,-4.181588
55.764866,-4.178636
55.763658,-4.181374
55.764197,-4.180400
55.763721,-4.182398
55.765184,-4.185540
55.764559,-4.187307
55.764477,-4.185389
55.763589,-4.186280
55.760870,-4.165280
55.762473,-4.187365
55.763369,-4.185997
55.763866,-4.184367
55.763742,-4.183754
55.763543,-4.180284
55.763952,-4.188086
55.762533,-4.169851
55.765358,-4.183318
55.760896,-4.179037
55.763277,-4.182580
55.763222,-4.172025
55.765926,-4.187303
55.766017,-4.185683
55.766941,-4.185814
55.766846,-4.188598
55.766452,-4.187508
55.766303,-4.186320
55.765693,-4.189235
55.766260,-4.193268
55.766787,-4.193951
55.766276,-4.193843
55.767134,-4.195135
55.765958,-4.188533
55.766833,-4.195899
55.766574,-4.194768
55.765781,-4.195409
55.764539,-4.192454
55.766199,-4.195130
55.764086,-4.191664
55.763637,-4.193153
55.764819,-4.190414
55.764157,-4.190727
55.764488,-4.189805
55.764810,-4.188899
55.766747,-4.181547
55.764150,-4.184064
55.761848,-4.192160
55.763018,-4.195126
55.762279,-4.193730
55.762952,-4.193752
55.764076,-4.195250
55.764591,-4.195119
55.764850,-4.196202
55.764387,-4.196941
55.763301,-4.193851
55.764786,-4.197792
55.764153,-4.198506
55.763637,-4.198190
55.763999,-4.197573
55.764595,-4.200396
55.764112,-4.203270
55.764823,-4.210228
55.763721,-4.200538
55.763846,-4.201597
55.763545,-4.196798
55.763112,-4.197395
55.763919,-4.199991
55.765622,-4.203801
55.764310,-4.199774
55.763043,-4.188656
55.762438,-4.189850
55.762263,-4.188549
55.763637,-4.190156
55.762982,-4.191092
55.762214,-4.190810
55.761263,-4.189210
55.762018,-4.188695
55.761512,-4.187853
55.761590,-4.186503
55.761354,-4.176528
55.761354,-4.176528
55.761026,-4.187396
55.761057,-4.175045
55.760471,-4.173626
55.760905,-4.176009
55.760548,-4.175861
55.761190,-4.176646
55.761363,-4.177038
55.761412,-4.177280
55.760878,-4.178031
55.760342,-4.182369
55.761412,-4.177280
55.760514,-4.177278
55.760707,-4.178548
55.759857,-4.177815
55.759946,-4.179908
55.760073,-4.174273
55.761708,-4.171766
55.759762,-4.167418
55.766323,-4.181157
55.764127,-4.174722
55.762591,-4.168595
55.762384,-4.167085
55.762993,-4.168235
55.761127,-4.170060
55.763783,-4.174878
55.761159,-4.167751
55.759532,-4.165716
55.759059,-4.167044
55.762708,-4.169590
55.765550,-4.206762
55.759759,-4.176248
55.767246,-4.209441
55.766283,-4.198514
55.767803,-4.183822
55.766521,-4.207742
55.765962,-4.202864
55.766009,-4.201767
55.765976,-4.199549
55.766471,-4.198015
55.766360,-4.197211
55.765814,-4.205598
55.764522,-4.157432
55.763934,-4.155615
55.763406,-4.154438
55.764394,-4.154492
55.763222,-4.155719
55.762894,-4.156992
55.760657,-4.159004
55.760688,-4.157221
55.761791,-4.159386
55.761981,-4.160878
55.761137,-4.161852
55.759837,-4.158082
55.762268,-4.158328
55.762548,-4.160304
55.763463,-4.151715
55.763710,-4.151458
55.761303,-4.160076
55.758773,-4.153178
55.763168,-4.148511
55.762950,-4.148132
55.761944,-4.152221
55.761761,-4.152944
55.761529,-4.153872
55.761184,-4.152514
55.763669,-4.150212
55.760749,-4.152745
55.759902,-4.153384
55.759018,-4.156124
55.759555,-4.155708
55.760047,-4.155320
55.761601,-4.156936
55.760333,-4.152850
55.761387,-4.147600
55.761266,-4.150415
55.762306,-4.147953
55.762261,-4.154646
55.762847,-4.146309
55.762100,-4.149998
55.756559,-4.152833
55.756888,-4.155082
55.757208,-4.153729
55.757174,-4.155672
55.758366,-4.156375
55.758118,-4.157732
55.759481,-4.159417
55.758207,-4.159825
55.757919,-4.155745
55.755398,-4.149311
55.756018,-4.149313
55.756264,-4.150665
55.755638,-4.151045
55.758885,-4.158556
55.756659,-4.151755
55.755198,-4.152009
55.757170,-4.147719
55.756275,-4.147988
55.755564,-4.157288
55.754916,-4.156296
55.755248,-4.154290
55.755248,-4.154290
55.758020,-4.160707
55.761206,-4.164055
55.761075,-4.162837
55.759699,-4.163350
55.759049,-4.160971
55.759695,-4.162553
55.760018,-4.164133
55.759933,-4.161307
55.760525,-4.161388
55.756540,-4.157501
55.757259,-4.159039
55.759386,-4.161771
55.755838,-4.155486
55.757222,-4.161635
55.756711,-4.161033
55.756136,-4.160507
55.757708,-4.163622
55.753783,-4.153285
55.753725,-4.151434
55.753433,-4.152724
55.752959,-4.153638
55.755244,-4.158609
55.754494,-4.157325
55.754494,-4.157325
55.762525,-4.162630
55.755244,-4.158609
55.763553,-4.160886
55.763878,-4.159820
55.764015,-4.161198
55.764430,-4.160105
55.762977,-4.158909
55.763836,-4.159148
55.763646,-4.158197
55.765156,-4.159731
55.765101,-4.158229
55.770505,-4.139093
55.770753,-4.140335
55.769074,-4.139190
55.769258,-4.141528
55.765341,-4.146080
55.765035,-4.148167
55.764717,-4.147305
55.764496,-4.145603
55.764702,-4.142554
55.760637,-4.145742
55.768138,-4.143396
55.766595,-4.142721
55.766572,-4.145558
55.766457,-4.144451
55.764349,-4.144208
55.761062,-4.142019
55.762041,-4.141563
55.764191,-4.140884
55.763554,-4.149584
55.755814,-4.147134
55.756162,-4.145703
55.751978,-4.140836
55.758681,-4.162975
55.759188,-4.150491
55.768617,-4.141190
55.761354,-4.176528
55.773041,-4.159003
55.773658,-4.160233
55.773657,-4.159244
55.772425,-4.158762
55.771302,-4.159800
55.771520,-4.157612
55.771115,-4.162213
55.770910,-4.161101
55.773356,-4.161540
55.771043,-4.163277
55.771724,-4.163378
55.771852,-4.162254
55.770748,-4.163659
55.772540,-4.162467
55.771698,-4.161799
55.771898,-4.161140
55.773842,-4.161519
55.772291,-4.160285
55.771813,-4.159334
55.769461,-4.160718
55.772420,-4.148812
55.777103,-4.157521
55.771365,-4.153665
55.771987,-4.157111
55.773539,-4.155714
55.773786,-4.154962
55.774165,-4.153867
55.772939,-4.154102
55.772764,-4.155336
55.772508,-4.157140
55.772098,-4.154869
55.771701,-4.154449
55.770081,-4.154583
55.772081,-4.154310
55.769209,-4.156639
55.771351,-4.156486
55.771022,-4.157281
55.770207,-4.157156
55.771679,-4.155691
55.769650,-4.157652
55.770411,-4.158826
55.770806,-4.156281
55.771396,-4.155978
55.770148,-4.154857
55.768903,-4.157164
55.770900,-4.147326
55.771645,-4.146904
55.769040,-4.158622
55.770057,-4.155442
55.771632,-4.147605
55.767068,-4.165448
55.766823,-4.165068
55.768508,-4.162292
55.769935,-4.162387
55.767638,-4.163710
55.770147,-4.161091
55.766779,-4.163981
55.766755,-4.162816
55.766198,-4.164332
55.764792,-4.165593
55.769616,-4.164186
55.768819,-4.164493
55.767765,-4.164674
55.769078,-4.163599
55.770227,-4.163694
55.770543,-4.162580
55.769612,-4.162863
55.767693,-4.160589
55.768399,-4.163880
55.768203,-4.161733
55.768090,-4.158969
55.768453,-4.159802
55.766341,-4.161805
55.767620,-4.162673
55.772950,-4.146801
55.765315,-4.165479
55.769843,-4.159432
55.772534,-4.157715
55.771525,-4.143486
55.770322,-4.150052
55.774777,-4.152290
55.773954,-4.152038
55.775548,-4.150834
55.775545,-4.151551
55.775887,-4.151012
55.774444,-4.150231
55.773903,-4.149340
55.773691,-4.150668
55.772875,-4.153094
55.773350,-4.152164
55.773750,-4.152393
55.772536,-4.151434
55.771619,-4.149900
55.771476,-4.150881
55.772229,-4.149950
55.772255,-4.152582
55.772866,-4.149554
55.770061,-4.150596
55.770308,-4.151901
55.775167,-4.149506
55.771693,-4.144675
55.771095,-4.145455
55.773074,-4.144830
55.773900,-4.145896
55.771707,-4.146445
55.774886,-4.154784
55.773323,-4.156802
55.773708,-4.156887
55.774020,-4.157542
55.775043,-4.156594
55.773555,-4.146100
55.775289,-4.155396
55.775176,-4.157718
55.775843,-4.154550
55.774281,-4.156457
55.774442,-4.158028
55.775639,-4.156404
55.776275,-4.156009
55.776818,-4.152754
55.776605,-4.154145
55.776234,-4.154778
55.777290,-4.153497
55.777115,-4.155290
55.777117,-4.156214
55.775825,-4.157594
55.776033,-4.159073
55.775967,-4.160249
55.775139,-4.159310
55.776292,-4.152996
55.772947,-4.144377
55.775428,-4.159231
55.772791,-4.146122
55.773372,-4.144209
55.776348,-4.151883
55.774124,-4.155188
55.776652,-4.148854
55.774512,-4.154588
55.775415,-4.152820
55.776020,-4.151610
55.777519,-4.152745
55.777519,-4.152745
55.777784,-4.154019
55.777784,-4.154019
55.777987,-4.155274
55.777987,-4.155274
55.778907,-4.154543
55.778596,-4.153824
55.778157,-4.152732
55.777293,-4.150771
55.778610,-4.156106
55.772821,-4.147989
55.771491,-4.145397
55.772330,-4.145236
55.777105,-4.149198
55.776666,-4.141408
55.776013,-4.140687
55.776147,-4.139721
55.776274,-4.139138
55.776074,-4.137198
55.777283,-4.136913
55.777185,-4.138423
55.777359,-4.139788
55.778528,-4.137157
55.778475,-4.140200
55.778955,-4.139492
55.779327,-4.139816
55.779398,-4.140394
55.779139,-4.141815
55.776103,-4.149956
55.780076,-4.139107
55.781004,-4.140003
55.780559,-4.139213
55.779496,-4.140909
55.777370,-4.146868
55.777598,-4.147710
55.777875,-4.145238
55.777365,-4.144077
55.777190,-4.145328
55.777880,-4.142399
55.777319,-4.143102
55.779303,-4.144248
55.779243,-4.146142
55.778708,-4.143832
55.778747,-4.146258
55.780260,-4.140951
55.779424,-4.143489
55.778247,-4.138353
55.778533,-4.150265
55.778074,-4.148757
55.779111,-4.148559
55.779621,-4.146115
55.780122,-4.144707
55.780122,-4.144707
55.780005,-4.145769
55.780005,-4.145769
55.780092,-4.146938
55.780092,-4.146938
55.779861,-4.148329
55.778484,-4.152048
55.778282,-4.151240
55.779277,-4.152937
55.779354,-4.151107
55.774614,-4.139510
55.773921,-4.139567
55.774765,-4.138561
55.775271,-4.139466
55.774056,-4.137502
55.773287,-4.138305
55.774216,-4.136522
55.775156,-4.137785
55.775881,-4.135864
55.771712,-4.137358
55.772055,-4.139848
55.773127,-4.140241
55.773360,-4.139776
55.775206,-4.135412
55.773829,-4.135560
55.772679,-4.138128
55.765433,-4.156239
55.765501,-4.155398
55.765591,-4.153873
55.765230,-4.152418
55.766614,-4.147297
55.766545,-4.150211
55.767066,-4.150734
55.767230,-4.153150
55.766873,-4.154039
55.766556,-4.154181
55.766207,-4.150017
55.765375,-4.150274
55.766669,-4.159544
55.765456,-4.159524
55.766500,-4.159423
55.765962,-4.159361
55.767372,-4.158387
55.766324,-4.158680
55.765425,-4.158710
55.767978,-4.157655
55.768500,-4.156584
55.768084,-4.156242
55.767703,-4.156954
55.767558,-4.155974
55.767477,-4.154949
55.767208,-4.157007
55.766053,-4.157756
55.767106,-4.156124
55.768916,-4.145160
55.768918,-4.147121
55.768707,-4.146344
55.768237,-4.147530
55.767534,-4.147635
55.767568,-4.145676
55.779381,-4.162862
55.776985,-4.161645
55.778431,-4.159173
55.781596,-4.151917
55.771539,-4.141653
55.768843,-4.154451
55.761354,-4.176528
55.768518,-4.151499
55.768098,-4.149802
55.768189,-4.153857
55.767590,-4.150571
55.767972,-4.150337
55.769574,-4.178245
55.771505,-4.179325
55.771141,-4.178572
55.770142,-4.176109
55.770608,-4.176693
55.771838,-4.178292
55.772212,-4.177452
55.772359,-4.178273
55.772704,-4.176602
55.766569,-4.179401
55.772931,-4.174909
55.771251,-4.176426
55.772587,-4.174539
55.773116,-4.172591
55.772968,-4.171818
55.772482,-4.170866
55.772214,-4.176862
55.772275,-4.172401
55.772989,-4.170113
55.771907,-4.169814
55.773152,-4.171095
55.771400,-4.177646
55.771162,-4.175352
55.770593,-4.174476
55.765068,-4.176416
55.772415,-4.190824
55.766834,-4.173629
55.771128,-4.191900
55.772392,-4.192098
55.771804,-4.170589
55.772547,-4.168207
55.771811,-4.190933
55.773691,-4.167537
55.770598,-4.168131
55.770818,-4.166342
55.771597,-4.168521
55.771326,-4.166593
55.770957,-4.167625
55.771823,-4.165903
55.773206,-4.164943
55.774115,-4.165934
55.771616,-4.167454
55.772744,-4.165683
55.772886,-4.166313
55.772114,-4.167274
55.772327,-4.189703
55.772083,-4.190279
55.771048,-4.190875
55.771434,-4.188872
55.769191,-4.175530
55.773048,-4.166816
55.769068,-4.176878
55.770030,-4.174795
55.770728,-4.172475
55.771972,-4.172751
55.771191,-4.189894
55.769328,-4.176908
55.770868,-4.173152
55.771257,-4.170511
55.770697,-4.170639
55.770763,-4.169958
55.770484,-4.170006
55.770411,-4.172074
55.770236,-4.170821
55.769321,-4.172731
55.768746,-4.173209
55.768477,-4.172174
55.768613,-4.172596
55.768977,-4.172871
55.769635,-4.170756
55.769185,-4.173808
55.768239,-4.171938
55.767494,-4.172869
55.768690,-4.171341
55.768316,-4.170635
55.768583,-4.170251
55.767800,-4.171834
55.767829,-4.173748
55.771411,-4.190640
55.777107,-4.172064
55.766593,-4.174508
55.775145,-4.164604
55.774489,-4.165620
55.776768,-4.170419
55.767578,-4.174707
55.768550,-4.175159
55.779218,-4.170619
55.778496,-4.172269
55.778197,-4.171901
55.778179,-4.170386
55.775852,-4.169874
55.777313,-4.170561
55.775743,-4.169915
55.775958,-4.169927
55.778187,-4.168425
55.778286,-4.169403
55.778125,-4.166858
55.776280,-4.180166
55.770017,-4.175576
55.773688,-4.175350
55.773799,-4.178162
55.774735,-4.174563
55.774001,-4.172864
55.774165,-4.175807
55.774986,-4.173078
55.773989,-4.174059
55.774384,-4.199831
55.776464,-4.181468
55.775768,-4.181190
55.765958,-4.169292
55.788277,-4.160404
55.781747,-4.173454
55.778160,-4.189217
55.786039,-4.163502
55.785432,-4.163739
55.789494,-4.181574
55.768145,-4.175726
55.766849,-4.177312
55.766310,-4.177298
55.766493,-4.178137
55.765652,-4.172878
55.766182,-4.169847
55.766150,-4.167565
55.768488,-4.166467
55.765557,-4.168043
55.765509,-4.167243
55.766318,-4.173823
55.764971,-4.169700
55.765652,-4.169801
55.765443,-4.171479
55.764988,-4.171263
55.764915,-4.167768
55.764897,-4.172358
55.765399,-4.172433
55.764580,-4.169439
55.764199,-4.170167
55.763758,-4.169648
55.768886,-4.197162
55.769471,-4.198630
55.770064,-4.199652
55.770449,-4.198717
55.766138,-4.174834
55.766061,-4.176152
55.765784,-4.176073
55.766698,-4.178260
55.769079,-4.197954
55.765266,-4.176395
55.767137,-4.177791
55.766276,-4.175670
55.765863,-4.177193
55.768111,-4.176107
55.767456,-4.179084
55.767765,-4.180376
55.768757,-4.179730
55.769075,-4.180545
55.768378,-4.178784
55.768487,-4.180719
55.769815,-4.180857
55.769263,-4.179057
55.769962,-4.179654
55.771420,-4.180070
55.767305,-4.176429
55.769061,-4.194940
55.770914,-4.179181
55.761354,-4.176528
55.764333,-4.175801
55.766370,-4.176473
55.763945,-4.168272
55.763888,-4.173991
55.764536,-4.174458
55.765219,-4.174990
55.775185,-4.178096
55.769810,-4.200769
55.765361,-4.174057
55.764824,-4.173948
55.770511,-4.194256
55.768013,-4.195726
55.769796,-4.193515
55.768979,-4.193995
55.774488,-4.179364
55.778834,-4.184678
55.780185,-4.187002
55.783688,-4.191664
55.775972,-4.175238
55.784117,-4.186744
55.785529,-4.167461
55.786375,-4.164828
55.786136,-4.164113
55.788545,-4.159988
55.784369,-4.163919
55.783074,-4.161408
55.772000,-4.193910
55.777321,-4.178741
55.772682,-4.194474
55.774558,-4.168287
55.783174,-4.165926
55.776219,-4.164855
55.775788,-4.216223
55.776242,-4.214973
55.775268,-4.214647
55.770682,-4.197263
55.778751,-4.175664
55.770906,-4.196319
55.770542,-4.195023
55.771693,-4.197543
55.771951,-4.197175
55.771362,-4.195899
55.771749,-4.192349
55.770211,-4.196471
55.781523,-4.166297
55.778708,-4.165902
55.771865,-4.184846
55.772650,-4.183678
55.772168,-4.183508
55.771441,-4.182909
55.770715,-4.183809
55.770676,-4.186533
55.771274,-4.185754
55.770904,-4.185844
55.772166,-4.182089
55.770750,-4.199962
55.770852,-4.198819
55.770496,-4.185040
55.769167,-4.190020
55.769815,-4.189961
55.770368,-4.190677
55.773438,-4.183340
55.774377,-4.182101
55.774283,-4.183307
55.773335,-4.182026
55.774605,-4.213525
55.770679,-4.187841
55.769202,-4.188029
55.769540,-4.187251
55.769079,-4.186890
55.771734,-4.175034
55.775823,-4.206785
55.775985,-4.209282
55.775218,-4.208457
55.775408,-4.211880
55.774627,-4.211294
55.776195,-4.211574
55.771893,-4.186330
55.772522,-4.188853
55.772219,-4.187209
55.776292,-4.213190
55.773452,-4.186083
55.771547,-4.187044
55.768025,-4.189509
55.772830,-4.196284
55.773802,-4.195653
55.774481,-4.196919
55.774282,-4.197482
55.773519,-4.196913
55.773745,-4.197834
55.775276,-4.205718
55.774395,-4.206720
55.773392,-4.199504
55.772394,-4.200022
55.772597,-4.201261
55.773744,-4.203909
55.774041,-4.207418
55.773680,-4.209486
55.773873,-4.202258
55.768142,-4.192513
55.771755,-4.200066
55.775026,-4.204109
55.773591,-4.205431
55.768757,-4.190842
55.774191,-4.191035
55.773759,-4.194072
55.774860,-4.193321
55.773690,-4.188344
55.773361,-4.192200
55.773234,-4.190264
55.773292,-4.193041
55.772169,-4.199053
55.772885,-4.198184
55.782913,-4.167985
55.774350,-4.190151
55.774470,-4.191513
55.774674,-4.199194
55.775093,-4.191325
55.774947,-4.189929
55.775034,-4.187064
55.775413,-4.185459
55.774778,-4.186827
55.773024,-4.201477
55.767981,-4.185920
55.768192,-4.186713
55.767891,-4.187461
55.767392,-4.187752
55.767491,-4.186211
55.773493,-4.202380
55.773510,-4.200946
55.775182,-4.168593
55.777537,-4.166044
55.776954,-4.167001
55.777221,-4.167637
55.789056,-4.163621
55.765722,-4.175480
55.779631,-4.165555
55.765978,-4.253002
55.767305,-4.251213
55.768876,-4.269878
55.770195,-4.251954
55.769496,-4.250351
55.771356,-4.249422
55.769612,-4.247472
55.769590,-4.234844
55.765146,-4.243485
55.756168,-4.243925
55.755863,-4.270332
55.770866,-4.243239
55.767261,-4.245264
55.769766,-4.244946
55.768068,-4.242425
55.769859,-4.245764
55.758731,-4.257557
55.768073,-4.247543
55.767453,-4.243617
55.769312,-4.213496
55.760868,-4.233085
55.771807,-4.216683
55.773564,-4.215411
55.771925,-4.250236
55.771489,-4.252427
55.771171,-4.254561
55.768963,-4.217382
55.766857,-4.213086
55.774571,-4.219391
55.773792,-4.218230
55.773725,-4.217493
55.771053,-4.245307
55.770796,-4.248561
55.772066,-4.247900
55.773037,-4.250380
55.774034,-4.250916
55.766416,-4.214113
55.767764,-4.215624
55.768852,-4.202597
55.768871,-4.203012
55.772649,-4.227764
55.763391,-4.211391
55.760993,-4.251344
55.770578,-4.231935
55.770049,-4.232861
55.770641,-4.234410
55.771328,-4.231196
55.769985,-4.231917
55.771190,-4.211992
55.770816,-4.212306
55.769764,-4.234168
55.761437,-4.230472
55.769357,-4.204506
55.772697,-4.211200
55.771337,-4.207823
55.769810,-4.203799
55.771230,-4.210798
55.771862,-4.205636
55.770071,-4.207273
55.771925,-4.227069
55.777405,-4.186145
55.772808,-4.226944
55.773171,-4.227746
55.772564,-4.228461
55.763949,-4.222294
55.767482,-4.201276
55.765666,-4.221260
55.763088,-4.220221
55.763830,-4.215480
55.763343,-4.209539
55.764199,-4.207929
55.765566,-4.215850
55.769456,-4.211001
55.768619,-4.211033
55.764484,-4.205586
55.768156,-4.227699
55.768227,-4.222330
55.760352,-4.230362
55.758122,-4.231892
55.771101,-4.229350
55.758987,-4.230252
55.757954,-4.234704
55.757131,-4.234481
55.759680,-4.234659
55.758929,-4.238426
55.759045,-4.234033
55.757426,-4.238499
55.756566,-4.236903
55.757525,-4.235078
55.758160,-4.235242
55.758926,-4.235094
55.758529,-4.239662
55.768449,-4.249127
55.758808,-4.237654
55.760438,-4.228072
55.760464,-4.226654
55.759603,-4.228502
55.764892,-4.227321
55.764388,-4.227851
55.764540,-4.229374
55.760602,-4.226981
55.761354,-4.176528
55.761354,-4.176528
55.761354,-4.176528
55.761354,-4.176528
55.761354,-4.176528
55.761354,-4.176528
55.761354,-4.176528
55.761354,-4.176528
55.761354,-4.176528
55.761354,-4.176528
55.761354,-4.176528
55.761354,-4.176528
55.761354,-4.176528
55.761354,-4.176528
55.757244,-4.186770
55.757839,-4.187680
55.755464,-4.190351
55.755321,-4.162406
55.756582,-4.190637
55.757634,-4.188592
55.757136,-4.190302
55.756788,-4.189182
55.755808,-4.189701
55.734890,-4.163553
55.756438,-4.190167
55.756166,-4.189275
55.756403,-4.188555
55.754165,-4.189609
55.754730,-4.187649
55.756055,-4.188918
55.754500,-4.188927
55.756409,-4.187743
55.755786,-4.187899
55.754984,-4.189049
55.754851,-4.190429
55.753954,-4.189820
55.754305,-4.168039
55.752421,-4.182532
55.753836,-4.187854
55.753329,-4.184064
55.744936,-4.182464
55.746168,-4.183951
55.742415,-4.182179
55.758028,-4.177554
55.758028,-4.177554
55.758566,-4.178652
55.744524,-4.181373
55.758652,-4.180362
55.758199,-4.181611
55.758391,-4.182929
55.758483,-4.183843
55.757796,-4.184569
55.758194,-4.185930
55.757526,-4.185574
55.757901,-4.186711
55.758944,-4.185717
55.758650,-4.185557
55.759024,-4.182709
55.759228,-4.184873
55.758735,-4.183283
55.759257,-4.186771
55.758584,-4.181681
55.746859,-4.181950
55.743097,-4.184767
55.758643,-4.184935
55.746484,-4.183857
55.746622,-4.179148
55.744159,-4.182165
55.756806,-4.179557
55.756028,-4.181395
55.755556,-4.181639
55.756882,-4.182367
55.756509,-4.184625
55.755897,-4.182694
55.754837,-4.181105
55.754536,-4.182363
55.754144,-4.182166
55.754084,-4.183517
55.755025,-4.184175
55.755860,-4.183744
55.754823,-4.184961
55.755572,-4.179744
55.753524,-4.184729
55.753637,-4.184416
55.754201,-4.184544
55.752880,-4.183004
55.753041,-4.182550
55.753538,-4.182387
55.755427,-4.178795
55.751604,-4.157611
55.757320,-4.171362
55.742592,-4.171212
55.743230,-4.171710
55.748166,-4.167045
55.751049,-4.174790
55.750134,-4.174166
55.755226,-4.172393
55.748077,-4.159344
55.753110,-4.180690
55.754407,-4.179551
55.753855,-4.180779
55.754266,-4.180388
55.753957,-4.184625
55.745376,-4.179955
55.745796,-4.181604
55.742652,-4.179468
55.757900,-4.172606
55.757398,-4.173040
55.758245,-4.174936
55.749085,-4.178091
55.758289,-4.175528
55.758213,-4.176767
55.757725,-4.178413
55.757294,-4.177385
55.757940,-4.173915
55.757132,-4.175862
55.757737,-4.176741
55.757761,-4.175913
55.757441,-4.174684
55.757196,-4.173794
55.756987,-4.172412
55.756176,-4.174550
55.756857,-4.173632
55.756828,-4.174762
55.756175,-4.175634
55.756915,-4.176488
55.756237,-4.176689
55.756962,-4.178403
55.755138,-4.177823
55.755055,-4.176416
55.756514,-4.178824
55.757402,-4.178905
55.743731,-4.186029
55.742100,-4.180728
55.756589,-4.177601
55.743765,-4.187656
55.744347,-4.186764
55.756786,-4.172608
55.757524,-4.170019
55.755702,-4.173408
55.756252,-4.173311
55.755848,-4.174309
55.753835,-4.176332
55.753383,-4.175972
55.754138,-4.177480
55.754778,-4.174345
55.752821,-4.176196
55.754441,-4.175601
55.754499,-4.172321
55.753813,-4.173478
55.752189,-4.174854
55.751458,-4.176534
55.753532,-4.174626
55.751662,-4.177725
55.753042,-4.174933
55.752768,-4.177181
55.752067,-4.177189
55.752507,-4.179748
55.752164,-4.178310
55.753376,-4.158028
55.751736,-4.181155
55.751564,-4.182707
55.751223,-4.178130
55.752005,-4.176612
55.756226,-4.172752
55.749165,-4.182190
55.747549,-4.183598
55.751519,-4.180203
55.742345,-4.185155
55.754367,-4.171629
55.753984,-4.170954
55.748841,-4.180165
55.753876,-4.169450
55.753366,-4.169788
55.754128,-4.171966
55.753582,-4.171808
55.754236,-4.172450
55.753799,-4.172744
55.753072,-4.173246
55.753212,-4.166799
55.752812,-4.172148
55.753229,-4.167900
55.752427,-4.170054
55.752275,-4.171512
55.751873,-4.172430
55.751137,-4.170333
55.753146,-4.170557
55.751804,-4.169701
55.751881,-4.170932
55.751507,-4.170211
55.751434,-4.171322
55.750772,-4.171636
55.751169,-4.168503
55.751605,-4.167252
55.750609,-4.155947
55.756863,-4.167209
55.753777,-4.163325
55.738925,-4.146189
55.720814,-4.161627
55.692921,-4.166579
55.730270,-4.186932
55.754953,-4.168012
55.743550,-4.177989
55.746011,-4.160839
55.744688,-4.161419
55.748277,-4.145413
55.749995,-4.159657
55.755887,-4.170597
55.754966,-4.185511
55.740580,-4.160953
55.743525,-4.184998
55.743756,-4.156715
55.742729,-4.188825
55.741761,-4.156685
55.748005,-4.161396
55.752685,-4.185383
55.741455,-4.156700
55.740998,-4.155065
55.740935,-4.155604
55.747731,-4.178923
55.746052,-4.177316
55.742065,-4.187226
55.743316,-4.177530
55.722141,-4.172019
55.749591,-4.155030
55.742068,-4.184024
55.755490,-4.186353
55.742499,-4.174425
55.745361,-4.183348
55.746320,-4.158068
55.752928,-4.166608
55.742237,-4.178075
55.744676,-4.172268
55.751854,-4.164318
55.752513,-4.165199
55.756806,-4.188132
55.743105,-4.174730
55.742260,-4.176260
55.742371,-4.173526
55.761354,-4.176528
55.747205,-4.170545
55.749707,-4.170875
55.740172,-4.168832
55.738519,-4.173344
55.741072,-4.166699
55.737390,-4.168056
55.745756,-4.170671
55.743728,-4.168472
55.751847,-4.162708
55.737321,-4.170442
55.736187,-4.161888
55.734513,-4.166574
55.735522,-4.170039
55.736179,-4.167957
55.744351,-4.226533
55.744123,-4.226217
55.744095,-4.225323
55.741454,-4.230175
55.741128,-4.228850
55.741723,-4.228231
55.742013,-4.228120
55.741839,-4.229273
55.742209,-4.230186
55.741055,-4.232383
55.741874,-4.232812
55.742193,-4.233563
55.746927,-4.239092
55.746561,-4.238450
55.746828,-4.240090
55.749063,-4.235326
55.746937,-4.237547
55.749691,-4.237832
55.749720,-4.237244
55.749502,-4.234427
55.749301,-4.233571
55.749662,-4.248762
55.750188,-4.248059
55.750240,-4.248652
55.746757,-4.230175
55.747124,-4.229272
55.747510,-4.229278
55.746578,-4.231631
55.748737,-4.236439
55.748117,-4.234444
55.747631,-4.232998
55.758957,-4.188491
55.759391,-4.189360
55.759391,-4.189360
55.758567,-4.189681
55.758243,-4.190204
55.758143,-4.191793
55.757674,-4.191910
55.759363,-4.190921
55.758568,-4.191131
55.758665,-4.192762
55.758093,-4.193081
55.758304,-4.190813
55.757429,-4.194047
55.757697,-4.193648
55.758060,-4.194418
55.757890,-4.195412
55.758456,-4.192368
55.758279,-4.194239
55.758444,-4.196607
55.761027,-4.195907
55.760380,-4.197353
55.759482,-4.198817
55.759324,-4.198107
55.759689,-4.197330
55.759469,-4.187994
55.759319,-4.196417
55.759116,-4.197186
55.759275,-4.194326
55.758858,-4.195562
55.753027,-4.233816
55.749542,-4.220279
55.759108,-4.195114
55.744087,-4.219762
55.755292,-4.238265
55.752258,-4.230155
55.751966,-4.227875
55.750590,-4.228450
55.744488,-4.218972
55.751874,-4.230483
55.755725,-4.193808
55.755124,-4.192739
55.753981,-4.193360
55.754718,-4.193831
55.755238,-4.194403
55.755911,-4.194998
55.755133,-4.196803
55.754548,-4.194810
55.754383,-4.196984
55.753797,-4.194083
55.753828,-4.198387
55.755213,-4.195819
55.753348,-4.199109
55.753635,-4.199651
55.756047,-4.196440
55.754922,-4.198496
55.754045,-4.196312
55.755689,-4.197870
55.756461,-4.195380
55.743723,-4.219040
55.760912,-4.224225
55.752096,-4.226656
55.752718,-4.233528
55.745458,-4.220525
55.745494,-4.219986
55.757310,-4.199699
55.755849,-4.199967
55.754748,-4.201212
55.754240,-4.203988
55.753720,-4.205935
55.755378,-4.202172
55.756244,-4.200467
55.754642,-4.201094
55.755686,-4.201520
55.754585,-4.205282
55.754942,-4.205430
55.755166,-4.203451
55.755751,-4.203930
55.756458,-4.202105
55.755642,-4.205980
55.744733,-4.178230
55.743837,-4.180044
55.744105,-4.181175
55.744094,-4.177764
55.745462,-4.178653
55.744433,-4.174868
55.757804,-4.216701
55.758947,-4.219603
55.759542,-4.200031
55.759316,-4.226493
55.759130,-4.227328
55.758989,-4.227718
55.758726,-4.228803
55.758588,-4.227026
55.758096,-4.227890
55.755678,-4.238271
55.758373,-4.226487
55.758805,-4.224950
55.757449,-4.226403
55.758247,-4.219515
55.756070,-4.229097
55.756700,-4.229500
55.757013,-4.228099
55.758056,-4.228573
55.757308,-4.229678
55.757310,-4.225120
55.756385,-4.228048
55.759333,-4.218094
55.756489,-4.226794
55.756882,-4.225908
55.755778,-4.227838
55.756207,-4.209071
55.753482,-4.236982
55.761377,-4.221398
55.757244,-4.218820
55.760527,-4.217222
55.759482,-4.216350
55.759006,-4.215797
55.760025,-4.199660
55.759584,-4.201197
55.757812,-4.206771
55.757430,-4.205029
55.756893,-4.203883
55.753611,-4.204972
55.755076,-4.206458
55.738935,-4.225842
55.755791,-4.234548
55.752338,-4.224215
55.752886,-4.224740
55.756922,-4.198736
55.757492,-4.197525
55.744472,-4.220836
55.756409,-4.198819
55.757305,-4.198949
55.757956,-4.198763
55.758490,-4.199032
55.757241,-4.196507
55.759032,-4.200879
55.745715,-4.218245
55.759033,-4.198807
55.758866,-4.202129
55.758603,-4.200744
55.758344,-4.203136
55.758182,-4.204163
55.758310,-4.199548
55.757862,-4.199953
55.758103,-4.201560
55.758083,-4.202181
55.757857,-4.203252
55.758001,-4.203770
55.758780,-4.205934
55.757204,-4.201605
55.745172,-4.221895
55.753403,-4.225455
55.746199,-4.221762
55.750026,-4.227844
55.758314,-4.205812
55.746582,-4.220987
55.753065,-4.228257
55.753734,-4.228024
55.760769,-4.193231
55.761002,-4.192750
55.761404,-4.195386
55.760807,-4.195130
55.761591,-4.195987
55.761164,-4.201781
55.762765,-4.204740
55.762363,-4.205084
55.762464,-4.205966
55.762916,-4.205832
55.762767,-4.207083
55.760832,-4.201730
55.761417,-4.204202
55.761644,-4.201074
55.762028,-4.201192
55.762147,-4.204115
55.763370,-4.206034
55.761628,-4.203959
55.762552,-4.203054
55.762246,-4.202559
55.762393,-4.200399
55.762836,-4.201253
55.750901,-4.211720
55.749308,-4.222800
55.748730,-4.220998
55.755617,-4.233725
55.757956,-4.197217
55.762427,-4.207016
55.761691,-4.205971
55.761249,-4.207061
55.760029,-4.211918
55.748529,-4.222166
55.759917,-4.212644
55.759714,-4.208967
55.759290,-4.209055
55.760571,-4.209270
55.761420,-4.213511
55.762083,-4.209149
55.761523,-4.209324
55.760999,-4.209980
55.762144,-4.211735
55.761965,-4.211198
55.760543,-4.211851
55.761406,-4.211326
55.761165,-4.210723
55.760251,-4.210081
55.750224,-4.222868
55.753178,-4.230940
55.756107,-4.230470
55.749209,-4.220802
55.754406,-4.206770
55.749584,-4.221939
55.753391,-4.206219
55.752020,-4.211480
55.751536,-4.212887
55.752588,-4.210875
55.753762,-4.225029
55.752836,-4.210108
55.753557,-4.208969
55.754037,-4.208295
55.754589,-4.207562
55.754671,-4.209001
55.757089,-4.213982
55.760445,-4.214762
55.761413,-4.215439
55.758547,-4.212854
55.760712,-4.214411
55.759392,-4.214368
55.759930,-4.214893
55.760842,-4.215678
55.761895,-4.216598
55.757453,-4.211756
55.762343,-4.214663
55.756344,-4.211406
55.747608,-4.216919
55.748193,-4.217876
55.761321,-4.216055
55.748329,-4.218314
55.751486,-4.224119
55.751983,-4.221996
55.753211,-4.207213
55.752812,-4.207413
55.751818,-4.209222
55.751526,-4.209444
55.750850,-4.210553
55.759821,-4.221963
55.761837,-4.218795
55.756021,-4.240634
55.751390,-4.226472
55.750488,-4.211186
55.741362,-4.226346
55.748595,-4.239299
55.744783,-4.237870
55.744158,-4.224323
55.747695,-4.224030
55.748748,-4.224457
55.751930,-4.242725
55.753501,-4.231485
55.748211,-4.225303
55.750053,-4.224372
55.760104,-4.188667
55.760346,-4.189717
55.760657,-4.190929
55.759951,-4.193233
55.760587,-4.193826
55.760252,-4.195975
55.751054,-4.223648
55.755237,-4.232365
55.754647,-4.221781
55.763310,-4.203368
55.755993,-4.232344
55.760477,-4.195462
55.756917,-4.240287
55.755293,-4.219873
55.756479,-4.232292
55.749581,-4.216123
55.755008,-4.221706
55.754454,-4.220558
55.749059,-4.216714
55.754263,-4.221679
55.748762,-4.205719
55.746832,-4.205578
55.747135,-4.204734
55.749033,-4.208156
55.749862,-4.207550
55.747622,-4.209160
55.748182,-4.209478
55.746642,-4.211670
55.746932,-4.210555
55.755597,-4.214456
55.756763,-4.217088
55.747162,-4.208225
55.755404,-4.216214
55.754144,-4.217274
55.744982,-4.206525
55.738143,-4.223423
55.756099,-4.216540
55.748208,-4.216045
55.750374,-4.220502
55.750064,-4.219257
55.741649,-4.208456
55.742212,-4.209619
55.741190,-4.210469
55.742656,-4.210902
55.742260,-4.212441
55.742809,-4.212409
55.742993,-4.213152
55.742810,-4.214830
55.745319,-4.213268
55.745137,-4.210374
55.745286,-4.214094
55.743701,-4.213272
55.744333,-4.217084
55.761631,-4.204804
55.743451,-4.217161
55.743080,-4.208329
55.745075,-4.211868
55.743830,-4.207591
55.750845,-4.220321
55.749693,-4.219890
55.739146,-4.220676
55.755335,-4.241805
55.738637,-4.220966
55.756578,-4.205427
55.756408,-4.239142
55.747114,-4.240170
55.754772,-4.242618
55.744083,-4.209549
55.756732,-4.242555
55.743516,-4.210584
55.763287,-4.207687
55.754445,-4.241834
55.749419,-4.246820
55.748760,-4.247499
55.743836,-4.222233
55.744929,-4.222933
55.743756,-4.224651
55.762074,-4.198166
55.754585,-4.228662
55.754023,-4.228439
55.754641,-4.227072
55.754360,-4.224745
55.754732,-4.225563
55.754792,-4.226204
55.753594,-4.223872
55.753185,-4.223100
55.746898,-4.216432
55.758928,-4.192618
55.750395,-4.229268
55.754234,-4.223239
55.750314,-4.229757
55.752448,-4.220126
55.751177,-4.228802
55.750395,-4.221364
55.751045,-4.230101
55.751211,-4.221458
55.752464,-4.232159
55.754501,-4.229358
55.751146,-4.222538
55.746212,-4.218560
55.759376,-4.212741
55.753852,-4.231919
55.753815,-4.233001
55.748724,-4.213811
55.749233,-4.245216
55.747899,-4.220680
55.749320,-4.213686
55.757139,-4.200693
55.752019,-4.232404
55.748219,-4.219917
55.753551,-4.234133
55.750117,-4.213858
55.753994,-4.233537
55.749677,-4.214821
55.750354,-4.215625
55.744313,-4.208734
55.749769,-4.240498
55.749309,-4.241555
55.749218,-4.242124
55.750271,-4.244017
55.740636,-4.228727
55.750614,-4.241965
55.759704,-4.205014
55.756631,-4.200935
55.745755,-4.218965
55.749820,-4.245568
55.744501,-4.211278
55.759880,-4.202234
55.752684,-4.184459
55.752590,-4.189712
55.752838,-4.185870
55.751985,-4.191909
55.751990,-4.193121
55.752204,-4.194200
55.751794,-4.188472
55.751749,-4.189474
55.751479,-4.191020
55.751041,-4.189896
55.750864,-4.192245
55.751521,-4.195198
55.751478,-4.194096
55.752703,-4.191965
55.750841,-4.194554
55.750641,-4.195148
55.750338,-4.190988
55.751675,-4.193119
55.750159,-4.192492
55.751194,-4.191387
55.751967,-4.190904
55.752813,-4.190314
55.739329,-4.216529
55.739305,-4.217818
55.753681,-4.192514
55.753136,-4.194858
55.752665,-4.193557
55.751242,-4.199755
55.739806,-4.218452
55.750746,-4.202373
55.751330,-4.201386
55.751318,-4.203042
55.752574,-4.196117
55.751725,-4.202890
55.752408,-4.202419
55.752574,-4.199639
55.752542,-4.198936
55.752066,-4.199403
55.752994,-4.196762
55.741283,-4.200820
55.742401,-4.201584
55.742347,-4.203636
55.746494,-4.202898
55.749026,-4.200013
55.749877,-4.189656
55.713524,-4.183528
55.743464,-4.205483
55.722857,-4.216423
55.734558,-4.212961
55.724693,-4.200268
55.750241,-4.196926
55.726635,-4.190679
55.720163,-4.199790
55.748665,-4.193603
55.725879,-4.191783
55.749312,-4.202642
55.749105,-4.203157
55.748264,-4.203428
55.748071,-4.201186
55.747658,-4.201657
55.747199,-4.202157
55.746533,-4.199713
55.746413,-4.200886
55.747003,-4.198067
55.747775,-4.197122
55.748103,-4.198878
55.747381,-4.199570
55.748834,-4.197214
55.748660,-4.199419
55.749320,-4.197145
55.749903,-4.195728
55.748418,-4.197334
55.748906,-4.195688
55.749586,-4.194882
55.748855,-4.194012
55.733931,-4.212352
55.740923,-4.193328
55.741566,-4.193013
55.742111,-4.205773
55.742229,-4.217187
55.740549,-4.218605
55.741304,-4.219110
55.740701,-4.217690
55.741627,-4.217631
55.742020,-4.217781
55.741576,-4.206524
55.741701,-4.203042
55.740995,-4.206332
55.741658,-4.205461
55.742656,-4.220398
55.741121,-4.191793
55.742650,-4.204736
55.739905,-4.214490
55.737443,-4.204920
55.737147,-4.204410
55.736852,-4.205317
55.736016,-4.208312
55.736681,-4.208844
55.737735,-4.205176
55.736391,-4.206502
55.738023,-4.202197
55.737761,-4.203282
55.738746,-4.203958
55.738435,-4.204785
55.738069,-4.205641
55.735981,-4.207275
55.737175,-4.211357
55.738111,-4.213783
55.737085,-4.211877
55.736836,-4.212198
55.735014,-4.211075
55.737730,-4.210480
55.734872,-4.209968
55.745284,-4.200201
55.745535,-4.201234
55.743265,-4.199561
55.743363,-4.200570
55.743463,-4.202042
55.743974,-4.201624
55.743015,-4.201443
55.744643,-4.201359
55.744671,-4.203846
55.744172,-4.195071
55.743966,-4.196510
55.742755,-4.200409
55.745471,-4.195814
55.744582,-4.197739
55.745040,-4.196761
55.744581,-4.193294
55.744521,-4.196158
55.745009,-4.194975
55.744955,-4.194016
55.746012,-4.194713
55.743841,-4.194957
55.743840,-4.194017
55.746193,-4.191106
55.743539,-4.190750
55.745398,-4.189325
55.744201,-4.190946
55.745394,-4.191029
55.745226,-4.190415
55.748466,-4.184095
55.745587,-4.203882
55.747052,-4.190326
55.744431,-4.191629
55.746121,-4.188569
55.746921,-4.188582
55.748379,-4.188456
55.747282,-4.187996
55.745023,-4.188188
55.748132,-4.188188
55.747815,-4.191356
55.747793,-4.190096
55.751484,-4.197793
55.750581,-4.199543
55.743189,-4.198282
55.742864,-4.195842
55.739327,-4.212132
55.739712,-4.211214
55.738820,-4.209825
55.746504,-4.193306
55.739340,-4.209918
55.742741,-4.193175
55.739649,-4.208215
55.737198,-4.209574
55.745276,-4.193110
55.748548,-4.186554
55.749191,-4.184773
55.748950,-4.184664
55.742260,-4.220933
55.738985,-4.200642
55.738752,-4.200629
55.739801,-4.201278
55.739521,-4.200306
55.740064,-4.199110
55.739822,-4.197057
55.738917,-4.198918
55.738473,-4.200136
55.739000,-4.201312
55.738309,-4.200764
55.738371,-4.201803
55.739235,-4.202759
55.739155,-4.197195
55.739926,-4.196776
55.740021,-4.198008
55.738025,-4.217554
55.737587,-4.198907
55.745687,-4.198311
55.739999,-4.205240
55.739713,-4.205176
55.739201,-4.205147
55.739249,-4.206456
55.738942,-4.207554
55.734969,-4.198043
55.735604,-4.198732
55.734755,-4.200994
55.734432,-4.198968
55.736428,-4.202936
55.736929,-4.201036
55.736700,-4.200753
55.735938,-4.200646
55.736428,-4.199431
55.736557,-4.196698
55.735772,-4.197371
55.735680,-4.196490
55.735862,-4.194891
55.737832,-4.193759
55.741140,-4.221714
55.741182,-4.223357
55.741540,-4.222453
55.739509,-4.223437
55.754339,-4.191946
55.741772,-4.198107
55.761354,-4.176528
55.739553,-4.272125
55.739124,-4.272482
55.739019,-4.271345
55.737735,-4.269852
55.736728,-4.268408
55.737823,-4.270909
55.736802,-4.271216
55.736914,-4.271939
55.736361,-4.272178
55.736728,-4.268886
55.739450,-4.273329
55.738766,-4.275297
55.739568,-4.271297
55.737291,-4.279751
55.737759,-4.273374
55.738621,-4.271019
55.735956,-4.284356
55.736161,-4.284926
55.737934,-4.281907
55.738942,-4.280867
55.741553,-4.275730
55.737325,-4.286125
55.738869,-4.279955
55.740315,-4.277076
55.740230,-4.269997
55.736569,-4.286176
55.737586,-4.286602
55.755534,-4.277390
55.739392,-4.280320
55.756023,-4.279124
55.757806,-4.277490
55.757912,-4.276652
55.759195,-4.276296
55.756991,-4.276407
55.759314,-4.275666
55.758427,-4.275502
55.758647,-4.275276
55.758825,-4.275366
55.750574,-4.278821
55.747073,-4.271271
55.757419,-4.276575
55.747867,-4.271142
55.747877,-4.272051
55.747633,-4.272117
55.746957,-4.272699
55.746315,-4.271944
55.747132,-4.272008
55.747543,-4.272637
55.746146,-4.273321
55.757199,-4.280196
55.762837,-4.282933
55.756653,-4.288309
55.764174,-4.282086
55.765508,-4.281399
55.763715,-4.282601
55.764188,-4.283283
55.762228,-4.280410
55.763535,-4.285524
55.764807,-4.284307
55.764298,-4.285585
55.764485,-4.284703
55.763697,-4.284083
55.765760,-4.283311
55.766640,-4.282884
55.758923,-4.277874
55.763119,-4.280319
55.741790,-4.273609
55.742680,-4.275541
55.743495,-4.274282
55.742866,-4.275217
55.743256,-4.273583
55.742525,-4.272297
55.743915,-4.273398
55.745242,-4.273125
55.744697,-4.274893
55.744604,-4.276481
55.745401,-4.275189
55.740740,-4.277419
55.743806,-4.276387
55.750446,-4.265810
55.740428,-4.270965
55.738964,-4.267534
55.738026,-4.266715
55.737710,-4.268274
55.737594,-4.268713
55.740192,-4.273038
55.741738,-4.275486
55.741911,-4.276818
55.741956,-4.278239
55.742620,-4.277322
55.743217,-4.278105
55.739414,-4.270906
55.743521,-4.279668
55.740961,-4.280061
55.743833,-4.278810
55.741778,-4.282020
55.742769,-4.279019
55.744634,-4.279749
55.744076,-4.277327
55.743372,-4.277031
55.742669,-4.276623
55.742308,-4.280585
55.740077,-4.285043
55.738941,-4.283798
55.739766,-4.282922
55.741465,-4.269336
55.744630,-4.262940
55.732137,-4.264892
55.736219,-4.262357
55.726979,-4.266791
55.725215,-4.281961
55.723914,-4.273142
55.759571,-4.290839
55.733183,-4.255921
55.733982,-4.253546
55.727782,-4.228328
55.728223,-4.256861
55.718356,-4.233682
55.715393,-4.228068
55.719976,-4.253695
55.705831,-4.265884
55.746621,-4.282128
55.724952,-4.239649
55.743699,-4.286976
55.748633,-4.288938
55.750842,-4.295330
55.757819,-4.310516
55.703819,-4.269222
55.759265,-4.299046
55.751774,-4.305999
55.746395,-4.313887
55.741290,-4.308136
55.737564,-4.301735
55.734118,-4.297597
55.722528,-4.302171
55.721174,-4.307314
55.724639,-4.318491
55.719710,-4.323438
55.788967,-4.276980
55.788967,-4.276980
55.787447,-4.276094
55.788182,-4.276153
55.786116,-4.276128
55.786688,-4.276752
55.784517,-4.276099
55.785210,-4.277016
55.786971,-4.277996
55.786872,-4.277528
55.785855,-4.278537
55.786129,-4.278346
55.785787,-4.277385
55.795671,-4.285716
55.788730,-4.276201
55.788535,-4.275536
55.786990,-4.278923
55.788280,-4.275234
55.789256,-4.276933
55.788967,-4.276980
55.789754,-4.276723
55.788785,-4.275167
55.785493,-4.275278
55.785379,-4.274682
55.787729,-4.274420
55.787453,-4.275249
55.784161,-4.274898
55.784118,-4.275804
55.782913,-4.275319
55.783669,-4.278186
55.784256,-4.276594
55.784738,-4.274804
55.785177,-4.278753
55.784504,-4.277757
55.784029,-4.280074
55.785112,-4.280823
55.784242,-4.278284
55.786719,-4.281890
55.784068,-4.280889
55.783836,-4.283715
55.784647,-4.282614
55.784323,-4.282675
55.783601,-4.281835
55.788398,-4.278590
55.789453,-4.277408
55.788588,-4.281425
55.789682,-4.277708
55.789236,-4.278942
55.791022,-4.283912
55.790164,-4.281740
55.790548,-4.280407
55.790909,-4.279853
55.790968,-4.278628
55.791793,-4.281149
55.791351,-4.279257
55.792605,-4.284324
55.792344,-4.282458
55.794067,-4.288366
55.793799,-4.284425
55.793290,-4.283295
55.793314,-4.282451
55.793534,-4.285112
55.791692,-4.282228
55.792746,-4.282082
55.787855,-4.279755
55.788029,-4.278154
55.787847,-4.277282
55.787616,-4.278592
55.787184,-4.282523
55.787353,-4.281161
55.786867,-4.280702
55.786265,-4.279742
55.785961,-4.280091
55.787544,-4.280040
55.786197,-4.280950
55.786142,-4.281983
55.785828,-4.282428
55.786044,-4.283413
55.786580,-4.283094
55.787071,-4.283744
55.787338,-4.284382
55.787478,-4.286528
55.787190,-4.286527
55.788138,-4.286311
55.787580,-4.288272
55.786786,-4.286519
55.786525,-4.286057
55.786083,-4.287578
55.786039,-4.286555
55.785877,-4.284632
55.787141,-4.288167
55.786566,-4.284337
55.788368,-4.276307
55.785534,-4.284723
55.790880,-4.282404
55.792445,-4.285208
55.791289,-4.283561
55.791850,-4.284838
55.792351,-4.285920
55.792903,-4.287181
55.791187,-4.285198
55.791913,-4.287234
55.793692,-4.287291
55.793422,-4.290194
55.791647,-4.286070
55.792376,-4.293754
55.791520,-4.297692
55.792814,-4.290988
55.792209,-4.293042
55.793952,-4.287816
55.791076,-4.300298
55.791158,-4.297814
55.791795,-4.294518
55.791520,-4.293369
55.791050,-4.292065
55.791729,-4.292280
55.792493,-4.290842
55.791976,-4.290141
55.792370,-4.289223
55.791827,-4.287995
55.792584,-4.288374
55.790173,-4.278837
55.789677,-4.279909
55.789314,-4.280574
55.789498,-4.281302
55.789844,-4.282056
55.789636,-4.279173
55.789571,-4.283189
55.789353,-4.284293
55.790198,-4.283289
55.790341,-4.283808
55.790437,-4.284452
55.790237,-4.286035
55.790861,-4.287731
55.790124,-4.286810
55.790343,-4.288052
55.790458,-4.289111
55.791046,-4.290342
55.790884,-4.290859
55.790722,-4.291807
55.790011,-4.288495
55.791257,-4.289174
55.789061,-4.287865
55.788746,-4.287400
55.789220,-4.283184
55.789252,-4.281479
55.790089,-4.290573
55.790579,-4.277776
55.790420,-4.277639
55.788311,-4.289049
55.788681,-4.288528
55.789363,-4.290514
55.789968,-4.293230
55.790214,-4.292590
55.790688,-4.295553
55.790871,-4.294942
55.790400,-4.298503
55.791200,-4.295583
55.789635,-4.289876
55.791164,-4.294624
55.790676,-4.293335
55.790385,-4.296413
55.788879,-4.290917
55.790845,-4.297748
55.789657,-4.293993
55.788905,-4.289977
55.788229,-4.289618
55.788930,-4.289596
55.788588,-4.291059
55.788768,-4.292521
55.789396,-4.294983
55.787918,-4.290398
55.785390,-4.288096
55.785184,-4.286138
55.785296,-4.283991
55.785078,-4.283596
55.784638,-4.285532
55.785954,-4.288241
55.784537,-4.286116
55.784967,-4.288151
55.782872,-4.286752
55.782567,-4.286208
55.783439,-4.286227
55.782590,-4.284040
55.781572,-4.282705
55.781720,-4.281007
55.781516,-4.281362
55.781139,-4.283748
55.781200,-4.277069
55.781406,-4.283429
55.781379,-4.276171
55.780295,-4.278867
55.780460,-4.278206
55.782563,-4.276288
55.782060,-4.280612
55.782229,-4.279267
55.781569,-4.277506
55.787504,-4.289911
55.788976,-4.295341
55.788263,-4.292125
55.787685,-4.290831
55.787162,-4.288998
55.786091,-4.292428
55.787798,-4.291970
55.785959,-4.290378
55.785304,-4.290803
55.785451,-4.294942
55.786304,-4.290686
55.784718,-4.295218
55.784421,-4.294276
55.784580,-4.292004
55.783900,-4.288966
55.784489,-4.289208
55.783573,-4.293460
55.783803,-4.294670
55.789595,-4.277033
55.789366,-4.276780
55.789930,-4.277866
55.783201,-4.278685
55.783091,-4.284150
55.784006,-4.285670
55.784218,-4.284917
55.782334,-4.290533
55.782641,-4.290423
55.783160,-4.282367
55.782963,-4.288097
55.783360,-4.289971
55.783655,-4.291982
55.779541,-4.276383
55.778333,-4.276105
55.786682,-4.294951
55.777857,-4.278995
55.790059,-4.274795
55.791784,-4.275342
55.791577,-4.273878
55.795405,-4.271964
55.796694,-4.272278
55.796947,-4.270713
55.796989,-4.269407
55.796836,-4.267500
55.793693,-4.272678
55.796176,-4.266249
55.795314,-4.265720
55.794134,-4.267790
55.794688,-4.267487
55.796292,-4.270196
55.782529,-4.274691
55.783079,-4.274133
55.785933,-4.273869
55.785679,-4.273487
55.785553,-4.274006
55.784998,-4.272889
55.784773,-4.270483
55.785488,-4.272678
55.785534,-4.270655
55.786256,-4.272420
55.785237,-4.273589
55.787099,-4.273984
55.787360,-4.272995
55.786662,-4.271853
55.785193,-4.271608
55.787318,-4.272338
55.787116,-4.271130
55.786337,-4.269538
55.786473,-4.270439
55.780539,-4.268100
55.781761,-4.268634
55.783452,-4.272416
55.782912,-4.272496
55.782315,-4.271728
55.782499,-4.273413
55.782747,-4.270222
55.784223,-4.272078
55.783046,-4.268118
55.782291,-4.267644
55.782003,-4.268169
55.781610,-4.272899
55.781418,-4.266764
55.781197,-4.267995
55.780868,-4.268295
55.781383,-4.269154
55.781517,-4.269672
55.781810,-4.269849
55.781808,-4.270470
55.782282,-4.270562
55.780995,-4.272130
55.781796,-4.274026
55.781383,-4.274481
55.780924,-4.273561
55.780649,-4.267500
55.782023,-4.269510
55.788540,-4.274323
55.788089,-4.273436
55.789184,-4.274010
55.782659,-4.267187
55.790906,-4.273217
55.793504,-4.272220
55.790276,-4.272813
55.793244,-4.271678
55.792813,-4.271191
55.790180,-4.272154
55.789822,-4.271591
55.792346,-4.270669
55.790000,-4.270213
55.791673,-4.270151
55.778712,-4.261918
55.781380,-4.263907
55.789535,-4.271064
55.781810,-4.262066
55.780958,-4.261442
55.780736,-4.258878
55.779339,-4.259116
55.780004,-4.259601
55.779896,-4.261524
55.778388,-4.261421
55.777160,-4.261732
55.778035,-4.260587
55.779255,-4.257819
55.779003,-4.255875
55.778571,-4.254893
55.778151,-4.256719
55.777854,-4.258216
55.776808,-4.259878
55.778129,-4.258440
55.778242,-4.257633
55.778958,-4.257834
55.777201,-4.257573
55.777837,-4.259124
55.779197,-4.263413
55.779705,-4.263618
55.779482,-4.262553
55.778615,-4.257415
55.780912,-4.263481
55.781640,-4.264942
55.781796,-4.265255
55.794021,-4.273415
55.794652,-4.272861
55.794416,-4.271013
55.793955,-4.270683
55.793264,-4.269669
55.792839,-4.276121
55.793425,-4.269200
55.794517,-4.270428
55.795597,-4.270316
55.796596,-4.267837
55.793969,-4.269902
55.794925,-4.267804
55.795342,-4.270045
55.796173,-4.267350
55.794799,-4.268785
55.795119,-4.268980
55.795860,-4.268273
55.790783,-4.276959
55.777921,-4.262909
55.778709,-4.263018
55.787531,-4.269607
55.789215,-4.269880
55.790292,-4.268507
55.792368,-4.269011
55.792692,-4.269955
55.793463,-4.267655
55.794446,-4.266499
55.790736,-4.269283
55.794604,-4.264738
55.794301,-4.264609
55.795767,-4.263066
55.795841,-4.264427
55.794475,-4.262960
55.793337,-4.265223
55.793656,-4.263518
55.794065,-4.264212
55.779827,-4.275044
55.778724,-4.274868
55.780349,-4.273017
55.779674,-4.274062
55.779057,-4.273883
55.779113,-4.273312
55.778296,-4.272275
55.777838,-4.272265
55.778744,-4.271392
55.779672,-4.271239
55.778936,-4.270208
55.780461,-4.270855
55.780356,-4.269254
55.783836,-4.253555
55.780036,-4.271005
55.777644,-4.270595
55.784888,-4.298147
55.781635,-4.295739
55.778572,-4.287904
55.776791,-4.279778
55.776494,-4.277369
55.773608,-4.280326
55.770132,-4.282148
55.769404,-4.281164
55.768974,-4.283531
55.774914,-4.280179
55.773771,-4.280240
55.774589,-4.240695
55.776653,-4.251162
55.770022,-4.283720
55.780657,-4.266082
55.769680,-4.282297
55.779835,-4.265811
55.779086,-4.265002
55.779164,-4.265644
55.779694,-4.265212
55.777536,-4.269122
55.778980,-4.268328
55.778017,-4.266454
55.780444,-4.264490
55.777492,-4.267620
55.780332,-4.263272
55.781941,-4.292344
55.776082,-4.269053
55.784953,-4.297545
55.780910,-4.260658
55.782548,-4.257611
55.780493,-4.261335
55.787762,-4.240861
55.787088,-4.239387
55.787505,-4.240160
55.787791,-4.238789
55.787512,-4.238279
55.789422,-4.237543
55.787310,-4.235540
55.786306,-4.236918
55.785191,-4.236439
55.788225,-4.234683
55.788744,-4.238732
55.788064,-4.234147
55.787118,-4.233742
55.787659,-4.232704
55.789200,-4.233462
55.788606,-4.237416
55.789970,-4.231130
55.785958,-4.248573
55.787410,-4.243409
55.789030,-4.239339
55.790580,-4.237147
55.791045,-4.237748
55.791803,-4.237584
55.791136,-4.235695
55.790169,-4.239452
55.790671,-4.235094
55.790380,-4.235269
55.789138,-4.235852
55.789758,-4.235855
55.789638,-4.234588
55.790195,-4.234556
55.790522,-4.234384
55.791140,-4.233988
55.791365,-4.232023
55.791865,-4.233168
55.792146,-4.234062
55.792584,-4.234167
55.793967,-4.235714
55.792507,-4.236412
55.792661,-4.232895
55.792008,-4.236686
55.791931,-4.234991
55.791495,-4.235747
55.791542,-4.234618
55.792840,-4.235936
55.790727,-4.232992
55.790716,-4.234586
55.785830,-4.239857
55.789532,-4.242861
55.786000,-4.232960
55.783084,-4.223256
55.780204,-4.220493
55.778577,-4.216557
55.778047,-4.212062
55.786093,-4.207462
55.786539,-4.231013
55.785930,-4.212987
55.789804,-4.219428
55.791805,-4.211135
55.789490,-4.233288
55.778510,-4.241526
55.773821,-4.225599
55.777508,-4.233367
55.773169,-4.225864
55.771379,-4.228919
55.769719,-4.336172
55.769467,-4.334753
55.770230,-4.335261
55.770399,-4.332513
55.769555,-4.333451
55.769276,-4.331075
55.769119,-4.331783
55.768236,-4.333309
55.768828,-4.335752
55.768728,-4.337707
55.767751,-4.338015
55.768590,-4.329376
55.766956,-4.339211
55.766311,-4.339076
55.766652,-4.338619
55.767865,-4.340525
55.768993,-4.337021
55.768108,-4.339136
55.773869,-4.307719
55.766576,-4.322289
55.770906,-4.316169
55.773443,-4.309368
55.770794,-4.332553
55.772427,-4.327469
55.771912,-4.330946
55.771404,-4.329799
55.770604,-4.327886
55.772310,-4.330363
55.770309,-4.327310
55.769514,-4.328953
55.768406,-4.327675
55.770615,-4.330151
55.767317,-4.328232
55.769501,-4.323021
55.768288,-4.325835
55.768948,-4.323754
55.768256,-4.323760
55.767866,-4.323944
55.767153,-4.323615
55.765306,-4.320540
55.765466,-4.318700
55.769319,-4.327427
55.781971,-4.311356
55.779636,-4.309336
55.771115,-4.317027
55.778948,-4.310061
55.778123,-4.310937
55.779173,-4.311477
55.782070,-4.312749
55.782139,-4.309101
55.782096,-4.314728
55.780575,-4.312437
55.778260,-4.312715
55.764466,-4.322642
55.779884,-4.311902
55.776084,-4.298426
55.776624,-4.297916
55.776830,-4.313730
55.776018,-4.313443
55.777296,-4.311924
55.778423,-4.308849
55.780161,-4.304375
55.776949,-4.297361
55.780971,-4.307629
55.780567,-4.304766
55.782476,-4.302183
55.781072,-4.302723
55.780080,-4.305822
55.777255,-4.296852
55.779556,-4.303558
55.764803,-4.330489
55.765238,-4.329320
55.764856,-4.327687
55.764113,-4.333206
55.765254,-4.334151
55.764628,-4.333061
55.763758,-4.334364
55.764202,-4.335602
55.764437,-4.336477
55.764906,-4.336856
55.765139,-4.334527
55.764365,-4.327514
55.766011,-4.334069
55.766016,-4.331917
55.765668,-4.330828
55.766544,-4.332506
55.765993,-4.330305
55.766585,-4.330341
55.763160,-4.329897
55.763206,-4.328927
55.762533,-4.330752
55.762823,-4.327789
55.762291,-4.329765
55.762070,-4.328636
55.771781,-4.314595
55.761646,-4.329169
55.771490,-4.294648
55.771315,-4.295339
55.767469,-4.306815
55.762191,-4.350099
55.762989,-4.349287
55.763728,-4.348231
55.760662,-4.345449
55.769782,-4.306680
55.761362,-4.343610
55.761174,-4.351600
55.760908,-4.350452
55.760026,-4.351451
55.778917,-4.305051
55.779109,-4.303420
55.778359,-4.302212
55.777531,-4.301302
55.777418,-4.301104
55.777152,-4.301854
55.778564,-4.305652
55.777699,-4.302428
55.777727,-4.301887
55.778518,-4.307117
55.771948,-4.313856
55.777578,-4.304063
55.773349,-4.315788
55.772911,-4.314694
55.773359,-4.313844
55.772412,-4.314011
55.773523,-4.308480
55.772363,-4.315188
55.771802,-4.315840
55.771750,-4.312903
55.770496,-4.313164
55.770951,-4.312824
55.770881,-4.311815
55.769749,-4.311780
55.771170,-4.311227
55.773462,-4.313116
55.770279,-4.311780
55.772746,-4.312484
55.774462,-4.314451
55.770361,-4.318863
55.774607,-4.313886
55.767788,-4.316176
55.767635,-4.316645
55.768229,-4.318960
55.769873,-4.317128
55.771334,-4.317311
55.769359,-4.316715
55.770606,-4.315881
55.770545,-4.313900
55.770280,-4.315542
55.769274,-4.312167
55.772232,-4.313043
55.768691,-4.311606
55.768156,-4.313312
55.768504,-4.314401
55.767665,-4.313634
55.767824,-4.310901
55.775085,-4.303310
55.772115,-4.320243
55.769709,-4.314871
55.772564,-4.318835
55.771678,-4.319085
55.771484,-4.318404
55.775031,-4.313815
55.769068,-4.315024
55.775761,-4.313731
55.773873,-4.316632
55.768994,-4.320376
55.770199,-4.321740
55.770161,-4.324687
55.769598,-4.324988
55.769878,-4.322103
55.767104,-4.312883
55.767842,-4.312353
55.765815,-4.324014
55.775330,-4.298366
55.778024,-4.319079
55.775407,-4.315352
55.774513,-4.298780
55.776260,-4.314893
55.777102,-4.315532
55.777909,-4.315628
55.777558,-4.317090
55.776170,-4.315844
55.778594,-4.316450
55.779819,-4.315837
55.778819,-4.316942
55.778316,-4.318363
55.778818,-4.318903
55.780030,-4.317524
55.780663,-4.316398
55.781167,-4.315853
55.766546,-4.326225
55.774527,-4.300471
55.772894,-4.328931
55.777298,-4.322305
55.776111,-4.321390
55.766214,-4.319063
55.777501,-4.319638
55.776582,-4.318340
55.776039,-4.320413
55.775164,-4.320105
55.776797,-4.322180
55.774792,-4.321710
55.773904,-4.320206
55.773524,-4.320821
55.774808,-4.318027
55.774305,-4.317057
55.774419,-4.317669
55.773234,-4.320007
55.772259,-4.321639
55.766610,-4.318067
55.766858,-4.320202
55.767467,-4.333614
55.766728,-4.336088
55.774643,-4.325799
55.774366,-4.325240
55.767646,-4.320838
55.774098,-4.324698
55.773748,-4.324183
55.773015,-4.324458
55.771989,-4.324971
55.773548,-4.328572
55.772778,-4.323679
55.773201,-4.322205
55.771384,-4.324648
55.771795,-4.327160
55.767935,-4.309281
55.769942,-4.309129
55.775773,-4.304483
55.777215,-4.298477
55.774355,-4.301497
55.775449,-4.302566
55.771186,-4.304627
55.776658,-4.301362
55.776092,-4.300372
55.777758,-4.306434
55.770734,-4.292754
55.769049,-4.289131
55.769556,-4.300497
55.767567,-4.317853
55.775550,-4.301504
55.761927,-4.314314
55.764653,-4.325570
55.777887,-4.299106
55.778262,-4.300659
55.777651,-4.307337
55.776141,-4.307869
55.777487,-4.307933
55.776872,-4.309140
55.774999,-4.296847
55.776016,-4.310684
55.776253,-4.308562
55.776240,-4.309725
55.775666,-4.305370
55.775891,-4.296740
55.776227,-4.296521
55.775401,-4.306072
55.774610,-4.309453
55.774253,-4.309767
55.776943,-4.296196
55.775170,-4.306903
55.772361,-4.306227
55.762697,-4.332021
55.774332,-4.307045
55.775650,-4.311013
55.772820,-4.307593
55.762320,-4.333418
55.762815,-4.332937
55.773371,-4.305553
55.763450,-4.333071
55.764577,-4.329137
55.763956,-4.331555
55.772263,-4.332354
55.771240,-4.306065
55.761286,-4.333005
55.775407,-4.312004
55.773230,-4.302499
55.773935,-4.303753
55.773657,-4.303242
55.773615,-4.302107
55.772652,-4.302672
55.772388,-4.302848
55.772974,-4.304206
55.772134,-4.303933
55.772974,-4.299885
55.772282,-4.301327
55.773026,-4.297560
55.770058,-4.301515
55.771413,-4.301180
55.770901,-4.301166
55.770330,-4.303827
55.759711,-4.350572
55.761203,-4.351012
55.759079,-4.348812
55.759498,-4.347594
55.759062,-4.349704
55.761594,-4.344644
55.779836,-4.307322
55.760338,-4.345509
55.760671,-4.343584
55.760938,-4.342771
55.763745,-4.344486
55.764727,-4.341102
55.761169,-4.341956
55.761843,-4.340100
55.762655,-4.338969
55.763152,-4.340720
55.763806,-4.342752
55.762856,-4.344496
55.772861,-4.332581
55.773225,-4.332826
55.772529,-4.333502
55.771606,-4.334291
55.787805,-4.344512
55.771646,-4.336893
55.769918,-4.337060
55.769072,-4.339465
55.769312,-4.339591
55.768786,-4.341281
55.768405,-4.340987
55.770790,-4.336555
55.784520,-4.339067
55.784173,-4.337483
55.788066,-4.342598
55.783202,-4.336086
55.768238,-4.339845
55.783899,-4.335808
55.787962,-4.341475
55.782781,-4.316539
55.772883,-4.338035
55.773308,-4.338379
55.772473,-4.339270
55.766627,-4.343240
55.771928,-4.339078
55.771826,-4.338338
55.771223,-4.338382
55.771023,-4.339422
55.770568,-4.338757
55.769499,-4.338741
55.771278,-4.337827
55.770138,-4.337743
55.770451,-4.342083
55.770929,-4.343419
55.770215,-4.339836
55.770073,-4.343543
55.770019,-4.344464
55.771197,-4.344471
55.771882,-4.344369
55.771528,-4.345001
55.771758,-4.345206
55.772342,-4.346134
55.771245,-4.343326
55.771453,-4.341377
55.772322,-4.340569
55.772197,-4.343846
55.771728,-4.343020
55.778889,-4.345459
55.769420,-4.344779
55.772377,-4.341975
55.773672,-4.330588
55.774117,-4.330806
55.775792,-4.328275
55.774790,-4.330400
55.784210,-4.342637
55.777430,-4.324354
55.777862,-4.328574
55.778610,-4.327534
55.777949,-4.325422
55.778339,-4.324281
55.777884,-4.323632
55.779060,-4.321326
55.784318,-4.346870
55.780329,-4.319328
55.781229,-4.319238
55.781660,-4.317844
55.782527,-4.317625
55.784520,-4.312990
55.783257,-4.315132
55.781586,-4.318924
55.783978,-4.314553
55.784087,-4.313523
55.783377,-4.339158
55.782891,-4.340134
55.783636,-4.339732
55.772917,-4.333876
55.773095,-4.333025
55.781232,-4.342762
55.769213,-4.341992
55.771965,-4.347531
55.770237,-4.347666
55.769376,-4.349416
55.770039,-4.352836
55.770417,-4.350945
55.787164,-4.333771
55.790059,-4.333752
55.788521,-4.335686
55.787488,-4.331860
55.786291,-4.337148
55.786062,-4.340244
55.785147,-4.346266
55.785910,-4.338305
55.787387,-4.340005
55.788463,-4.339192
55.766825,-4.343730
55.767246,-4.348985
55.767338,-4.341816
55.792039,-4.327937
55.767812,-4.350374
55.791568,-4.329041
55.771398,-4.349458
55.767102,-4.350379
55.773631,-4.331303
55.771817,-4.350089
55.772533,-4.346497
55.791621,-4.332442
55.787337,-4.336046
55.782750,-4.347063
55.788426,-4.340705
55.773617,-4.343405
55.773465,-4.341945
55.783203,-4.349228
55.768967,-4.347797
55.766676,-4.352426
55.786642,-4.344203
55.779457,-4.325974
55.780691,-4.327738
55.780327,-4.327987
55.781249,-4.325778
55.781149,-4.326314
55.781343,-4.325082
55.780113,-4.324099
55.780965,-4.323704
55.781709,-4.324769
55.781833,-4.323899
55.783367,-4.323129
55.782600,-4.323259
55.783191,-4.322433
55.784720,-4.321407
55.784219,-4.323196
55.782390,-4.324379
55.783741,-4.324236
55.782956,-4.325353
55.783517,-4.326567
55.782525,-4.325790
55.782908,-4.327424
55.784228,-4.325126
55.784592,-4.325339
55.784314,-4.325801
55.783918,-4.341918
55.785355,-4.337714
55.782954,-4.342036
55.782218,-4.339599
55.776213,-4.338282
55.784376,-4.340957
55.776096,-4.340651
55.775556,-4.342102
55.775103,-4.343239
55.776916,-4.340047
55.775420,-4.333196
55.787065,-4.342777
55.777306,-4.330901
55.776595,-4.329965
55.775117,-4.332556
55.781028,-4.328460
55.782256,-4.328150
55.783567,-4.327750
55.785703,-4.331195
55.784848,-4.329852
55.782447,-4.334174
55.781057,-4.336404
55.779679,-4.338458
55.784326,-4.335100
55.784769,-4.332607
55.783860,-4.334084
55.785785,-4.333513
55.784568,-4.330904
55.785293,-4.331984
55.779894,-4.337068
55.784945,-4.335153
55.782648,-4.337344
55.782222,-4.336569
55.781462,-4.338740
55.781511,-4.340418
55.782024,-4.349763
55.777211,-4.337306
55.781164,-4.341657
55.791466,-4.333964
55.789553,-4.327262
55.786670,-4.326675
55.788981,-4.332763
55.775601,-4.336874
55.788256,-4.321203
55.788739,-4.339847
55.787227,-4.327649
55.792160,-4.331964
55.786340,-4.352495
55.781603,-4.357695
55.769688,-4.346294
55.790806,-4.321817
55.777546,-4.360225
55.776886,-4.351957
55.777350,-4.352607
55.777797,-4.353240
55.778065,-4.353766
55.777016,-4.360655
55.778942,-4.369894
55.776155,-4.369007
55.779428,-4.372650
55.773479,-4.383275
55.787279,-4.344305
55.777519,-4.391798
55.770300,-4.378489
55.772543,-4.360991
55.779234,-4.378475
55.768976,-4.350619
55.763449,-4.364203
55.760967,-4.371736
55.757749,-4.388882
55.769844,-4.372801
55.778200,-4.357984
55.749250,-4.391501
55.748716,-4.393970
55.744570,-4.397333
55.736511,-4.417341
55.759923,-4.395885
55.764296,-4.393778
55.771297,-4.397492
55.765609,-4.409338
55.759121,-4.422088
55.788708,-4.326302
55.781629,-4.341749
55.785939,-4.323043
55.779436,-4.344089
55.762618,-4.404658
55.778192,-4.321609
55.779102,-4.320037
55.780881,-4.317686
55.779409,-4.335635
55.786803,-4.323908
55.779772,-4.333568
55.778657,-4.343500
55.777173,-4.323653
55.780204,-4.334008
55.780388,-4.344162
55.773198,-4.330464
55.775169,-4.326978
55.779705,-4.329019
55.781229,-4.344819
55.771944,-4.333052
55.781135,-4.347381
55.778995,-4.329040
55.757825,-4.327794
55.780418,-4.343063
55.755363,-4.337703
55.753156,-4.348329
55.759937,-4.351446
55.760415,-4.355555
55.781557,-4.348331
55.742645,-4.358419
55.742387,-4.367613
55.737185,-4.373574
55.735473,-4.361204
55.732467,-4.364240
55.733555,-4.350607
55.777555,-4.342844
55.735394,-4.381127
55.735992,-4.390578
55.716942,-4.383475
55.721092,-4.401101
55.776923,-4.336395
55.777190,-4.336029
55.783844,-4.313062
55.713507,-4.370067
55.779964,-4.339496
55.779930,-4.345522
55.780413,-4.340017
55.779656,-4.342491
55.780580,-4.345402
55.776988,-4.335809
55.780420,-4.346716
55.776877,-4.335037
55.778547,-4.334643
55.777896,-4.334381
55.779320,-4.344991
55.777925,-4.332341
55.776340,-4.332980
55.779417,-4.350754
55.779023,-4.349279
55.774603,-4.339765
55.774474,-4.341319
55.780751,-4.349160
55.778306,-4.344452
55.785415,-4.341641
55.781706,-4.337734
55.780948,-4.345440
55.778303,-4.341310
55.780095,-4.351959
55.773735,-4.335280
55.770044,-4.346443
55.776629,-4.346599
55.782125,-4.344522
55.786487,-4.332997
55.766302,-4.353232
55.777805,-4.345745
55.781230,-4.329190
55.774789,-4.333748
55.782011,-4.346716
55.778649,-4.351904
55.782797,-4.343190
55.779059,-4.351625
55.772428,-4.342568
55.779186,-4.347774
55.773136,-4.344093
55.781426,-4.337765
55.770571,-4.354143
55.779491,-4.344523
55.789202,-4.329650
55.773225,-4.332826
55.772964,-4.342281
55.785900,-4.345434
55.766569,-4.369701
55.782374,-4.329497
55.790305,-4.327386
55.766914,-4.353636
55.785893,-4.348129
55.786991,-4.346170
55.774314,-4.354863
55.750982,-4.389791
55.773145,-4.353023
55.773810,-4.353988
55.774616,-4.354594
55.773728,-4.353552
55.774591,-4.352600
55.767576,-4.351906
55.767893,-4.352260
55.777605,-4.349608
55.776988,-4.349013
55.777841,-4.350914
55.761606,-4.351084
55.776327,-4.352051
55.780376,-4.335326
55.775304,-4.353376
55.768123,-4.353374
55.779248,-4.332245
55.775506,-4.355047
55.775763,-4.355238
55.776527,-4.353817
55.776213,-4.354723
55.776581,-4.352863
55.777575,-4.331364
55.781049,-4.332081
55.775469,-4.347120
55.774675,-4.347295
55.775146,-4.349938
55.775637,-4.348676
55.776073,-4.349372
55.776067,-4.350153
55.774056,-4.348167
55.773494,-4.348404
55.764227,-4.352693
55.775052,-4.351990
55.775542,-4.351764
55.772315,-4.350374
55.773125,-4.349849
55.772891,-4.351286
55.777635,-4.329661
55.768780,-4.352409
55.784994,-4.347708
55.783204,-4.345878
55.783444,-4.346499
55.787080,-4.347659
55.768375,-4.346773
55.764766,-4.379778
55.787106,-4.347213
55.773923,-4.350423
55.774190,-4.349642
55.773807,-4.350831
55.772324,-4.353213
55.772708,-4.354256
55.771980,-4.352363
55.773225,-4.332826
55.773225,-4.332826
55.773225,-4.332826
55.773225,-4.332826
55.773225,-4.332826
55.773225,-4.332826
55.773225,-4.332826
55.773225,-4.332826
55.773225,-4.332826
55.773225,-4.332826
55.773225,-4.332826
55.773225,-4.332826
55.773225,-4.332826
55.773225,-4.332826
55.773225,-4.332826
55.773225,-4.332826
55.803938,-4.396243
55.803510,-4.392355
55.804089,-4.389837
55.804993,-4.377525
55.803173,-4.391648
55.806303,-4.401718
55.805389,-4.390044
55.807018,-4.387128
55.803031,-4.386022
55.805842,-4.386609
55.806325,-4.389974
55.805851,-4.387519
55.806329,-4.385139
55.805731,-4.385836
55.805546,-4.384740
55.806461,-4.386679
55.807408,-4.383721
55.806970,-4.384971
55.806488,-4.382467
55.806062,-4.383160
55.806089,-4.384039
55.804962,-4.384241
55.805392,-4.385720
55.807566,-4.377410
55.805213,-4.387528
55.804622,-4.389710
55.804124,-4.383440
55.801996,-4.400879
55.804554,-4.382589
55.803739,-4.388459
55.804693,-4.381879
55.805350,-4.382318
55.805539,-4.381372
55.805168,-4.382882
55.806824,-4.380924
55.807795,-4.382739
55.807642,-4.380910
55.809643,-4.384799
55.809976,-4.384755
55.809179,-4.384148
55.808894,-4.384003
55.808747,-4.381424
55.810382,-4.382833
55.809450,-4.383159
55.809973,-4.381691
55.808010,-4.380007
55.810881,-4.378905
55.810030,-4.382429
55.803875,-4.400819
55.801718,-4.403622
55.799736,-4.405686
55.801583,-4.397646
55.802080,-4.398410
55.802223,-4.399377
55.801372,-4.398750
55.799615,-4.400349
55.800848,-4.400728
55.799972,-4.404615
55.800586,-4.407222
55.799388,-4.400925
55.801615,-4.398749
55.801287,-4.408191
55.803817,-4.399219
55.803140,-4.399832
55.802240,-4.401723
55.803190,-4.398175
55.802353,-4.397773
55.802966,-4.398609
55.800811,-4.391567
55.811839,-4.392946
55.812025,-4.394011
55.811868,-4.394703
55.809556,-4.379990
55.809733,-4.381086
55.804713,-4.392460
55.813861,-4.393916
55.813799,-4.394327
55.808408,-4.377573
55.808118,-4.394361
55.807381,-4.395257
55.807818,-4.396354
55.808038,-4.395250
55.808637,-4.395829
55.806553,-4.393946
55.802622,-4.405146
55.800523,-4.408638
55.800680,-4.405664
55.806243,-4.400613
55.804266,-4.398306
55.804172,-4.399880
55.804771,-4.401911
55.805197,-4.400342
55.812583,-4.406415
55.806056,-4.399613
55.804566,-4.399058
55.805969,-4.400373
55.808146,-4.399821
55.810368,-4.400644
55.811752,-4.402485
55.805262,-4.398846
55.812403,-4.404584
55.811926,-4.406007
55.811461,-4.404989
55.811131,-4.403021
55.811164,-4.402241
55.808772,-4.403658
55.808338,-4.400583
55.807338,-4.401176
55.808002,-4.401695
55.808797,-4.401936
55.808528,-4.404680
55.810615,-4.406421
55.811000,-4.407386
55.808032,-4.402894
55.798117,-4.403448
55.797729,-4.402578
55.797872,-4.401694
55.797288,-4.402615
55.797218,-4.402068
55.796737,-4.402773
55.797418,-4.403309
55.796042,-4.402458
55.795415,-4.405547
55.793136,-4.411341
55.796177,-4.406599
55.795533,-4.408282
55.795352,-4.406947
55.794574,-4.407218
55.793997,-4.405938
55.794298,-4.406148
55.797907,-4.399941
55.797566,-4.398532
55.795119,-4.408289
55.795968,-4.406714
55.796640,-4.404027
55.797149,-4.406053
55.794167,-4.402726
55.804422,-4.391230
55.811655,-4.395935
55.805553,-4.398209
55.804760,-4.397873
55.806748,-4.396415
55.811195,-4.396513
55.806733,-4.397627
55.806829,-4.398687
55.809014,-4.399124
55.806249,-4.396656
55.810042,-4.399858
55.811057,-4.399888
55.811663,-4.398745
55.807906,-4.398290
55.808042,-4.399192
55.808772,-4.398615
55.810637,-4.399320
55.811217,-4.399036
55.809906,-4.398525
55.810597,-4.398136
55.808262,-4.397099
55.808551,-4.397516
55.809138,-4.395972
55.809868,-4.396783
55.810013,-4.395786
55.810969,-4.397473
55.809588,-4.397340
55.811426,-4.398491
55.807552,-4.396625
55.810300,-4.396283
55.809920,-4.402867
55.809685,-4.405230
55.810684,-4.405148
55.795394,-4.402052
55.810484,-4.403460
55.801444,-4.400127
55.802992,-4.393137
55.805107,-4.392054
55.801410,-4.394077
55.801970,-4.394829
55.810480,-4.405503
55.802299,-4.395025
55.801272,-4.399733
55.799916,-4.399219
55.809899,-4.403935
55.799786,-4.398509
55.799437,-4.399365
55.800307,-4.397599
55.800752,-4.399238
55.805352,-4.396553
55.799437,-4.397993
55.800262,-4.399017
55.799154,-4.399108
55.799844,-4.391380
55.799023,-4.396180
55.799716,-4.395664
55.799354,-4.396711
55.800599,-4.396947
55.801184,-4.396440
55.801920,-4.397395
55.800890,-4.397236
55.800791,-4.397661
55.801172,-4.397940
55.801574,-4.396704
55.805638,-4.398948
55.799226,-4.394964
55.800352,-4.391602
55.799601,-4.392306
55.800294,-4.390450
55.805015,-4.373170
55.800934,-4.388479
55.801569,-4.387241
55.802142,-4.388282
55.802768,-4.384283
55.804379,-4.380950
55.795906,-4.412166
55.801885,-4.389494
55.811959,-4.406600
55.801894,-4.387676
55.804896,-4.374678
55.805857,-4.374673
55.804926,-4.378702
55.802133,-4.368351
55.807025,-4.367722
55.808127,-4.369305
55.801117,-4.398032
55.813135,-4.377143
55.814494,-4.387714
55.812597,-4.396504
55.811320,-4.385923
55.795159,-4.412184
55.794651,-4.414753
55.791927,-4.415223
55.814608,-4.400778
55.793260,-4.406371
55.793736,-4.417377
55.811289,-4.407325
55.794133,-4.411802
55.808743,-4.380243
55.808590,-4.382564
55.807710,-4.384377
55.807436,-4.382286
55.808349,-4.383874
55.801894,-4.387676
55.801894,-4.387676
55.801894,-4.387676
55.801894,-4.387676
55.801894,-4.387676
55.801117,-4.398032
55.798347,-4.396250
55.797364,-4.397801
55.796915,-4.397774
55.796227,-4.399438
55.795006,-4.396619
55.795443,-4.395864
55.794008,-4.394308
55.793649,-4.392914
55.793238,-4.393687
55.793328,-4.392289
55.792941,-4.392360
55.793981,-4.392951
55.793201,-4.394227
55.792547,-4.393166
55.792885,-4.394303
55.792645,-4.394608
55.792545,-4.392352
55.791831,-4.392564
55.792293,-4.394251
55.792881,-4.396345
55.796058,-4.394291
55.797082,-4.395231
55.797412,-4.395810
55.793657,-4.398004
55.790251,-4.392929
55.793460,-4.398439
55.795640,-4.397743
55.796727,-4.397283
55.795679,-4.400809
55.795176,-4.399868
55.794703,-4.400605
55.795911,-4.395813
55.790262,-4.393297
55.797900,-4.390622
55.796496,-4.388861
55.788415,-4.392577
55.797424,-4.389189
55.797907,-4.389315
55.798586,-4.389085
55.798702,-4.388167
55.797916,-4.387927
55.797335,-4.388226
55.796721,-4.387455
55.797423,-4.387402
55.795648,-4.390851
55.795894,-4.392063
55.795147,-4.392129
55.794468,-4.392406
55.795027,-4.390462
55.795801,-4.389473
55.796657,-4.390754
55.796550,-4.392087
55.797500,-4.392225
55.797100,-4.393397
55.795418,-4.392528
55.796745,-4.392674
55.796576,-4.393493
55.795932,-4.393836
55.795338,-4.393385
55.795535,-4.392982
55.795065,-4.393576
55.794552,-4.393145
55.791607,-4.386998
55.791335,-4.384796
55.791170,-4.386334
55.792095,-4.385912
55.799121,-4.387873
55.800757,-4.387447
55.797498,-4.385412
55.800058,-4.387292
55.796023,-4.386391
55.794613,-4.386305
55.795316,-4.384832
55.796116,-4.382520
55.798939,-4.387080
55.795583,-4.381738
55.796164,-4.381869
55.795365,-4.379969
55.791324,-4.370981
55.790050,-4.369930
55.800048,-4.385042
55.800290,-4.384626
55.799595,-4.384759
55.793898,-4.371233
55.795407,-4.356328
55.786316,-4.395639
55.786651,-4.395021
55.787053,-4.393786
55.786027,-4.394297
55.785341,-4.393091
55.787478,-4.391308
55.787255,-4.389858
55.786859,-4.389420
55.786838,-4.392337
55.787027,-4.392333
55.795575,-4.381195
55.794929,-4.380677
55.794217,-4.382149
55.794671,-4.382384
55.794088,-4.380960
55.793723,-4.379821
55.793411,-4.382020
55.794182,-4.383949
55.794895,-4.383833
55.795433,-4.383882
55.794661,-4.385686
55.794492,-4.379581
55.794697,-4.384763
55.793685,-4.384557
55.794160,-4.385097
55.794040,-4.383414
55.794918,-4.383117
55.793398,-4.384061
55.793177,-4.385260
55.793504,-4.386046
55.793216,-4.387416
55.793950,-4.386185
55.795630,-4.388553
55.792285,-4.381696
55.795339,-4.389173
55.791763,-4.383131
55.791658,-4.380190
55.792213,-4.387275
55.791442,-4.381596
55.791906,-4.384560
55.792672,-4.387686
55.791460,-4.383432
55.792374,-4.384971
55.792058,-4.382735
55.792026,-4.379734
55.792513,-4.380098
55.792629,-4.385290
55.792874,-4.383742
55.792811,-4.381441
55.792990,-4.386126
55.794449,-4.390124
55.794538,-4.399398
55.793373,-4.389515
55.800799,-4.385742
55.797240,-4.382461
55.797264,-4.380787
55.798196,-4.379504
55.798626,-4.378668
55.798356,-4.380535
55.798930,-4.380123
55.796696,-4.382731
55.798143,-4.381304
55.797453,-4.379363
55.796993,-4.378074
55.796338,-4.377077
55.795549,-4.376503
55.796426,-4.376221
55.797456,-4.377799
55.796960,-4.379317
55.795993,-4.378620
55.794790,-4.378115
55.795197,-4.379353
55.795922,-4.380450
55.796632,-4.380908
55.795283,-4.378177
55.799533,-4.379617
55.798974,-4.377413
55.797965,-4.377033
55.797135,-4.376280
55.796726,-4.375154
55.795704,-4.373608
55.795954,-4.374613
55.795609,-4.375278
55.795145,-4.373207
55.793787,-4.373747
55.792444,-4.375340
55.792153,-4.376439
55.791580,-4.378175
55.791166,-4.379617
55.792069,-4.378923
55.792869,-4.374281
55.792653,-4.377523
55.792948,-4.377620
55.793225,-4.377238
55.793294,-4.375552
55.792027,-4.377819
55.793518,-4.375103
55.794340,-4.373477
55.794176,-4.374520
55.795004,-4.374459
55.794914,-4.376783
55.793707,-4.379262
55.793121,-4.380295
55.794570,-4.375534
55.794088,-4.376780
55.799249,-4.394710
55.799120,-4.392133
55.798558,-4.391907
55.798969,-4.391071
55.799287,-4.389527
55.799843,-4.390965
55.800193,-4.389151
55.801854,-4.385535
55.802479,-4.383435
55.802297,-4.384477
55.802901,-4.382982
55.798022,-4.392672
55.798357,-4.393443
55.798631,-4.395071
55.797792,-4.394764
55.799468,-4.378369
55.802381,-4.381993
55.786531,-4.385013
55.787066,-4.383371
55.789992,-4.394716
55.788618,-4.386800
55.783759,-4.381989
55.801641,-4.380320
55.794230,-4.372689
55.801311,-4.385263
55.794589,-4.369919
55.801636,-4.383368
55.801781,-4.384190
55.790837,-4.382213
55.797270,-4.394317
55.800887,-4.383944
55.800661,-4.382654
55.798836,-4.381729
55.799320,-4.385540
55.798881,-4.386390
55.801117,-4.398032
55.788246,-4.429606
55.790348,-4.428286
55.794086,-4.439686
55.782350,-4.461664
55.793192,-4.464246
55.796104,-4.473620
55.798011,-4.486043
55.790035,-4.483094
55.787875,-4.450113
55.787400,-4.492050
55.783450,-4.497540
55.783177,-4.467920
55.779648,-4.469132
55.795357,-4.492814
55.779224,-4.475867
55.777261,-4.481388
55.775196,-4.491526
55.774663,-4.474302
55.774365,-4.477505
55.774119,-4.477680
55.771744,-4.473304
55.774359,-4.466613
55.772629,-4.456092
55.778530,-4.453608
55.775313,-4.438672
55.770753,-4.483223
55.772271,-4.426587
55.775000,-4.432704
55.779026,-4.444023
55.766715,-4.447971
55.768359,-4.460176
55.764193,-4.456773
55.761614,-4.451350
55.758571,-4.441260
55.749132,-4.438185
55.740309,-4.443864
55.737900,-4.448875
55.749904,-4.444543
55.765832,-4.421803
55.778078,-4.412436
55.750917,-4.450089
55.783758,-4.426121
55.785148,-4.425809
55.782999,-4.428594
55.771115,-4.411384
55.782638,-4.426402
55.784593,-4.427545
55.783992,-4.428847
55.783953,-4.428063
55.783610,-4.427244
55.784622,-4.428790
55.785198,-4.429672
55.784017,-4.431672
55.783316,-4.431197
55.783308,-4.432090
55.783779,-4.432789
55.784408,-4.430962
55.784342,-4.430240
55.785291,-4.430858
55.786155,-4.429013
55.785590,-4.426187
55.786791,-4.425017
55.784318,-4.432360
55.787380,-4.423874
55.787504,-4.424854
55.787873,-4.424383
55.787415,-4.426205
55.786672,-4.426924
55.786526,-4.427984
55.783994,-4.420984
55.783871,-4.424501
55.784100,-4.425201
55.780508,-4.423208
55.780549,-4.424789
55.782244,-4.425421
55.779832,-4.425143
55.780482,-4.426364
55.780282,-4.426016
55.778390,-4.428036
55.780507,-4.424165
55.779443,-4.427543
55.779547,-4.426800
55.780265,-4.427323
55.779020,-4.428474
55.778085,-4.429835
55.778544,-4.431187
55.779754,-4.431789
55.778978,-4.429683
55.779483,-4.430943
55.779648,-4.429916
55.779326,-4.433437
55.780182,-4.431959
55.782100,-4.430866
55.780343,-4.429306
55.778384,-4.429710
55.784841,-4.417703
55.782683,-4.430057
55.782989,-4.430938
55.784199,-4.419242
55.782148,-4.432560
55.781740,-4.432710
55.781695,-4.433632
55.780942,-4.433537
55.780126,-4.436628
55.780262,-4.437897
55.781407,-4.439116
55.781311,-4.431710
55.780006,-4.435855
55.781222,-4.435724
55.781420,-4.435274
55.781644,-4.434857
55.782646,-4.433739
55.783312,-4.434610
55.782851,-4.433353
55.782898,-4.432351
55.782474,-4.435148
55.782702,-4.432738
55.785924,-4.435650
55.785155,-4.436847
55.783584,-4.438551
55.784524,-4.435563
55.785149,-4.436655
55.785125,-4.416046
55.786819,-4.438131
55.784415,-4.426529
55.784899,-4.426607
55.785780,-4.424795
55.785653,-4.423017
55.786907,-4.423206
55.786564,-4.422403
55.787245,-4.422031
55.787578,-4.420169
55.787076,-4.421494
55.787979,-4.418551
55.785749,-4.420869
55.786045,-4.419995
55.786693,-4.419971
55.786958,-4.420195
55.785999,-4.418700
55.786723,-4.417963
55.784423,-4.420675
55.785362,-4.420000
55.785045,-4.422389
55.784506,-4.415066
55.785331,-4.418850
55.785788,-4.415704
55.785363,-4.421324
55.787531,-4.413451
55.790154,-4.414411
55.791220,-4.413233
55.784753,-4.413471
55.786133,-4.414162
55.784889,-4.413878
55.787350,-4.419453
55.788235,-4.417865
55.778212,-4.431613
55.777501,-4.435268
55.779374,-4.438272
55.777753,-4.432541
55.777864,-4.436025
55.787100,-4.418433
55.778730,-4.439460
55.778216,-4.434579
55.778586,-4.433598
55.779405,-4.435355
55.778114,-4.442004
55.787502,-4.417644
55.778953,-4.440446
55.777276,-4.441633
55.777648,-4.440556
55.778494,-4.439126
55.779581,-4.439146
55.777577,-4.431908
55.777060,-4.432147
55.776748,-4.434711
55.788547,-4.421633
55.778755,-4.437787
55.788309,-4.421395
55.789162,-4.419630
55.789712,-4.418611
55.778260,-4.437819
55.789065,-4.418156
55.778288,-4.437279
55.779609,-4.437330
55.786579,-4.423904
55.763676,-4.505537
55.764825,-4.496763
55.764307,-4.493972
55.763270,-4.493667
55.765839,-4.492858
55.766962,-4.491112
55.767414,-4.492305
55.767285,-4.493780
55.766055,-4.495949
55.765592,-4.495297
55.766954,-4.488848
55.767881,-4.490119
55.765806,-4.490481
55.763127,-4.507766
55.762737,-4.514516
55.763006,-4.518056
55.764802,-4.517694
55.769557,-4.513727
55.763634,-4.498775
55.761479,-4.513207
55.757165,-4.534192
55.759097,-4.541586
55.766147,-4.511292
55.765791,-4.547761
55.769760,-4.544895
55.776567,-4.513349
55.758387,-4.548075
55.770203,-4.505860
55.759056,-4.494944
55.757533,-4.507024
55.763125,-4.528027
55.753519,-4.493156
55.750400,-4.503761
55.755639,-4.488366
55.765979,-4.484162
55.762141,-4.477956
55.765548,-4.467236
55.763612,-4.500719
55.764902,-4.499175
55.768140,-4.491538
55.763833,-4.503554
55.764879,-4.501597
55.756195,-4.515354
55.757958,-4.524027
55.801117,-4.398032
55.801117,-4.398032
55.801117,-4.398032
55.801117,-4.398032
55.771000,-4.223062
55.771000,-4.223062
55.897391,-4.388902
55.896351,-4.386919
55.895483,-4.385794
55.896610,-4.386039
55.896930,-4.383467
55.897458,-4.384956
55.898171,-4.386215
55.898015,-4.388205
55.899041,-4.386284
55.899064,-4.384638
55.898376,-4.383988
55.897927,-4.385784
55.898485,-4.383467
55.897911,-4.381512
55.898715,-4.382233
55.898203,-4.381322
55.899584,-4.383774
55.897892,-4.382519
55.897385,-4.381768
55.898338,-4.380850
55.898682,-4.381175
55.899176,-4.380278
55.899175,-4.381686
55.899755,-4.383321
55.895568,-4.403586
55.899661,-4.403855
55.901724,-4.405887
55.903252,-4.413229
55.897808,-4.398414
55.897066,-4.396801
55.899898,-4.408285
55.899156,-4.404368
55.898097,-4.391889
55.904771,-4.420571
55.899148,-4.387731
55.898524,-4.389788
55.897280,-4.390431
55.896893,-4.390455
55.896819,-4.389187
55.896343,-4.390102
55.895820,-4.389254
55.895294,-4.388102
55.896160,-4.387915
55.896958,-4.388044
55.897514,-4.387150
55.898986,-4.387289
55.900478,-4.388180
55.901006,-4.388789
55.896338,-4.388470
55.899567,-4.392060
55.899163,-4.391123
55.898631,-4.390306
55.899569,-4.388732
55.900137,-4.384912
55.900038,-4.389561
55.899356,-4.405180
55.898953,-4.405139
55.901873,-4.404712
55.898419,-4.405314
55.902521,-4.406960
55.902736,-4.405630
55.894633,-4.385582
55.892548,-4.384158
55.903255,-4.406638
55.893091,-4.383984
55.893601,-4.384111
55.895094,-4.383563
55.895941,-4.383919
55.896527,-4.382451
55.896773,-4.381330
55.895538,-4.382454
55.894246,-4.383303
55.893731,-4.384823
55.893883,-4.384416
55.894527,-4.386855
55.896847,-4.396067
55.891816,-4.387168
55.891754,-4.388028
55.891612,-4.387492
55.892478,-4.388728
55.892860,-4.388032
55.895146,-4.386461
55.894917,-4.388095
55.894187,-4.387730
55.894307,-4.388457
55.893848,-4.388493
55.894814,-4.389656
55.894873,-4.388972
55.896633,-4.391335
55.897856,-4.392258
55.899734,-4.399637
55.898096,-4.389586
55.895343,-4.389736
55.895791,-4.390756
55.902178,-4.410267
55.895584,-4.391655
55.895305,-4.381064
55.895811,-4.381383
55.897337,-4.380517
55.891052,-4.387153
55.892816,-4.390285
55.893726,-4.391572
55.897178,-4.399351
55.899362,-4.402605
55.899544,-4.402952
55.894463,-4.393425
55.893764,-4.392374
55.891476,-4.390330
55.893423,-4.389554
55.895843,-4.394054
55.895542,-4.394755
55.896429,-4.396313
55.890887,-4.387799
55.895353,-4.395223
55.897555,-4.398942
55.896869,-4.397220
55.896358,-4.397157
55.895970,-4.396317
55.894486,-4.397313
55.901263,-4.403299
55.895284,-4.399714
55.895821,-4.398419
55.895899,-4.397656
55.895159,-4.397371
55.893886,-4.394877
55.893254,-4.393175
55.902453,-4.400765
55.894864,-4.400488
55.896723,-4.401482
55.901926,-4.399244
55.896921,-4.400999
55.899299,-4.403497
55.896769,-4.402365
55.898646,-4.402433
55.899361,-4.400813
55.897243,-4.400619
55.899208,-4.400372
55.899995,-4.400101
55.899545,-4.399177
55.899345,-4.398861
55.900704,-4.400161
55.899184,-4.398355
55.899075,-4.396589
55.898724,-4.396599
55.898431,-4.394549
55.899375,-4.396415
55.900025,-4.398567
55.900220,-4.398211
55.899927,-4.397137
55.899871,-4.394926
55.899241,-4.394983
55.899333,-4.393453
55.898122,-4.394754
55.901977,-4.403967
55.901391,-4.395356
55.901026,-4.397477
55.901142,-4.404859
55.900231,-4.396308
55.900327,-4.404729
55.899728,-4.405491
55.900482,-4.405074
55.899014,-4.401976
55.900750,-4.405619
55.900887,-4.405979
55.901913,-4.404043
55.900162,-4.406286
55.900673,-4.406318
55.900743,-4.407330
55.900862,-4.408617
55.901701,-4.409373
55.904056,-4.417151
55.901856,-4.408823
55.901272,-4.406947
55.902558,-4.411058
55.902691,-4.408827
55.901447,-4.407662
55.903298,-4.408592
55.903592,-4.418370
55.899950,-4.403793
55.894768,-4.395763
55.897539,-4.401581
55.907406,-4.391967
55.907668,-4.392383
55.907456,-4.393122
55.906042,-4.409850
55.913701,-4.404693
55.914190,-4.404067
55.913808,-4.402891
55.914336,-4.405804
55.912800,-4.404349
55.916431,-4.405742
55.914161,-4.407394
55.913433,-4.402772
55.913586,-4.401405
55.912981,-4.402920
55.912731,-4.402824
55.912442,-4.401046
55.912478,-4.400584
55.913799,-4.399706
55.912131,-4.397202
55.911832,-4.397328
55.912580,-4.396318
55.912675,-4.398804
55.912963,-4.396454
55.912949,-4.394869
55.912196,-4.394326
55.911664,-4.393973
55.911747,-4.393354
55.911303,-4.395391
55.911457,-4.398553
55.911796,-4.401006
55.911908,-4.403542
55.910859,-4.402532
55.911054,-4.392015
55.906485,-4.405574
55.911563,-4.402816
55.910788,-4.401520
55.911179,-4.401288
55.910495,-4.399070
55.911096,-4.399571
55.910797,-4.397840
55.910039,-4.396145
55.908976,-4.393519
55.909089,-4.390006
55.909249,-4.391472
55.909309,-4.393508
55.910344,-4.395284
55.909689,-4.397084
55.910672,-4.395480
55.910723,-4.394267
55.910834,-4.393666
55.910507,-4.393374
55.909739,-4.393118
55.909946,-4.392651
55.909597,-4.391189
55.909673,-4.390042
55.910075,-4.392003
55.910258,-4.391374
55.911005,-4.395485
55.911148,-4.398278
55.908142,-4.395292
55.908149,-4.396285
55.908962,-4.397919
55.909616,-4.400823
55.908821,-4.400534
55.909198,-4.401950
55.909087,-4.403031
55.909172,-4.403740
55.908525,-4.401908
55.908554,-4.403190
55.908549,-4.403894
55.907795,-4.402487
55.907802,-4.403463
55.907642,-4.404302
55.907642,-4.404302
55.907229,-4.404276
55.907113,-4.406093
55.906501,-4.409367
55.905405,-4.407939
55.906624,-4.413151
55.903814,-4.409328
55.910178,-4.401930
55.909375,-4.398392
55.908602,-4.393320
55.907836,-4.390681
55.906921,-4.391521
55.907233,-4.389796
55.906566,-4.389867
55.908330,-4.390711
55.906371,-4.392975
55.905992,-4.392151
55.905740,-4.392168
55.907264,-4.388678
55.907575,-4.388393
55.908507,-4.389922
55.907604,-4.387803
55.906291,-4.387386
55.906318,-4.386012
55.910070,-4.402884
55.905754,-4.413544
55.908050,-4.410119
55.907633,-4.401997
55.907846,-4.399402
55.906272,-4.396697
55.905632,-4.395841
55.905461,-4.393111
55.905186,-4.393350
55.905377,-4.388610
55.905325,-4.386207
55.905836,-4.386750
55.904779,-4.389821
55.904862,-4.393410
55.905303,-4.390141
55.905113,-4.396193
55.905314,-4.395550
55.906982,-4.398997
55.904667,-4.387702
55.904897,-4.391124
55.904423,-4.391495
55.904875,-4.395523
55.907475,-4.400899
55.904593,-4.394289
55.905780,-4.398874
55.907490,-4.399236
55.903583,-4.401378
55.908149,-4.411933
55.907637,-4.416974
55.907859,-4.415243
55.902858,-4.392902
55.903635,-4.392710
55.903210,-4.391932
55.902484,-4.391328
55.902882,-4.390744
55.903651,-4.390983
55.903224,-4.390749
55.902468,-4.390335
55.903623,-4.389174
55.903269,-4.387472
55.903292,-4.386290
55.902910,-4.387482
55.902510,-4.387713
55.902754,-4.389008
55.903371,-4.389158
55.902859,-4.386391
55.904778,-4.404140
55.903928,-4.405783
55.903583,-4.401378
55.904240,-4.402715
55.903588,-4.385860
55.902827,-4.384821
55.902334,-4.385207
55.901767,-4.382900
55.902586,-4.382407
55.902545,-4.383140
55.901271,-4.381142
55.900941,-4.381954
55.901814,-4.384183
55.902488,-4.386992
55.903570,-4.383571
55.901510,-4.385956
55.901891,-4.379292
55.902395,-4.380667
55.902968,-4.382142
55.902110,-4.385609
55.903821,-4.383138
55.903002,-4.380864
55.904276,-4.382382
55.902885,-4.379961
55.903414,-4.381402
55.904498,-4.384364
55.903930,-4.385401
55.903732,-4.386317
55.904149,-4.387046
55.904590,-4.403665
55.910129,-4.403511
55.910857,-4.404004
55.905803,-4.403692
55.907221,-4.402387
55.903921,-4.395544
55.912242,-4.390584
55.915729,-4.404434
55.915167,-4.404207
55.915546,-4.402743
55.914976,-4.402931
55.915021,-4.402454
55.908455,-4.405024
55.908263,-4.406548
55.909023,-4.407219
55.909326,-4.409670
55.909418,-4.407244
55.908901,-4.405180
55.909294,-4.404852
55.909463,-4.404030
55.909660,-4.404554
55.909724,-4.406303
55.909833,-4.409030
55.909371,-4.405977
55.910375,-4.408871
55.910606,-4.410390
55.911201,-4.410283
55.909351,-4.408392
55.910247,-4.407631
55.911933,-4.410072
55.910129,-4.413608
55.910322,-4.414804
55.910223,-4.415726
55.910727,-4.414286
55.908045,-4.405318
55.909573,-4.414470
55.909717,-4.415839
55.910811,-4.415539
55.910923,-4.417146
55.910008,-4.412449
55.912780,-4.410429
55.910574,-4.411108
55.910948,-4.405322
55.911223,-4.416477
55.911562,-4.404720
55.911768,-4.415759
55.909566,-4.412997
55.910018,-4.405073
55.909001,-4.410626
55.908846,-4.406632
55.910616,-4.403910
55.910710,-4.407388
55.911163,-4.407192
55.911371,-4.408053
55.910781,-4.408800
55.911120,-4.409381
55.911798,-4.409168
55.912233,-4.409483
55.912454,-4.408728
55.911983,-4.407067
55.912133,-4.411349
55.913446,-4.411782
55.914884,-4.412704
55.915209,-4.413092
55.914611,-4.414223
55.913356,-4.416369
55.911779,-4.412911
55.912600,-4.415026
55.914226,-4.416440
55.913612,-4.418898
55.913327,-4.415103
55.913029,-4.416525
55.911848,-4.414883
55.912448,-4.416345
55.911856,-4.418596
55.914724,-4.417159
55.912545,-4.418287
55.912421,-4.418680
55.912409,-4.420183
55.914242,-4.419753
55.914970,-4.415654
55.910501,-4.417552
55.911176,-4.420266
55.913345,-4.406815
55.914826,-4.406939
55.915264,-4.407062
55.917253,-4.406449
55.916455,-4.406800
55.915620,-4.406300
55.915624,-4.409341
55.915464,-4.411075
55.916267,-4.412726
55.916618,-4.411787
55.916044,-4.408983
55.916440,-4.408975
55.916898,-4.409436
55.917228,-4.409136
55.917802,-4.408244
55.917681,-4.410765
55.910648,-4.411432
55.912147,-4.410613
55.911875,-4.423542
55.911923,-4.422057
55.911603,-4.419557
55.912263,-4.420750
55.913018,-4.419837
55.913150,-4.421366
55.912759,-4.422477
55.912488,-4.423933
55.913564,-4.422672
55.914570,-4.420894
55.912967,-4.420618
55.914973,-4.419575
55.915339,-4.419278
55.915514,-4.418584
55.915567,-4.415451
55.914421,-4.422517
55.916101,-4.414316
55.916350,-4.416748
55.916505,-4.419846
55.916661,-4.418768
55.916676,-4.416624
55.916338,-4.414154
55.917631,-4.412858
55.919139,-4.411560
55.917591,-4.412136
55.915255,-4.413943
55.920329,-4.411874
55.916216,-4.413523
55.915994,-4.416102
55.916397,-4.414798
55.916917,-4.413982
55.917018,-4.415221
55.917697,-4.413631
55.918319,-4.412165
55.919144,-4.412696
55.918642,-4.413081
55.917023,-4.416374
55.917119,-4.417884
55.918100,-4.419162
55.917486,-4.417955
55.919254,-4.413984
55.917956,-4.414623
55.918888,-4.414313
55.919127,-4.415416
55.918223,-4.415680
55.917836,-4.417993
55.917887,-4.415403
55.918232,-4.417953
55.918548,-4.418805
55.918781,-4.417908
55.919075,-4.418966
55.919404,-4.418234
55.919359,-4.416423
55.918508,-4.416722
55.918366,-4.416185
55.915861,-4.421071
55.911957,-4.426700
55.912508,-4.425662
55.921871,-4.423030
55.912863,-4.424532
55.913589,-4.424610
55.914207,-4.425160
55.914643,-4.424483
55.914316,-4.424207
55.914789,-4.423452
55.915129,-4.425362
55.915653,-4.424290
55.915415,-4.421363
55.915744,-4.423336
55.916222,-4.421413
55.916913,-4.421488
55.916863,-4.419933
55.915165,-4.421715
55.917935,-4.419776
55.918264,-4.420436
55.919943,-4.418716
55.916638,-4.421311
55.920489,-4.414685
55.920269,-4.413999
55.920138,-4.415159
55.920129,-4.412902
55.919933,-4.416923
55.919761,-4.415136
55.919796,-4.412897
55.913348,-4.425907
55.920110,-4.410660
55.910357,-4.426728
55.910321,-4.426710
55.910710,-4.427470
55.910712,-4.426942
55.911472,-4.426702
55.911860,-4.427990
55.911860,-4.427990
55.912251,-4.429119
55.912251,-4.429119
55.911472,-4.426702
55.911606,-4.431751
55.911363,-4.432664
55.909740,-4.425185
55.910930,-4.431356
55.910716,-4.430367
55.911197,-4.431053
55.910431,-4.429341
55.912222,-4.431485
55.910540,-4.427924
55.923132,-4.430200
55.912454,-4.429772
55.912536,-4.430161
55.912679,-4.430650
55.912833,-4.431012
55.912694,-4.431723
55.912090,-4.429973
55.912511,-4.432336
55.912894,-4.432055
55.913324,-4.431682
55.913124,-4.431334
55.912804,-4.432962
55.911840,-4.430357
55.908400,-4.423838
55.908536,-4.423318
55.906824,-4.421739
55.908028,-4.422182
55.907121,-4.421278
55.907581,-4.422074
55.906791,-4.420217
55.907985,-4.423908
55.907227,-4.420436
55.906445,-4.419987
55.906512,-4.418840
55.905910,-4.417458
55.907642,-4.419422
55.908208,-4.420833
55.908894,-4.422476
55.907012,-4.424487
55.908873,-4.424955
55.909066,-4.425607
55.907288,-4.424200
55.908442,-4.424464
55.909058,-4.423751
55.909376,-4.429979
55.908672,-4.427855
55.908526,-4.426118
55.909929,-4.427917
55.910523,-4.431027
55.911743,-4.432527
55.911260,-4.430113
55.911132,-4.427945
55.907685,-4.433665
55.910033,-4.431732
55.906523,-4.426072
55.911732,-4.434463
55.912156,-4.435722
55.912328,-4.436581
55.911923,-4.437964
55.912347,-4.437414
55.913111,-4.439702
55.911497,-4.435440
55.914588,-4.442708
55.915304,-4.442433
55.915150,-4.440679
55.915743,-4.442028
55.912538,-4.438226
55.915165,-4.439896
55.914275,-4.439023
55.914707,-4.440363
55.914192,-4.437290
55.913286,-4.436321
55.913266,-4.435503
55.912725,-4.435566
55.916207,-4.440857
55.915317,-4.438129
55.914624,-4.434532
55.914675,-4.436072
55.915612,-4.437747
55.915689,-4.437064
55.916167,-4.440151
55.913968,-4.435019
55.916846,-4.439873
55.911673,-4.428779
55.920556,-4.433192
55.918715,-4.432644
55.917997,-4.432615
55.916485,-4.431800
55.915594,-4.432305
55.915396,-4.431844
55.915622,-4.433187
55.915628,-4.435155
55.917429,-4.433156
55.915755,-4.434635
55.916452,-4.436167
55.916380,-4.434819
55.916906,-4.435508
55.915021,-4.433085
55.916987,-4.434120
55.916310,-4.433806
55.916254,-4.432554
55.913330,-4.433155
55.913430,-4.433097
55.913438,-4.432266
55.913591,-4.432227
55.915937,-4.430422
55.916000,-4.430426
55.917021,-4.428329
55.917592,-4.428077
55.917636,-4.428111
55.917075,-4.428332
55.923298,-4.434980
55.922280,-4.435525
55.921009,-4.438454
55.919017,-4.436472
55.918220,-4.434950
55.919369,-4.435950
55.920237,-4.435205
55.921246,-4.435124
55.921549,-4.433878
55.920595,-4.436668
55.920669,-4.433839
55.918973,-4.433253
55.918522,-4.434217
55.911065,-4.426372
55.910469,-4.425135
55.909406,-4.436173
55.909743,-4.422769
55.909133,-4.428604
55.910066,-4.420949
55.909080,-4.419880
55.922354,-4.439499
55.925006,-4.435872
55.922282,-4.433156
55.922248,-4.428080
55.910815,-4.425332
55.910585,-4.423334
55.910428,-4.424012
55.922305,-4.432453
55.904336,-4.415264
55.908952,-4.417712
55.929589,-4.397929
55.929710,-4.399585
55.930307,-4.400743
55.930460,-4.400256
55.930526,-4.397330
55.930660,-4.397851
55.928721,-4.402358
55.928944,-4.400130
55.929887,-4.397835
55.929261,-4.399541
55.929589,-4.402539
55.930769,-4.399186
55.927569,-4.401486
55.929082,-4.401339
55.927326,-4.401967
55.930376,-4.391685
55.930447,-4.390761
55.929186,-4.396911
55.929459,-4.393982
55.929884,-4.391543
55.930193,-4.393227
55.929757,-4.395746
55.930807,-4.393521
55.931655,-4.391988
55.931984,-4.390296
55.930632,-4.391909
55.931728,-4.388246
55.932143,-4.389073
55.932258,-4.387302
55.930641,-4.389124
55.931265,-4.389867
55.930368,-4.390228
55.929436,-4.389626
55.929121,-4.391512
55.928463,-4.391151
55.930591,-4.388000
55.928740,-4.393538
55.929213,-4.394607
55.928598,-4.394794
55.928196,-4.396098
55.928236,-4.397701
55.928730,-4.396819
55.928488,-4.398629
55.929097,-4.392711
55.929504,-4.393056
55.929858,-4.388740
55.929589,-4.390997
55.928527,-4.385504
55.929537,-4.384862
55.929047,-4.384639
55.928844,-4.383987
55.927837,-4.385862
55.926839,-4.386841
55.927404,-4.385499
55.926469,-4.386450
55.926189,-4.385568
55.926661,-4.387630
55.927004,-4.387572
55.927691,-4.388750
55.926932,-4.385742
55.926998,-4.384193
55.927494,-4.387826
55.929433,-4.386056
55.927585,-4.389576
55.928082,-4.403327
55.928299,-4.404156
55.928176,-4.401731
55.927435,-4.400069
55.927556,-4.400797
55.927297,-4.399788
55.927595,-4.399262
55.927351,-4.397470
55.927744,-4.394805
55.928131,-4.392508
55.926464,-4.393653
55.926208,-4.394342
55.926956,-4.397926
55.926846,-4.398960
55.926836,-4.400848
55.926323,-4.399936
55.926090,-4.397152
55.926061,-4.400944
55.926069,-4.398207
55.923181,-4.403455
55.918481,-4.403404
55.919048,-4.403840
55.919483,-4.403194
55.920164,-4.403268
55.920752,-4.401736
55.920686,-4.400036
55.921346,-4.400781
55.919466,-4.402217
55.922965,-4.402097
55.921035,-4.401498
55.921889,-4.401471
55.922135,-4.401790
55.922239,-4.400580
55.924182,-4.401885
55.924335,-4.400934
55.923756,-4.399793
55.923929,-4.397835
55.924482,-4.398013
55.924620,-4.399687
55.924676,-4.400538
55.923893,-4.398265
55.924872,-4.398774
55.924464,-4.394779
55.923791,-4.392896
55.924898,-4.397895
55.948000,-4.397690
55.937357,-4.407920
55.940380,-4.409613
55.938085,-4.394098
55.947272,-4.393080
55.934005,-4.403277
55.934348,-4.386134
55.929058,-4.379453
55.925935,-4.381503
55.935489,-4.392177
55.924891,-4.395942
55.923521,-4.395217
55.918484,-4.400940
55.921215,-4.402837
55.921064,-4.405981
55.921497,-4.408217
55.922087,-4.409742
55.922539,-4.408714
55.922730,-4.409942
55.922765,-4.403590
55.922512,-4.404582
55.922488,-4.403925
55.921183,-4.404500
55.923967,-4.404176
55.922970,-4.407780
55.924804,-4.405028
55.926082,-4.408117
55.925114,-4.408441
55.925271,-4.406866
55.921841,-4.404861
55.924944,-4.404733
55.922246,-4.405270
55.921937,-4.407284
55.922551,-4.406233
55.920083,-4.407873
55.924827,-4.406599
55.921926,-4.411541
55.921965,-4.415065
55.929818,-4.406460
55.921000,-4.410155
55.925525,-4.411332
55.924616,-4.421008
55.924867,-4.414173
55.930558,-4.405385
55.925761,-4.412612
55.929620,-4.405567
55.923338,-4.411949
55.924814,-4.410936
55.922680,-4.412484
55.922187,-4.413334
55.922173,-4.410404
55.921896,-4.412163
55.921386,-4.412051
55.921413,-4.412934
55.922404,-4.416965
55.922977,-4.417977
55.922746,-4.416938
55.922485,-4.416025
55.923913,-4.416563
55.924283,-4.416922
55.924188,-4.417172
55.923734,-4.417400
55.923367,-4.420066
55.923825,-4.415068
55.923615,-4.419377
55.923022,-4.420269
55.922064,-4.416896
55.924304,-4.423150
55.923659,-4.418051
55.923713,-4.423945
55.924178,-4.426376
55.924821,-4.427024
55.925667,-4.426517
55.925009,-4.426604
55.925550,-4.427886
55.924800,-4.428111
55.923708,-4.425610
55.923229,-4.422090
55.922472,-4.418970
55.922736,-4.420155
55.922304,-4.419744
55.922959,-4.421609
55.922877,-4.419876
55.924920,-4.411935
55.924468,-4.414820
55.924162,-4.416210
55.924668,-4.416097
55.925625,-4.418606
55.926319,-4.417161
55.927021,-4.417108
55.926739,-4.419076
55.926325,-4.418666
55.925851,-4.422654
55.926038,-4.417735
55.926671,-4.421185
55.926875,-4.423583
55.926493,-4.422918
55.926295,-4.424315
55.925974,-4.420949
55.925425,-4.423732
55.925161,-4.425717
55.924434,-4.425223
55.924990,-4.423017
55.924705,-4.422903
55.925325,-4.421053
55.925121,-4.420015
55.925067,-4.419084
55.924107,-4.419936
55.925957,-4.426871
55.926598,-4.426271
55.926499,-4.425336
55.927242,-4.428680
55.926695,-4.431368
55.924243,-4.418936
55.926597,-4.427215
55.926184,-4.427654
55.927008,-4.430074
55.926314,-4.431984
55.926970,-4.428327
55.926562,-4.416648
55.927317,-4.417111
55.928335,-4.416982
55.927637,-4.418652
55.928386,-4.417610
55.928177,-4.419085
55.928128,-4.421596
55.928938,-4.420173
55.929555,-4.417586
55.929409,-4.415848
55.928508,-4.416448
55.927871,-4.415000
55.928759,-4.414623
55.928486,-4.412525
55.929813,-4.416786
55.928000,-4.412991
55.927478,-4.415312
55.928531,-4.413440
55.920374,-4.409108
55.920549,-4.406141
55.922097,-4.411968
55.927193,-4.406922
55.927671,-4.406391
55.920651,-4.407828
55.928179,-4.406182
55.928154,-4.406517
55.928212,-4.407241
55.928261,-4.408845
55.927757,-4.407517
55.928919,-4.407861
55.930056,-4.408540
55.929188,-4.408774
55.929037,-4.409645
55.929443,-4.410455
55.927931,-4.411914
55.927286,-4.412754
55.927123,-4.411880
55.926313,-4.411477
55.926756,-4.414578
55.926939,-4.413037
55.927530,-4.413154
55.929880,-4.409714
55.931021,-4.408824
55.926361,-4.413177
55.931521,-4.408087
55.930889,-4.406831
55.929788,-4.407082
55.934720,-4.402105
55.930571,-4.409773
55.928595,-4.405584
55.926699,-4.405530
55.927394,-4.403540
55.926348,-4.406053
55.920518,-4.404939
55.919945,-4.404839
55.923823,-4.402775
55.927138,-4.403332
55.926840,-4.403394
55.925891,-4.404584
55.926135,-4.404535
55.925943,-4.405147
55.925678,-4.404458
55.930289,-4.420034
55.932168,-4.413570
55.933694,-4.411824
55.935875,-4.418845
55.926736,-4.432459
55.937761,-4.547708
55.937422,-4.547589
55.936951,-4.546005
55.944945,-4.569193
55.939638,-4.557744
55.939204,-4.558724
55.938692,-4.558306
55.939376,-4.558239
55.938184,-4.558961
55.937960,-4.558033
55.942400,-4.567967
55.942699,-4.567443
55.942132,-4.567021
55.942416,-4.566799
55.942792,-4.568153
55.941986,-4.566290
55.942242,-4.566083
55.946040,-4.563243
55.945623,-4.566019
55.938781,-4.544444
55.938205,-4.544470
55.938367,-4.544913
55.939174,-4.546311
55.937446,-4.544260
55.937796,-4.543386
55.941995,-4.565426
55.942480,-4.551589
55.942398,-4.550799
55.941983,-4.549138
55.942049,-4.548518
55.939961,-4.547788
55.937937,-4.559169
55.937157,-4.559037
55.941422,-4.552320
55.941436,-4.550351
55.941164,-4.550461
55.941165,-4.552591
55.941160,-4.551967
55.940395,-4.552429
55.941693,-4.551825
55.940275,-4.551284
55.940266,-4.550418
55.940622,-4.550170
55.940933,-4.551199
55.941026,-4.548483
55.939635,-4.544900
55.938518,-4.541944
55.937444,-4.537807
55.939777,-4.542331
55.941202,-4.546012
55.941462,-4.548239
55.940057,-4.544047
55.938219,-4.541204
55.940073,-4.549797
55.940299,-4.554072
55.941229,-4.555574
55.940833,-4.556461
55.940437,-4.557364
55.942231,-4.557979
55.941993,-4.558604
55.941322,-4.558479
55.940772,-4.558555
55.941147,-4.557779
55.942863,-4.558277
55.941023,-4.556842
55.941697,-4.556390
55.942015,-4.557100
55.942099,-4.556529
55.940442,-4.557140
55.941829,-4.555662
55.940727,-4.555958
55.940226,-4.556277
55.940818,-4.555467
55.939608,-4.555307
55.939648,-4.553805
55.939893,-4.558897
55.936054,-4.562807
55.940801,-4.560623
55.941966,-4.554726
55.942559,-4.556863
55.945663,-4.572252
55.939694,-4.560245
55.939537,-4.550034
55.942259,-4.555754
55.943571,-4.573010
55.943690,-4.572505
55.943310,-4.571759
55.942840,-4.571007
55.944315,-4.570096
55.943816,-4.570319
55.943289,-4.569291
55.944219,-4.569097
55.943038,-4.570140
55.942955,-4.568965
55.942943,-4.569509
55.942921,-4.567137
55.945959,-4.568844
55.943564,-4.567772
55.946089,-4.571671
55.946245,-4.571538
55.944676,-4.573468
55.944783,-4.573507
55.944448,-4.573629
55.944319,-4.573364
55.943705,-4.571785
55.943994,-4.572141
55.946186,-4.573936
55.946245,-4.565499
55.940671,-4.559525
55.943512,-4.567224
55.944093,-4.567807
55.944405,-4.566643
55.943314,-4.566811
55.942567,-4.560419
55.943409,-4.563550
55.941511,-4.561454
55.943744,-4.560833
55.943153,-4.558152
55.943415,-4.556791
55.942732,-4.556346
55.942295,-4.554892
55.942514,-4.555595
55.946161,-4.569065
55.946217,-4.569838
55.946275,-4.570931
55.946018,-4.570353
55.945932,-4.571020
55.944830,-4.572581
55.944921,-4.571642
55.944928,-4.570874
55.944545,-4.567725
55.944400,-4.570342
55.947134,-4.564245
55.947686,-4.562327
55.947863,-4.562002
55.948556,-4.562000
55.949672,-4.561049
55.950697,-4.563615
55.950188,-4.563902
55.946561,-4.556775
55.950700,-4.560892
55.951529,-4.559938
55.953558,-4.559159
55.953985,-4.558498
55.952852,-4.557238
55.951826,-4.556017
55.952137,-4.558360
55.952968,-4.558127
55.951920,-4.560124
55.952129,-4.561740
55.951076,-4.562231
55.950908,-4.563004
55.951357,-4.563851
55.951890,-4.563758
55.949285,-4.561952
55.951392,-4.565199
55.950913,-4.565744
55.949555,-4.561473
55.949925,-4.563164
55.954786,-4.558887
55.955077,-4.560476
55.951944,-4.566309
55.955720,-4.561945
55.954790,-4.560858
55.948387,-4.566202
55.957730,-4.570729
55.957254,-4.569865
55.951504,-4.566280
55.946988,-4.560903
55.947377,-4.560737
55.947976,-4.560040
55.947449,-4.562039
55.948230,-4.561258
55.948778,-4.561230
55.948286,-4.560685
55.949535,-4.559406
55.947349,-4.561664
55.949894,-4.559878
55.947713,-4.559301
55.951067,-4.559651
55.951253,-4.558494
55.948637,-4.560227
55.952408,-4.557417
55.950561,-4.558480
55.949472,-4.558569
55.950601,-4.557858
55.950905,-4.554482
55.950293,-4.552792
55.949781,-4.552342
55.949614,-4.553901
55.949938,-4.553858
55.950302,-4.555404
55.953659,-4.562097
55.948087,-4.572397
55.953936,-4.562612
55.942593,-4.547865
55.949779,-4.555481
55.946834,-4.562223
55.946821,-4.561581
55.946676,-4.561171
55.953762,-4.560598
55.954377,-4.562144
55.954949,-4.563143
55.956656,-4.566653
55.955559,-4.564930
55.949056,-4.559566
55.948864,-4.557551
55.948773,-4.559740
55.949378,-4.556576
55.949998,-4.556585
55.950207,-4.556070
55.949370,-4.556111
55.947695,-4.555856
55.949402,-4.557186
55.947321,-4.553942
55.948199,-4.555810
55.948004,-4.554788
55.948806,-4.554280
55.948614,-4.556157
55.949154,-4.554383
55.947711,-4.551581
55.949065,-4.551750
55.949302,-4.550292
55.948045,-4.551507
55.948510,-4.549888
55.948772,-4.551138
55.947199,-4.549401
55.946438,-4.549703
55.946040,-4.548508
55.945439,-4.548917
55.944520,-4.546854
55.947372,-4.550614
55.948338,-4.556892
55.944709,-4.548116
55.948204,-4.553391
55.945335,-4.547388
55.946060,-4.558375
55.944884,-4.554438
55.944412,-4.552469
55.943385,-4.549134
55.943942,-4.549155
55.944369,-4.548030
55.945123,-4.547214
55.945342,-4.554004
55.944646,-4.548128
55.943986,-4.550070
55.944676,-4.552310
55.946491,-4.552766
55.944520,-4.547703
55.945723,-4.553388
55.945854,-4.552276
55.946241,-4.551404
55.945350,-4.551458
55.944805,-4.549980
55.944680,-4.550821
55.945328,-4.552513
55.955950,-4.565164
55.956251,-4.564095
55.956651,-4.565595
55.956709,-4.567570
55.944001,-4.546292
55.943839,-4.547146
55.956931,-4.566383
55.943974,-4.548004
55.944640,-4.548864
55.943199,-4.547712
55.943045,-4.546886
55.943562,-4.545350
55.943761,-4.545715
55.943628,-4.542568
55.943066,-4.541490
55.943257,-4.542703
55.943191,-4.545037
55.943001,-4.544240
55.942328,-4.544164
55.943746,-4.541678
55.942756,-4.543455
55.941474,-4.542859
55.941732,-4.542155
55.941560,-4.540430
55.942533,-4.545539
55.941962,-4.540585
55.941597,-4.539952
55.941260,-4.540202
55.941010,-4.540971
55.940531,-4.540219
55.941137,-4.539169
55.940714,-4.539206
55.940250,-4.539928
55.940600,-4.541696
55.941524,-4.545248
55.941746,-4.544959
55.942796,-4.539374
55.944036,-4.541569
55.943850,-4.542742
55.940379,-4.541938
55.957249,-4.560604
55.953148,-4.564594
55.946829,-4.569830
55.947569,-4.567060
55.950303,-4.570013
55.949652,-4.568928
55.948642,-4.570816
55.949628,-4.567485
55.949683,-4.572166
55.947922,-4.570816
55.948613,-4.570029
55.948025,-4.569333
55.947153,-4.567225
55.943017,-4.538652
55.943729,-4.537673
55.939436,-4.536672
55.941608,-4.506098
55.944309,-4.518637
55.948095,-4.526427
55.943236,-4.537177
55.963714,-4.569107
55.935886,-4.528770
55.935449,-4.527284
55.935522,-4.525063
55.935666,-4.524608
55.936040,-4.523047
55.936125,-4.521500
55.936640,-4.521405
55.936245,-4.523557
55.937357,-4.522797
55.936377,-4.519723
55.938110,-4.521164
55.936680,-4.522945
55.936694,-4.518302
55.937694,-4.515565
55.937667,-4.517325
55.940318,-4.521708
55.936779,-4.520293
55.938898,-4.518669
55.935568,-4.516692
55.935603,-4.518904
55.938081,-4.519497
55.937216,-4.517840
55.951571,-4.554414
55.950523,-4.552535
55.970805,-4.579450
55.954355,-4.539763
55.948458,-4.545447
55.948770,-4.545179
55.956042,-4.550351
55.955151,-4.555147
55.957127,-4.556543
55.955757,-4.554562
55.956426,-4.555679
55.956183,-4.553516
55.957592,-4.555788
55.958813,-4.557134
55.958759,-4.555417
55.957163,-4.553917
55.956690,-4.552925
55.957199,-4.550876
55.956217,-4.551852
55.956856,-4.553977
55.960207,-4.556217
55.959591,-4.558211
55.956524,-4.557416
55.958238,-4.558410
55.956160,-4.552473
55.958427,-4.555811
55.954058,-4.548907
55.954245,-4.548567
55.955817,-4.548205
55.956026,-4.546793
55.956817,-4.547182
55.956444,-4.546116
55.956937,-4.545732
55.957362,-4.545183
55.957492,-4.548027
55.958218,-4.550719
55.957290,-4.549969
55.958057,-4.551108
55.957709,-4.551454
55.957113,-4.552440
55.957178,-4.553229
55.958447,-4.554419
55.959291,-4.554058
55.957918,-4.553070
55.957378,-4.553948
55.953577,-4.553056
55.952504,-4.552329
55.951724,-4.552277
55.952416,-4.553108
55.955159,-4.553481
55.955866,-4.552310
55.956565,-4.550241
55.955335,-4.552339
55.954644,-4.552310
55.953397,-4.552644
55.953048,-4.551692
55.953272,-4.551290
55.954859,-4.550610
55.953284,-4.548552
55.954043,-4.549643
55.953489,-4.548181
55.953930,-4.550773
55.953770,-4.547638
55.953454,-4.549011
55.954639,-4.546494
55.954097,-4.545289
55.952168,-4.547725
55.955127,-4.549826
55.954666,-4.548194
55.954557,-4.546953
55.953301,-4.547271
55.953047,-4.546069
55.954623,-4.548976
55.952374,-4.546906
55.951867,-4.546648
55.950796,-4.547139
55.950606,-4.547671
55.953194,-4.545502
55.950748,-4.546447
55.949527,-4.543771
55.949121,-4.543825
55.949460,-4.543062
55.949868,-4.542496
55.951158,-4.544007
55.950476,-4.543946
55.951007,-4.545214
55.949496,-4.545259
55.949777,-4.548209
55.946888,-4.545745
55.949696,-4.546874
55.947846,-4.540698
55.946590,-4.541465
55.945896,-4.547249
55.946963,-4.548216
55.948029,-4.548815
55.948771,-4.549440
55.946359,-4.544845
55.948218,-4.541411
55.947566,-4.544716
55.947390,-4.542798
55.946077,-4.544122
55.945727,-4.545396
55.949071,-4.539305
55.947482,-4.539216
55.969633,-4.575782
55.969431,-4.579006
55.947803,-4.539318
55.963676,-4.562759
55.950721,-4.539477
55.951118,-4.552430
55.947946,-4.547624
55.947233,-4.546488
55.944400,-4.570342
55.971504,-4.576548
55.960537,-4.534160
55.950257,-4.540167
55.953402,-4.557146
55.946992,-4.540722
55.947667,-4.540238
55.952398,-4.556151
55.953591,-4.557126
55.944851,-4.546027
55.960750,-4.564296
55.944405,-4.577438
55.945309,-4.578907
55.943663,-4.577645
55.943431,-4.577165
55.938498,-4.577525
55.943051,-4.582393
55.942741,-4.581779
55.940217,-4.579978
55.942277,-4.578609
55.940895,-4.578934
55.942029,-4.579698
55.941625,-4.578422
55.942303,-4.577794
55.939194,-4.578597
55.939979,-4.578473
55.942680,-4.576506
55.942812,-4.575810
55.942066,-4.580950
55.941742,-4.572360
55.940842,-4.572444
55.944772,-4.577062
55.938556,-4.579451
55.939918,-4.580534
55.946401,-4.579508
55.941442,-4.583278
55.940012,-4.585041
55.945277,-4.577816
55.945924,-4.577859
55.949315,-4.577732
55.946077,-4.576988
55.938819,-4.581502
55.939110,-4.580016
55.943418,-4.576059
55.975466,-4.583496
55.974441,-4.583523
55.974130,-4.582926
55.974969,-4.582356
55.946027,-4.582383
55.947377,-4.583129
55.946550,-4.587415
55.945618,-4.588153
55.946163,-4.588318
55.944238,-4.589663
55.944549,-4.581708
55.944286,-4.590355
55.943205,-4.588777
55.942597,-4.586911
55.942955,-4.586999
55.944895,-4.589194
55.943219,-4.585559
55.943748,-4.585194
55.943462,-4.586808
55.943967,-4.588460
55.945042,-4.587763
55.944435,-4.585832
55.944594,-4.584241
55.945503,-4.584654
55.946294,-4.585492
55.943595,-4.582605
55.945089,-4.586372
55.946687,-4.585630
55.946988,-4.588373
55.945810,-4.587157
55.945938,-4.589616
55.946156,-4.593331
55.946423,-4.589168
55.942817,-4.583706
55.946156,-4.593331
55.946165,-4.593331
55.959143,-4.598927
55.958937,-4.598464
55.957381,-4.588699
55.944735,-4.580134
55.944242,-4.581319
55.947093,-4.581236
55.947145,-4.582201
55.948352,-4.582522
55.947914,-4.585408
55.947591,-4.584938
55.945917,-4.593587
55.947994,-4.591836
55.947698,-4.590086
55.947190,-4.592487
55.947872,-4.580535
55.946780,-4.579438
55.947356,-4.593523
55.948426,-4.580284
55.966540,-4.581394
55.967291,-4.583303
55.967976,-4.584919
55.967429,-4.583601
55.967004,-4.584550
55.966725,-4.583714
55.966409,-4.583773
55.966118,-4.582664
55.965056,-4.583587
55.964184,-4.583160
55.965439,-4.582026
55.967049,-4.583271
55.966670,-4.579047
55.967024,-4.581923
55.967524,-4.582501
55.967863,-4.583021
55.964507,-4.581483
55.968198,-4.584197
55.968274,-4.583561
55.968718,-4.586828
55.969458,-4.584569
55.970447,-4.584539
55.970108,-4.585719
55.969024,-4.585534
55.970974,-4.585536
55.972304,-4.585160
55.972038,-4.586264
55.972006,-4.584756
55.971324,-4.584293
55.970560,-4.584274
55.968671,-4.584805
55.972675,-4.585009
55.969671,-4.585946
55.972461,-4.585780
55.965508,-4.580043
55.967631,-4.584656
55.964033,-4.580089
55.964441,-4.579491
55.968868,-4.588681
55.975304,-4.585649
55.973904,-4.582109
55.972318,-4.582324
55.971631,-4.583801
55.972776,-4.584502
55.972694,-4.582846
55.972968,-4.582608
55.973341,-4.582392
55.973282,-4.584777
55.972997,-4.585078
55.973805,-4.585982
55.972775,-4.583685
55.974481,-4.584632
55.974145,-4.583920
55.974999,-4.585196
55.975272,-4.586769
55.973837,-4.585343
55.974566,-4.590408
55.972795,-4.592983
55.976045,-4.585025
55.976141,-4.583909
55.978109,-4.582646
55.974294,-4.580677
55.974587,-4.581257
55.974548,-4.581848
55.976467,-4.583370
55.976012,-4.582763
55.975801,-4.579959
55.976574,-4.581229
55.976016,-4.580871
55.975176,-4.579774
55.971625,-4.582791
55.943001,-4.584776
55.964001,-4.578180
55.963693,-4.579137
55.967266,-4.581074
55.949463,-4.587401
55.949419,-4.588632
55.949729,-4.588844
55.950708,-4.586715
55.951119,-4.587271
55.951102,-4.588103
55.950082,-4.588307
55.950117,-4.587909
55.949912,-4.586967
55.950861,-4.588840
55.950677,-4.591615
55.950573,-4.587587
55.951050,-4.598240
55.951222,-4.591379
55.951155,-4.591999
55.951483,-4.590467
55.950446,-4.596613
55.951882,-4.591151
55.951733,-4.590116
55.952775,-4.588904
55.952405,-4.588527
55.952613,-4.587179
55.952575,-4.586856
55.951835,-4.586582
55.949576,-4.597789
55.952115,-4.586937
55.950627,-4.585861
55.948859,-4.587056
55.949136,-4.585857
55.951995,-4.587955
55.948361,-4.584637
55.963018,-4.654486
55.963606,-4.656401
55.951727,-4.602354
55.947043,-4.595168
55.947650,-4.596234
55.947764,-4.596786
55.948461,-4.597410
55.948939,-4.600757
55.948006,-4.605340
55.947689,-4.600321
55.947634,-4.598251
55.947882,-4.600126
55.947426,-4.600896
55.948445,-4.599859
55.948273,-4.600376
55.948097,-4.599323
55.949563,-4.598428
55.947914,-4.597773
55.949211,-4.596371
55.949294,-4.603056
55.949360,-4.604646
55.948381,-4.608008
55.958620,-4.632442
55.960732,-4.642520
55.963016,-4.645400
55.976234,-4.631716
55.951451,-4.620438
55.974513,-4.643669
55.972213,-4.658659
55.964931,-4.665370
55.967580,-4.671306
55.971414,-4.688448
55.979516,-4.676730
55.984729,-4.687448
55.987510,-4.665770
55.950229,-4.605601
55.990212,-4.656784
55.983067,-4.659260
55.951022,-4.606376
55.978069,-4.673007
55.950073,-4.601939
55.950010,-4.603216
55.951213,-4.602880
55.950044,-4.606710
55.964988,-4.648996
55.950132,-4.603833
55.951702,-4.605668
55.951884,-4.604720
55.948049,-4.593938
55.949933,-4.591549
55.950218,-4.597639
55.949651,-4.593389
55.950795,-4.599664
55.958745,-4.647160
55.957262,-4.647539
55.985007,-4.687067
55.958384,-4.647648
55.957158,-4.645273
55.960058,-4.648387
55.960069,-4.646609
55.958398,-4.644909
55.959190,-4.644835
55.959802,-4.644380
55.960725,-4.647022
55.959695,-4.649804
55.961381,-4.649936
55.964180,-4.654774
55.964979,-4.653178
55.965525,-4.655363
55.964977,-4.655790
55.964491,-4.655388
55.964708,-4.654906
55.964918,-4.654344
55.965526,-4.654081
55.965557,-4.654708
55.967046,-4.653208
55.966069,-4.650961
55.966423,-4.649559
55.964953,-4.655196
55.966437,-4.651435
55.965721,-4.652107
55.967482,-4.653815
55.959351,-4.649476
55.961044,-4.654768
55.967759,-4.652199
55.967860,-4.654610
55.961420,-4.651925
55.960884,-4.656359
55.960531,-4.654380
55.962965,-4.655716
55.963726,-4.657916
55.963702,-4.658619
55.961150,-4.653589
55.965013,-4.659094
55.965868,-4.661108
55.965909,-4.659652
55.965122,-4.658204
55.964591,-4.657414
55.965447,-4.657746
55.965820,-4.657915
55.967143,-4.659112
55.966574,-4.657967
55.966722,-4.657352
55.966750,-4.656473
55.968093,-4.656308
55.967412,-4.654563
55.967419,-4.658794
55.966588,-4.656093
55.965587,-4.655832
55.964899,-4.656891
55.964086,-4.655825
55.966785,-4.655305
55.962904,-4.653966
55.963623,-4.654784
55.963584,-4.653259
55.963305,-4.652839
55.963007,-4.653332
55.963692,-4.650767
55.966097,-4.659665
55.962896,-4.651417
55.963745,-4.652853
55.964184,-4.652130
55.964574,-4.651933
55.967175,-4.652624
55.964436,-4.649600
55.944400,-4.570342
55.944400,-4.570342
55.948511,-4.545947
55.948501,-4.545979
55.948501,-4.545979
55.948501,-4.545979
55.948501,-4.545979
55.948501,-4.545979
55.948501,-4.545979
55.948501,-4.545979
55.948501,-4.545979
55.948501,-4.545979
55.948501,-4.545979
55.948501,-4.545979
55.948501,-4.545979
55.948501,-4.545979
55.948501,-4.545979
55.948501,-4.545979
55.948501,-4.545979
55.948501,-4.545979
55.948501,-4.545979
55.948501,-4.545979
55.948501,-4.545979
55.948501,-4.545979
55.944470,-4.570459
55.948501,-4.545979
55.993068,-4.574327
55.983448,-4.580934
55.983743,-4.579687
55.987609,-4.580955
55.983044,-4.580875
55.983246,-4.581530
55.983791,-4.581694
55.984189,-4.581593
55.983262,-4.582942
55.983070,-4.584773
55.982009,-4.584397
55.984015,-4.580891
55.981513,-4.584893
55.981098,-4.585811
55.980637,-4.588955
55.980699,-4.585127
55.979514,-4.586331
55.979627,-4.585697
55.978924,-4.585746
55.979078,-4.584426
55.978243,-4.585252
55.981058,-4.583885
55.981508,-4.583434
55.982542,-4.582092
55.980214,-4.584710
55.982586,-4.582608
55.984683,-4.580327
55.987116,-4.583423
55.987347,-4.583567
55.986872,-4.584353
55.988880,-4.584198
55.987745,-4.584315
55.985157,-4.582587
55.985031,-4.582996
55.985925,-4.582382
55.985816,-4.584154
55.986812,-4.585936
55.986503,-4.583527
55.987321,-4.586099
55.987890,-4.585944
55.988839,-4.586152
55.988322,-4.584241
55.986226,-4.585577
55.989050,-4.583344
55.989230,-4.582923
55.988501,-4.581672
55.989072,-4.580587
55.989873,-4.578428
55.990068,-4.578521
55.990280,-4.580411
55.989718,-4.581929
55.989939,-4.582136
55.990674,-4.582233
55.990412,-4.582296
55.990009,-4.583488
55.990595,-4.581266
55.989832,-4.583380
55.987584,-4.587672
55.986700,-4.586554
55.990570,-4.583766
55.999163,-4.589296
55.998454,-4.588815
55.997849,-4.588502
55.996932,-4.588088
55.996333,-4.587936
55.995689,-4.587812
55.996661,-4.588615
55.996129,-4.588676
55.995600,-4.589041
55.995159,-4.587777
55.993693,-4.593388
55.996464,-4.590270
55.994492,-4.592159
55.993752,-4.592286
55.994183,-4.591481
55.995250,-4.592001
55.995290,-4.593094
55.994814,-4.593094
55.996612,-4.592221
55.996569,-4.591672
55.997860,-4.592705
55.997794,-4.591145
55.997638,-4.589996
55.997038,-4.589891
55.998390,-4.589292
55.997256,-4.591494
55.998812,-4.589320
55.998248,-4.590470
55.998952,-4.590356
55.999164,-4.590082
55.997661,-4.589340
55.998307,-4.592366
55.997408,-4.592835
55.995865,-4.593534
55.994345,-4.589326
55.995869,-4.590792
55.998491,-4.592635
55.986402,-4.586614
55.985389,-4.586082
55.983904,-4.584475
55.984624,-4.584427
55.994924,-4.589542
55.986369,-4.580471
55.994075,-4.577778
55.986444,-4.577751
55.987444,-4.579805
55.987118,-4.579046
55.987949,-4.581009
55.987871,-4.581309
55.987977,-4.581813
55.987612,-4.581660
55.984413,-4.581591
55.984956,-4.579720
55.984933,-4.581257
55.987163,-4.581631
55.986960,-4.581890
55.988042,-4.582587
55.988529,-4.582491
55.988824,-4.580010
55.989682,-4.576780
55.988829,-4.578455
55.988445,-4.579199
55.988792,-4.578949
55.987716,-4.579246
55.987876,-4.580187
55.987606,-4.577652
55.988096,-4.577828
55.988421,-4.578636
55.994172,-4.588545
55.993750,-4.587282
55.993892,-4.586474
55.994011,-4.585952
55.994525,-4.585008
55.995005,-4.586131
55.996193,-4.585633
55.995120,-4.584487
55.995270,-4.579076
55.995750,-4.579301
55.996337,-4.579179
55.995866,-4.578073
55.995641,-4.578074
55.994775,-4.579091
55.994820,-4.577827
55.995485,-4.576540
55.996211,-4.577888
55.996813,-4.577912
55.996418,-4.586915
55.998606,-4.585874
55.998233,-4.585224
55.999911,-4.585753
55.998994,-4.586638
55.998257,-4.587054
55.998601,-4.587831
56.000536,-4.583405
55.997144,-4.583130
56.000193,-4.584344
55.998789,-4.583978
55.998142,-4.581850
55.997704,-4.583023
55.999039,-4.583209
55.997146,-4.582200
55.996593,-4.582404
55.996237,-4.582236
55.997166,-4.581239
55.997631,-4.581350
55.981862,-4.579818
55.983470,-4.576430
55.982841,-4.578569
55.997111,-4.594980
55.983146,-4.576874
55.999380,-4.581948
55.982813,-4.577348
55.985300,-4.575718
55.983863,-4.575671
55.983116,-4.576166
55.995289,-4.594441
55.984287,-4.574769
55.983885,-4.574197
55.984304,-4.573921
55.984717,-4.579127
55.985784,-4.574500
55.992925,-4.580331
55.992879,-4.579927
55.994108,-4.578758
55.994140,-4.577221
55.992203,-4.575729
55.998621,-4.593718
55.993079,-4.591808
55.993436,-4.584647
55.992404,-4.582012
55.991929,-4.583680
55.992402,-4.581226
55.985505,-4.574962
55.985194,-4.575214
55.985178,-4.577281
55.985227,-4.575794
55.992201,-4.583105
55.991481,-4.582720
55.990994,-4.581966
55.991357,-4.580499
55.987285,-4.576219
55.992040,-4.580497
55.992520,-4.580753
55.992935,-4.582400
55.994075,-4.577778
55.994075,-4.577778
55.994075,-4.577778
56.201869,-4.744551
56.196341,-4.744994
56.196201,-4.747257
56.194159,-4.748127
56.194007,-4.747664
56.194008,-4.749261
56.184223,-4.770850
56.207357,-4.742330
56.209046,-4.749225
56.209009,-4.744432
56.206887,-4.750521
56.192488,-4.753746
56.186549,-4.784138
56.210104,-4.832521
56.199825,-4.745952
56.210257,-4.745699
56.193067,-4.751563
56.196610,-4.745400
56.162233,-4.777449
56.197346,-4.747081
56.195861,-4.745153
56.196014,-4.746341
56.210640,-4.747484
56.195470,-4.744529
56.202817,-4.723640
56.204083,-4.717618
56.204912,-4.712614
56.205026,-4.709832
56.205091,-4.710594
56.206074,-4.706745
56.189128,-4.700732
56.174202,-4.683232
56.219168,-4.698183
56.246920,-4.713131
56.199623,-4.706210
56.296960,-4.715418
56.296265,-4.715142
56.244637,-4.712308
56.328351,-4.721757
56.331891,-4.722608
56.304102,-4.720500
56.311768,-4.726253
56.001709,-4.567299
56.000575,-4.565620
56.000743,-4.565310
56.001209,-4.564539
56.001033,-4.562169
56.001479,-4.562792
56.000602,-4.563889
55.999317,-4.564718
55.999138,-4.565123
55.999719,-4.563141
56.000158,-4.563202
56.000880,-4.564341
55.999838,-4.564320
55.998259,-4.568064
55.998331,-4.565471
55.997913,-4.569597
55.999428,-4.564164
55.998489,-4.569988
55.999335,-4.570333
55.999956,-4.570743
56.001049,-4.573511
56.000101,-4.573720
55.999941,-4.574046
56.000362,-4.574523
56.001245,-4.574021
56.001395,-4.573261
56.000018,-4.574677
55.997688,-4.569598
56.002057,-4.560922
56.003334,-4.568658
56.002068,-4.572905
56.002131,-4.572460
55.997695,-4.570128
56.004939,-4.567978
56.004974,-4.566280
56.005058,-4.563559
56.004198,-4.563855
56.004191,-4.565041
56.003284,-4.564131
56.001957,-4.562263
56.002507,-4.562636
56.003765,-4.562655
56.004448,-4.563069
56.002592,-4.558968
56.002339,-4.563796
56.002715,-4.558255
56.004897,-4.557453
56.001558,-4.561595
56.001591,-4.560843
56.004627,-4.561397
56.001298,-4.560663
56.002963,-4.560164
56.003664,-4.559697
56.002288,-4.561034
56.002857,-4.561360
56.004179,-4.561319
56.022588,-4.623637
56.001831,-4.563554
56.003461,-4.574633
56.007482,-4.572302
56.010100,-4.574353
56.006468,-4.569235
56.007580,-4.568057
55.997641,-4.571006
56.005792,-4.568452
56.003774,-4.569120
56.003258,-4.570129
56.002466,-4.571070
56.007148,-4.568959
56.003701,-4.570864
56.001748,-4.570558
56.004621,-4.565102
56.000464,-4.572654
56.101623,-4.641156
56.005726,-4.566892
56.001017,-4.571135
56.004022,-4.574045
56.001704,-4.569255
56.001193,-4.567890
56.001060,-4.569068
56.001991,-4.585587
56.003951,-4.565779
56.002600,-4.566797
56.002211,-4.569048
56.002264,-4.566085
56.003385,-4.566640
56.003596,-4.568162
56.004192,-4.566293
56.002665,-4.564523
56.004434,-4.571923
56.004329,-4.573071
56.005184,-4.570898
56.003184,-4.567220
56.005292,-4.574739
56.005022,-4.573069
56.005731,-4.571817
56.006085,-4.573380
56.004814,-4.572237
56.005907,-4.572871
56.006966,-4.572043
56.006941,-4.573710
56.008155,-4.574096
56.009856,-4.574867
56.008038,-4.574537
56.007213,-4.574033
56.007527,-4.575321
56.007060,-4.574857
56.007890,-4.575570
56.008416,-4.575781
56.008954,-4.576283
56.008589,-4.577397
56.006542,-4.575592
56.008238,-4.575288
56.006587,-4.574296
56.006309,-4.573812
56.005956,-4.576532
56.005854,-4.575819
56.006970,-4.576600
56.005419,-4.575149
56.005005,-4.575137
56.004080,-4.577690
56.003297,-4.578167
56.003886,-4.578399
56.002598,-4.578057
56.003822,-4.579277
56.002823,-4.580205
56.002819,-4.582547
56.001487,-4.578352
56.009941,-4.576380
56.000844,-4.588847
55.999744,-4.577001
56.001597,-4.579530
56.004205,-4.578613
55.999346,-4.576685
55.999145,-4.575597
56.004299,-4.568080
56.013101,-4.574393
56.002577,-4.579098
56.025437,-4.584908
56.013847,-4.561911
56.014567,-4.551016
56.024240,-4.554816
56.033848,-4.546157
56.041718,-4.531887
56.043386,-4.524627
56.046516,-4.519676
56.002475,-4.568890
56.053179,-4.534438
56.053369,-4.550544
56.101150,-4.637231
56.003571,-4.580528
56.052654,-4.530677
56.005425,-4.567930
56.073402,-4.638581
56.086320,-4.638034
56.043248,-4.523911
56.096797,-4.644507
56.102086,-4.641380
56.101207,-4.637911
56.101644,-4.639340
56.111253,-4.685554
56.146291,-4.667648
56.153909,-4.731546
56.101783,-4.639591
55.998239,-4.572891
55.997653,-4.572563
55.997945,-4.574491
55.998875,-4.570880
55.999674,-4.571783
56.001625,-4.577767
56.000712,-4.577594
56.000179,-4.576436
55.998409,-4.571667
56.002007,-4.574954
55.999863,-4.576046
55.999055,-4.574308
56.000453,-4.578363
55.998472,-4.563475
56.000835,-4.578565
56.000778,-4.576155
56.000874,-4.575408
55.999095,-4.573236
56.005274,-4.591903
56.002406,-4.593651
56.001600,-4.576803
56.002019,-4.593674
56.001543,-4.593674
56.001580,-4.609765
56.001242,-4.591729
56.003699,-4.585589
55.995130,-4.596018
56.013461,-4.611096
56.016501,-4.619084
56.021571,-4.625782
56.027109,-4.630364
56.031275,-4.637727
56.038693,-4.644703
56.045710,-4.653615
56.063782,-4.648350
56.000635,-4.586844
56.001320,-4.585879
56.046033,-4.652818
56.017059,-4.530417
56.031444,-4.522739
56.038821,-4.528984
56.040023,-4.529095
56.039632,-4.529776
56.042173,-4.525960
56.041593,-4.522647
56.034882,-4.513716
56.036068,-4.502716
56.054281,-4.495432
56.036667,-4.488178
56.003157,-4.586997
56.002674,-4.587766
56.003441,-4.588010
56.000150,-4.586363
56.002057,-4.583715
56.002009,-4.586439
56.002783,-4.585143
56.001994,-4.582476
56.001689,-4.589288
56.010628,-4.577020
56.101398,-4.640320
55.975808,-4.556766
55.985316,-4.570669
55.984568,-4.571180
55.983566,-4.571419
55.983947,-4.570370
55.982639,-4.571437
55.984797,-4.568807
55.985349,-4.569068
55.984138,-4.568523
55.985740,-4.568020
55.985840,-4.569678
55.986403,-4.568961
55.984506,-4.569429
55.981692,-4.572897
55.987723,-4.566884
55.987092,-4.567404
55.988165,-4.568501
55.987169,-4.569750
55.986828,-4.570561
55.988343,-4.569058
55.989066,-4.568850
55.976511,-4.563176
55.988137,-4.569862
55.976101,-4.562123
55.975751,-4.561266
55.976262,-4.560466
55.988110,-4.570742
55.977091,-4.561643
55.978139,-4.561392
55.977623,-4.560717
55.976048,-4.567281
55.976007,-4.565819
55.975932,-4.565061
55.976106,-4.564079
55.977424,-4.565080
55.977265,-4.565791
55.978518,-4.567797
55.979208,-4.567875
55.979003,-4.566948
55.980240,-4.567110
55.980000,-4.568264
55.977565,-4.566964
55.981817,-4.565178
55.981520,-4.566521
55.980784,-4.564741
55.981668,-4.563694
55.980906,-4.567907
55.980828,-4.563462
55.979945,-4.566160
55.979394,-4.564585
55.992716,-4.566237
55.992817,-4.567864
55.993120,-4.567547
55.989279,-4.571125
55.988676,-4.569882
55.989752,-4.569120
55.989138,-4.567555
55.988061,-4.567051
55.990696,-4.569535
55.990399,-4.567864
55.989030,-4.570162
55.988737,-4.567802
55.988589,-4.566268
55.987816,-4.566313
55.990338,-4.565615
55.992058,-4.568471
55.991320,-4.566770
55.992716,-4.569653
55.993235,-4.571484
55.988223,-4.572626
55.986539,-4.572786
55.987857,-4.573371
55.987302,-4.573687
55.986008,-4.572414
55.994521,-4.569324
55.995420,-4.571468
55.996635,-4.572656
55.979593,-4.573126
55.979521,-4.573587
55.985533,-4.572752
55.982336,-4.573485
55.981373,-4.573117
55.980085,-4.573239
55.980728,-4.572994
55.977929,-4.579203
55.978154,-4.571877
55.977080,-4.570395
55.979592,-4.571892
55.979817,-4.569727
55.979323,-4.570576
55.980245,-4.571182
55.980449,-4.570009
55.981795,-4.569682
55.980974,-4.572834
55.981698,-4.570878
55.982127,-4.571451
55.975150,-4.569401
55.980795,-4.570673
55.990493,-4.572809
55.989385,-4.572094
55.981110,-4.570229
55.989721,-4.572341
55.980905,-4.571434
55.988982,-4.571602
55.989321,-4.572570
55.982430,-4.561195
55.981714,-4.561083
55.982039,-4.559261
55.980516,-4.558167
55.980015,-4.559801
55.978912,-4.573466
55.974833,-4.571255
55.981725,-4.557958
55.974211,-4.556628
56.003192,-4.542583
55.980631,-4.573372
56.013035,-4.503423
55.974647,-4.558997
55.980827,-4.573850
55.976132,-4.558935
55.977652,-4.558859
55.977406,-4.557304
55.978097,-4.555634
55.979702,-4.556654
55.979369,-4.557562
55.991447,-4.571461
55.971283,-4.568648
55.990369,-4.571454
55.974996,-4.556472
55.979113,-4.559052
55.991227,-4.571254
55.971291,-4.569995
55.981917,-4.574612
55.971528,-4.566372
55.970685,-4.568416
55.971028,-4.570971
55.973522,-4.569021
55.973937,-4.571549
55.972815,-4.569743
55.973801,-4.568126
55.972958,-4.567637
55.972218,-4.570361
55.972437,-4.567186
55.972385,-4.554536
55.972613,-4.564344
55.971554,-4.565540
55.972866,-4.558671
55.973171,-4.556944
55.971619,-4.555528
55.973162,-4.555629
55.972026,-4.553198
55.971688,-4.557391
56.080533,-4.827885
56.079624,-4.827144
56.080510,-4.828495
56.079337,-4.827910
56.078758,-4.828077
56.078400,-4.827986
56.078170,-4.827857
56.079750,-4.829098
56.080628,-4.828439
56.078775,-4.828480
56.080081,-4.830714
56.080729,-4.833831
56.080847,-4.831831
56.080529,-4.829621
56.080027,-4.829970
56.081115,-4.829953
56.081185,-4.831180
56.082468,-4.829329
56.082587,-4.828856
56.082793,-4.828083
56.082453,-4.826869
56.072766,-4.838485
55.991843,-4.850459
56.082196,-4.827107
56.082659,-4.826482
56.083510,-4.828586
56.083483,-4.826253
56.083999,-4.825696
56.083386,-4.825378
56.082371,-4.828068
56.083148,-4.825537
56.016998,-4.812323
56.085507,-4.835163
56.083603,-4.825297
56.014693,-4.809331
56.081588,-4.828124
56.080278,-4.826468
56.081516,-4.829292
56.081700,-4.829900
56.082670,-4.832302
56.083332,-4.831241
56.083946,-4.832299
56.083961,-4.833619
56.084243,-4.831887
56.084944,-4.834270
56.083363,-4.830697
56.084570,-4.834467
56.086005,-4.833431
56.087342,-4.833160
56.081588,-4.827352
56.084352,-4.831461
56.086088,-4.835334
56.085120,-4.834797
56.087149,-4.833724
56.084815,-4.834775
56.086747,-4.836347
56.076294,-4.827719
56.070473,-4.822873
56.080471,-4.837606
56.075779,-4.838787
56.064451,-4.841232
56.092600,-4.835910
56.099234,-4.839019
56.098263,-4.846442
56.102636,-4.842342
56.083442,-4.836265
56.100738,-4.837329
56.113290,-4.830129
56.126396,-4.817510
56.084674,-4.837015
56.079192,-4.828350
56.084612,-4.836174
55.989474,-4.839781
55.984699,-4.822274
55.984253,-4.822498
55.984026,-4.832760
55.984123,-4.835589
55.985401,-4.839819
55.985129,-4.837570
55.984100,-4.828388
55.986343,-4.841845
55.988436,-4.843842
55.988374,-4.841480
55.987012,-4.840515
55.986471,-4.843297
55.987993,-4.840843
55.990145,-4.843038
55.990038,-4.840256
55.986621,-4.836814
55.984745,-4.823769
55.988282,-4.839998
55.989902,-4.841480
55.987163,-4.815927
55.985072,-4.820490
55.985445,-4.819491
55.984863,-4.820202
55.987584,-4.816375
55.985647,-4.824412
55.983799,-4.801830
55.985153,-4.832650
55.986162,-4.839955
55.986742,-4.820980
55.986442,-4.822273
55.985694,-4.823565
55.986393,-4.837743
55.986171,-4.825893
55.984596,-4.830653
55.987386,-4.823833
55.988011,-4.823237
55.988642,-4.812154
55.988462,-4.805454
55.985222,-4.806037
55.983693,-4.803329
55.993923,-4.853772
55.986025,-4.815781
55.993347,-4.853826
55.992898,-4.853408
55.992064,-4.852545
55.988709,-4.849539
55.988393,-4.848457
55.988865,-4.848236
55.994799,-4.853211
55.994268,-4.852482
55.995985,-4.851294
56.016489,-4.864088
55.999260,-4.851182
56.001504,-4.851316
56.028035,-4.865457
56.003420,-4.851232
56.003944,-4.853084
56.004514,-4.852163
56.006694,-4.856592
56.000523,-4.850185
56.013722,-4.865150
56.025446,-4.865040
56.039111,-4.867274
56.045923,-4.872373
56.034324,-4.860561
56.028437,-4.862469
56.019703,-4.860747
55.994574,-4.844694
55.994889,-4.843899
55.992141,-4.851957
55.991000,-4.849595
56.022812,-4.816325
56.008646,-4.847222
56.008805,-4.803432
56.012603,-4.807174
56.014143,-4.808601
56.015002,-4.809980
56.016756,-4.812290
56.018740,-4.812755
56.021055,-4.814544
56.022700,-4.815691
56.021886,-4.816306
56.021536,-4.818255
56.016638,-4.814303
56.015456,-4.811714
56.024993,-4.819598
56.030811,-4.825385
56.050544,-4.838554
56.018621,-4.815218
55.999409,-4.793657
55.999808,-4.775608
55.993555,-4.772658
56.013945,-4.808218
56.044163,-4.834215
56.023728,-4.817933
56.017827,-4.812223
56.017844,-4.813027
56.007929,-4.799647
56.009190,-4.800733
56.008666,-4.800454
56.009765,-4.801914
56.010305,-4.801905
56.011160,-4.801453
56.010994,-4.803591
56.010747,-4.806173
56.012072,-4.802434
56.008848,-4.798767
56.011287,-4.802955
56.010599,-4.799246
56.011855,-4.796562
56.009857,-4.797492
56.010226,-4.798658
56.011919,-4.799294
56.009841,-4.798550
56.009360,-4.798387
56.008442,-4.798047
56.011701,-4.799792
56.083833,-4.834075
56.010950,-4.799609
56.004160,-4.736137
56.004160,-4.736137
56.004160,-4.736137
56.004160,-4.736137
56.004160,-4.736137
56.004160,-4.736137
56.004160,-4.736137
56.004160,-4.736137
56.004160,-4.736137
56.004160,-4.736137
56.004160,-4.736137
56.004160,-4.736137
56.004160,-4.736137
56.004160,-4.736137
56.004160,-4.736137
56.004160,-4.736137
56.004160,-4.736137
56.004160,-4.736137
56.004160,-4.736137
56.001889,-4.724651
56.001409,-4.723992
56.001735,-4.723469
56.001252,-4.722986
56.001430,-4.722213
56.000332,-4.721494
56.000766,-4.720562
55.999838,-4.720657
56.000966,-4.720063
56.000151,-4.719091
56.000759,-4.722503
56.000025,-4.719933
55.999382,-4.719711
56.000216,-4.716979
55.999692,-4.717487
56.000662,-4.719159
55.998991,-4.717486
55.999147,-4.716118
55.997627,-4.715770
55.997069,-4.714961
55.996688,-4.715127
55.998280,-4.715896
55.996138,-4.713998
55.998949,-4.713666
55.998958,-4.714484
55.999368,-4.713855
56.000076,-4.713135
56.000790,-4.714581
55.997249,-4.714541
56.001361,-4.713931
56.001688,-4.715847
56.002249,-4.715277
56.000362,-4.713203
56.009672,-4.729146
56.010185,-4.721000
56.001561,-4.717506
56.003285,-4.728984
56.003096,-4.727768
56.002812,-4.726000
56.002088,-4.723350
56.001989,-4.724193
56.002437,-4.722220
56.001903,-4.721171
56.001099,-4.720954
56.002643,-4.724303
56.001327,-4.721596
56.002446,-4.718980
56.001210,-4.715910
56.001401,-4.719869
56.000577,-4.716074
56.001855,-4.718457
56.000075,-4.714402
56.000154,-4.713638
55.999946,-4.713720
56.000973,-4.712797
56.003131,-4.731476
55.998330,-4.707479
55.993504,-4.696381
55.993192,-4.696263
56.005710,-4.728241
56.005457,-4.726266
56.005172,-4.724931
56.006113,-4.727933
55.993414,-4.697641
56.005983,-4.724041
56.005493,-4.725066
56.004840,-4.726560
56.004810,-4.723862
56.005814,-4.728441
56.005442,-4.723714
56.005087,-4.727973
56.006098,-4.727386
55.992382,-4.696720
55.991944,-4.695791
56.006908,-4.726128
56.007158,-4.724156
56.006205,-4.721731
56.007158,-4.722135
56.008065,-4.719712
56.006916,-4.719631
56.004781,-4.716593
56.006790,-4.717601
56.004366,-4.714655
56.004378,-4.718570
56.004753,-4.719912
56.006398,-4.719498
56.005013,-4.717075
56.005477,-4.718455
56.005239,-4.721085
55.997285,-4.708850
55.996822,-4.712731
55.997654,-4.712885
55.995236,-4.711256
55.994240,-4.708316
55.994892,-4.709741
55.995373,-4.709133
55.995057,-4.709207
55.996615,-4.711112
55.995116,-4.707319
55.996480,-4.709066
55.994961,-4.707404
55.996011,-4.706676
55.997458,-4.707098
55.997072,-4.707087
55.996710,-4.704752
55.995870,-4.706970
55.995009,-4.704825
55.999557,-4.702384
55.999728,-4.692917
55.995084,-4.701014
55.993243,-4.701767
56.005845,-4.702968
55.994349,-4.706640
56.002371,-4.710938
56.003212,-4.713580
56.003747,-4.716617
56.002747,-4.712232
56.004273,-4.713558
56.005720,-4.714798
56.006454,-4.714898
56.006187,-4.713580
56.006510,-4.712383
56.003278,-4.712221
56.006315,-4.711439
56.006087,-4.710380
56.005249,-4.710065
56.004489,-4.710269
56.005025,-4.711253
56.004893,-4.712350
56.005105,-4.713328
56.005638,-4.714023
56.005071,-4.714047
56.004013,-4.712288
56.005687,-4.712197
56.004294,-4.711795
56.005459,-4.711123
56.004032,-4.710637
56.004630,-4.712845
56.004573,-4.727263
56.003210,-4.711206
56.003432,-4.709713
56.002956,-4.732875
56.002504,-4.733421
56.002401,-4.732355
56.003153,-4.732103
56.002636,-4.731521
56.002431,-4.729806
56.002096,-4.728708
56.002457,-4.728605
56.002284,-4.728336
56.002005,-4.726296
56.002332,-4.726944
56.002348,-4.725855
56.002704,-4.730034
56.002916,-4.724948
56.003213,-4.726958
56.004604,-4.725452
56.004435,-4.725761
56.003682,-4.732574
56.003689,-4.732654
56.003929,-4.732784
56.004604,-4.729912
56.004311,-4.730148
56.004846,-4.729544
56.004080,-4.728816
56.005004,-4.731336
56.003880,-4.727262
56.004642,-4.728166
56.003911,-4.728323
56.003686,-4.726318
56.004111,-4.729412
56.003995,-4.725730
56.004009,-4.725089
56.003408,-4.724630
56.004458,-4.722266
56.003171,-4.720298
56.002688,-4.720232
56.003153,-4.718292
56.002506,-4.717075
56.003109,-4.723133
56.008986,-4.728889
56.002849,-4.721046
56.005385,-4.729967
56.006137,-4.730902
56.008673,-4.727167
56.001243,-4.718494
56.008760,-4.730574
56.008640,-4.729892
56.007671,-4.725347
56.008215,-4.723926
56.009531,-4.722943
56.009144,-4.724168
56.008093,-4.722938
56.008706,-4.722019
56.009527,-4.726361
56.010694,-4.726042
56.009346,-4.721134
56.010727,-4.722081
56.010615,-4.722683
56.011392,-4.726588
56.000518,-4.708146
56.000309,-4.707826
55.997504,-4.711560
56.000391,-4.709404
56.001032,-4.708470
55.997967,-4.712570
55.998012,-4.710505
55.998760,-4.712049
55.999318,-4.712441
55.998644,-4.711222
55.999017,-4.711425
55.998356,-4.709582
55.999026,-4.708138
55.998859,-4.705126
55.999639,-4.709704
55.998976,-4.710027
55.999611,-4.710969
56.000162,-4.710046
56.000607,-4.710638
55.998969,-4.709080
55.998502,-4.701717
55.997996,-4.701810
56.001098,-4.709582
55.997231,-4.703922
55.997883,-4.704914
55.997320,-4.702757
55.997771,-4.703495
56.004160,-4.736137
56.003945,-4.734886
56.003855,-4.735714
56.004661,-4.735851
56.003497,-4.735625
56.003518,-4.735899
56.004510,-4.734541
56.003413,-4.736164
56.003920,-4.737660
56.003498,-4.736828
56.003807,-4.738678
56.009433,-4.754046
56.004500,-4.739048
56.004112,-4.740320
56.004471,-4.740747
56.004372,-4.741959
56.005967,-4.746644
56.004825,-4.742199
56.005190,-4.741552
56.005681,-4.740110
56.005097,-4.739700
56.004602,-4.738478
56.004537,-4.737800
56.005905,-4.741346
56.004485,-4.737700
56.032185,-4.793474
56.005318,-4.742700
56.005978,-4.742907
56.006551,-4.743830
56.007522,-4.742599
56.008104,-4.743491
56.008214,-4.746226
56.007604,-4.744161
56.009335,-4.749980
56.007926,-4.747473
56.007938,-4.748934
56.007696,-4.751323
56.007851,-4.752842
56.007481,-4.752511
56.007462,-4.749718
56.007292,-4.747685
56.008565,-4.751449
56.008408,-4.754438
56.008611,-4.753811
56.007339,-4.752020
56.007057,-4.750155
56.008510,-4.748670
56.017306,-4.779721
56.007069,-4.742760
56.005623,-4.737443
56.006276,-4.739623
56.006478,-4.740616
56.006476,-4.742766
56.007130,-4.744031
56.005768,-4.745090
56.006864,-4.745119
56.005090,-4.743630
56.005517,-4.747478
56.006187,-4.747670
56.007260,-4.745099
56.004603,-4.743307
56.004912,-4.744756
56.005221,-4.746623
56.005373,-4.747885
56.006869,-4.746884
56.005679,-4.744618
56.006256,-4.745766
56.006301,-4.750598
56.013783,-4.756875
56.013070,-4.757016
56.030403,-4.790022
56.008705,-4.755630
56.006576,-4.749960
56.005864,-4.750439
56.006071,-4.749234
56.066775,-4.817525
56.036062,-4.799293
56.030000,-4.791951
56.022599,-4.779748
56.023370,-4.780237
56.023928,-4.781000
56.024530,-4.781043
56.023988,-4.780330
56.023398,-4.779806
56.022634,-4.781003
56.023361,-4.781440
56.024091,-4.781380
56.021735,-4.775802
56.022347,-4.775766
56.021152,-4.774171
56.011320,-4.759282
56.022465,-4.776513
56.011793,-4.755802
56.011118,-4.755080
56.013725,-4.759053
56.019375,-4.757225
56.016027,-4.759024
56.012391,-4.760434
56.016713,-4.779277
56.015788,-4.764880
56.014555,-4.765755
56.015087,-4.767655
56.014510,-4.774529
56.017590,-4.775071
56.016548,-4.770648
56.021223,-4.767821
56.015332,-4.771571
56.022846,-4.778354
56.021250,-4.779812
56.020317,-4.778525
56.019940,-4.779284
56.020720,-4.771797
56.019541,-4.778662
56.017737,-4.772129
56.019028,-4.771098
56.014299,-4.769524
56.017056,-4.784389
56.018581,-4.783760
56.021916,-4.784931
56.023394,-4.783963
56.025539,-4.785690
56.029275,-4.789411
56.037717,-4.801228
56.042995,-4.803955
56.045682,-4.805917
56.034203,-4.796879
56.050894,-4.808769
56.049839,-4.810090
56.057575,-4.809464
56.048412,-4.811977
56.006627,-4.752915
56.035959,-4.797889
56.005502,-4.752579
56.007864,-4.753437
56.007591,-4.753225
56.007830,-4.755793
56.009532,-4.757631
56.008782,-4.757818
56.006655,-4.753671
56.008288,-4.758633
56.007283,-4.756508
56.009299,-4.758833
56.006905,-4.756529
56.008879,-4.759910
56.012222,-4.761962
56.010658,-4.758353
56.009976,-4.759892
56.010192,-4.758672
56.011409,-4.756096
56.011574,-4.756781
56.010919,-4.755515
56.010801,-4.756357
56.009948,-4.756345
56.011251,-4.756341
56.009056,-4.755623
56.010581,-4.761396
56.009998,-4.754904
56.005823,-4.738981
56.031444,-4.793677
56.016813,-4.776075
56.016939,-4.776453
56.019582,-4.776033
56.017439,-4.779008
56.017389,-4.776822
56.017735,-4.777842
56.018449,-4.775663
56.018908,-4.775615
56.016858,-4.780026
56.017038,-4.780440
56.018588,-4.782637
56.018817,-4.776475
56.018959,-4.782118
56.018401,-4.781372
56.018311,-4.779777
56.018103,-4.779024
56.017739,-4.780057
56.019037,-4.779861
56.019606,-4.780143
56.020788,-4.780758
56.020046,-4.781362
56.018039,-4.777077
56.016769,-4.778414
56.008008,-4.760666
56.016815,-4.777551
56.003122,-4.734716
56.003630,-4.733693
56.003283,-4.733540
56.018871,-4.778084
56.019230,-4.774884
56.015980,-4.774715
56.004186,-4.734181
56.003953,-4.734518
56.004548,-4.733228
56.012339,-4.755504
56.006994,-4.751369
56.005184,-4.732519
56.004294,-4.732922
56.005555,-4.732834
56.005318,-4.732176
56.007789,-4.730971
56.006649,-4.732511
56.007686,-4.740461
56.019131,-4.777701
56.004566,-4.736486
56.005182,-4.736674
56.004954,-4.734797
56.005647,-4.735953
56.005020,-4.733855
56.005626,-4.734476
56.005900,-4.734303
56.005648,-4.733916
56.006013,-4.733252
56.005045,-4.734322
56.006835,-4.733871
56.004863,-4.738063
56.004996,-4.737335
56.006286,-4.736720
56.007412,-4.735420
56.006543,-4.738535
56.005391,-4.738598
56.007787,-4.737949
56.006137,-4.735362
56.006603,-4.737015
56.006757,-4.734957
56.006875,-4.738960
56.007289,-4.738107
56.006185,-4.734788
56.006710,-4.739493
56.007752,-4.739535
56.008152,-4.741344
56.007472,-4.738777
56.007219,-4.741679
56.008418,-4.741925
56.009987,-4.749753
56.008299,-4.744419
56.009450,-4.747661
56.004160,-4.736137
56.007491,-4.742388
56.071661,-4.785613
56.012949,-4.729747
56.013516,-4.733349
56.013542,-4.728922
56.014107,-4.733054
56.015984,-4.735962
56.013169,-4.731976
56.016196,-4.728804
56.017317,-4.729333
56.014677,-4.728408
56.015450,-4.728431
56.016643,-4.730954
56.014257,-4.730722
56.017167,-4.734088
56.016425,-4.725355
56.015974,-4.724232
56.014706,-4.728330
56.016232,-4.732883
56.012425,-4.728651
56.013610,-4.727868
56.014550,-4.727260
56.013027,-4.728228
56.015033,-4.725738
56.014694,-4.726436
56.014918,-4.722007
56.013996,-4.726676
56.015539,-4.733331
56.014791,-4.732990
56.015530,-4.733732
56.016008,-4.735274
56.013032,-4.727185
56.012514,-4.727052
56.011982,-4.726710
56.012614,-4.724556
56.017586,-4.730571
56.012746,-4.723074
56.013131,-4.724336
56.013303,-4.724701
56.012035,-4.723489
56.011322,-4.721593
56.012261,-4.721820
56.012803,-4.722099
56.013336,-4.721190
56.011635,-4.721263
56.013749,-4.721989
56.013289,-4.720432
56.014550,-4.720762
56.012858,-4.719231
56.012297,-4.719801
56.013831,-4.723599
56.012787,-4.718359
56.012504,-4.718949
56.012253,-4.717295
56.013543,-4.717915
56.013389,-4.722445
56.013575,-4.717275
56.008575,-4.714919
56.008274,-4.713887
56.008886,-4.713850
56.052047,-4.731000
56.032497,-4.686034
56.026861,-4.671967
56.022632,-4.658883
56.014588,-4.719448
56.010860,-4.715673
56.010622,-4.713394
56.010146,-4.713408
56.010354,-4.714546
56.007440,-4.711791
56.034129,-4.708366
56.007018,-4.710927
56.007151,-4.710214
56.006659,-4.710116
56.006768,-4.709209
56.009544,-4.713366
56.006409,-4.709617
56.006424,-4.708527
56.005631,-4.708199
56.005922,-4.707626
56.006299,-4.707251
56.006999,-4.707300
56.007441,-4.707652
56.008375,-4.706033
56.008168,-4.706852
56.008739,-4.709106
56.008739,-4.709106
56.008821,-4.711503
56.007720,-4.706789
56.016840,-4.735862
56.008060,-4.732129
56.008290,-4.711947
56.007617,-4.731841
56.008976,-4.731359
56.010530,-4.718377
56.010464,-4.716912
56.010238,-4.716977
56.011855,-4.719048
56.010608,-4.719345
56.008178,-4.733710
56.018265,-4.733604
56.008255,-4.733073
56.009558,-4.732251
56.011878,-4.731019
56.007696,-4.732745
56.008951,-4.733700
56.008688,-4.736216
56.009300,-4.733372
56.009415,-4.736685
56.009471,-4.737828
56.010550,-4.737407
56.009440,-4.731938
56.009677,-4.735821
56.010123,-4.737986
56.009477,-4.734315
56.010391,-4.733641
56.011687,-4.735562
56.011832,-4.734690
56.012164,-4.732692
56.010836,-4.730977
56.012747,-4.734803
56.011039,-4.732355
56.016795,-4.729392
56.012475,-4.732858
56.008651,-4.735460
56.008814,-4.736626
56.008958,-4.737455
56.009115,-4.738477
56.008038,-4.735160
56.007296,-4.734963
56.008178,-4.736533
56.008576,-4.738856
56.009069,-4.741345
56.009781,-4.739647
56.010291,-4.740132
56.011218,-4.739668
56.009539,-4.741234
56.011210,-4.740470
56.009303,-4.742950
56.008451,-4.741237
56.010472,-4.740915
56.010564,-4.741596
56.009315,-4.743208
56.010631,-4.742643
56.011483,-4.741933
56.009712,-4.742353
56.009201,-4.745895
56.010367,-4.745625
56.011274,-4.745240
56.011483,-4.743923
56.012246,-4.747202
56.012068,-4.745922
56.011235,-4.746585
56.014020,-4.745050
56.014712,-4.747088
56.012814,-4.744707
56.012459,-4.742885
56.011513,-4.747856
56.012137,-4.744034
56.013202,-4.747463
56.009821,-4.730938
56.010038,-4.728065
56.011598,-4.729026
56.019645,-4.751981
56.009883,-4.731407
56.010867,-4.736467
56.011589,-4.740770
56.011737,-4.738582
56.013280,-4.740312
56.010772,-4.731021
56.013187,-4.742471
56.014128,-4.741399
56.014668,-4.744614
56.015055,-4.745781
56.012554,-4.738223
56.015449,-4.746258
56.015606,-4.744857
56.012751,-4.741494
56.014154,-4.743856
56.013075,-4.743073
56.012592,-4.740151
56.015335,-4.734825
56.009176,-4.711319
56.009584,-4.711155
56.010094,-4.710020
56.010936,-4.709742
56.011035,-4.708513
56.010527,-4.706263
56.010775,-4.710934
56.011274,-4.707471
56.010366,-4.709525
56.010358,-4.705385
56.009738,-4.708631
56.010408,-4.707587
56.007692,-4.717055
56.008124,-4.717021
56.009657,-4.718460
56.008388,-4.716093
56.009358,-4.716915
55.868629,-4.241889
55.868629,-4.241889
55.868629,-4.241889
55.868629,-4.241889
55.868629,-4.241889
55.868629,-4.241889
55.868629,-4.241889
55.868629,-4.241889
55.868629,-4.241889
55.868629,-4.241889
55.868629,-4.241889
55.868629,-4.241889
55.874947,-4.224093
55.868629,-4.241889
55.868629,-4.241889
55.868629,-4.241889
55.868629,-4.241889
55.868629,-4.241889
55.868629,-4.241889
55.868629,-4.241889
55.868629,-4.241889
55.874947,-4.224093
55.868629,-4.241889
55.868629,-4.241889
55.868629,-4.241889
55.868629,-4.241889
55.868629,-4.241889
55.868629,-4.241889
55.868629,-4.241889
55.868629,-4.241889
55.868629,-4.241889
55.868687,-4.243635
55.868687,-4.243635
55.868687,-4.243635
